{
  "display": {
    "icon": {
      "item": "minecraft:gold_nugget",
      "nbt": "{CustomModelData:6030}"
    },
    "title": {
      "text": "Short Distances"
    },
    "description": [
      "",
      {
        "text": "Walk 500 meters."
      }
    ],
    "show_toast": true,
    "announce_to_chat": false
  },
  "parent": "lobby:root",
  "criteria": {
    "impossible": {
      "trigger": "impossible"
    }
  },
  "rewards": {
    "function": "lobby:costume/unlock/horse_brown"
  }
}
