{
  "display": {
    "icon": {
      "item": "minecraft:gold_nugget",
      "nbt": "{CustomModelData:6330}"
    },
    "title": {
      "text": "Longest Distances"
    },
    "description": [
      "",
      {
        "text": "Walk 5000 meters."
      }
    ],
    "show_toast": true,
    "announce_to_chat": false
  },
  "parent": "lobby:move/horse_gray",
  "criteria": {
    "impossible": {
      "trigger": "impossible"
    }
  },
  "rewards": {
    "function": "lobby:costume/unlock/horse_black"
  }
}
