{
    "parent": "lobby:unlocked/llama_white_decorated",
    "display": {
        "icon": {
            "item": "minecraft:leather_chestplate"
        },
        "title": {
            "text": "Unlocking Costumes"
        },
        "description": {
            "text": "Write the codes down somewhere safe so you don't lose them ^^\nCodes can be used in the basement."
        },
        "background": "minecraft:textures/block/orange_concrete.png",
        "show_toast": false,
        "announce_to_chat": false
    },
    "criteria": {
        "tick": {
            "trigger": "minecraft:tick"
        }
    }
}
