{
    "parent": "lobby:unlocked/zombie_villager",
    "display": {
        "icon": {
            "item": "minecraft:skeleton_skull"
        },
        "title": {
            "text": "Skeleton Costume"
        },
        "description": {
            "text": "Always unlocked."
        },
        "hidden": true,
        "show_toast": false,
        "announce_to_chat": false
    },
    "criteria": {
        "requirement": {
            "trigger": "minecraft:tick"
        }
    }
}
