{
  "display": {
    "icon": {
      "item": "minecraft:emerald"
    },
    "title": {
      "text": "Candy Baron"
    },
    "description": [
      "",
      {
        "text": "Reduce the fun of others by getting a stack of chocolate ceiling-high."
      }
    ],
    "show_toast": true,
    "announce_to_chat": false
  },
  "parent": "tot:door_knocker",
  "criteria": {
    "impossible": {
      "trigger": "impossible"
    }
  },
  "rewards": {
    "function": "lobby:costume/unlock/arch_illager"
  }
}
