{
  "display": {
    "icon": {
      "item": "minecraft:gold_nugget",
      "nbt": "{CustomModelData:6430}"
    },
    "title": {
      "text": "Lame Donkey"
    },
    "description": [
      "",
      {
        "text": "Get caught in the first few tunnel segments."
      }
    ],
    "show_toast": true,
    "announce_to_chat": false
  },
  "parent": "sr:spider_candy",
  "criteria": {
    "impossible": {
      "trigger": "impossible"
    }
  },
  "rewards": {
    "function": "lobby:costume/unlock/donkey"
  }
}
