{
  "display": {
    "icon": {
      "item": "minecraft:gold_block"
    },
    "title": {
      "text": "Treasure Room"
    },
    "description": [
      "",
      {
        "text": "Avoid the spider long enough to get a sweet financial reward."
      }
    ],
    "show_toast": true,
    "announce_to_chat": false
  },
  "parent": "sr:half_way",
  "criteria": {
    "impossible": {
      "trigger": "impossible"
    }
  },
  "rewards": {
    "function": "lobby:costume/unlock/cave_spider"
  }
}
