{"stats":{"minecraft:dropped":{"minecraft:iron_sword":2,"minecraft:porkchop":6,"minecraft:lapis_lazuli":57,"minecraft:cooked_beef":42,"minecraft:glow_ink_sac":3,"minecraft:baked_potato":20,"minecraft:cooked_porkchop":8,"minecraft:crossbow":1,"minecraft:leather":1,"minecraft:carrot_on_a_stick":1,"minecraft:dirt":58,"minecraft:mutton":3,"minecraft:gold_nugget":6,"minecraft:sand":1,"minecraft:iron_pickaxe":2,"minecraft:white_wool":4,"minecraft:gray_dye":128,"minecraft:bone":7,"minecraft:sugar_cane":98,"minecraft:rotten_flesh":41,"minecraft:oak_planks":4,"minecraft:carrot":163,"minecraft:poppy":11,"minecraft:tipped_arrow":1,"minecraft:leather_boots":1,"minecraft:leather_leggings":1,"minecraft:arrow":2,"minecraft:enchanted_book":3,"minecraft:bread":3,"minecraft:oak_slab":10,"minecraft:wheat_seeds":26,"minecraft:mossy_cobblestone":1,"minecraft:poisonous_potato":2,"minecraft:feather":3,"minecraft:lead":2,"minecraft:book":65,"minecraft:cobblestone":32,"minecraft:iron_helmet":3,"minecraft:waxed_copper_grate":2,"minecraft:apple":2,"minecraft:coal":6,"minecraft:stick":26,"minecraft:iron_block":1,"minecraft:torch":18,"minecraft:wooden_axe":1,"minecraft:diamond_helmet":3,"minecraft:iron_leggings":1,"minecraft:iron_axe":1,"minecraft:iron_shovel":1,"minecraft:chainmail_leggings":1,"minecraft:paper":27,"minecraft:pink_petals":64,"minecraft:bucket":1,"minecraft:acacia_planks":5,"minecraft:dandelion":1,"minecraft:tuff_bricks":2,"minecraft:oak_trapdoor":1,"minecraft:stone_sword":1,"minecraft:blaze_rod":1,"minecraft:composter":1,"minecraft:raw_iron":2,"minecraft:chicken":4,"minecraft:iron_boots":2,"minecraft:stone_slab":5,"minecraft:diamond_sword":2,"minecraft:potato":18,"minecraft:trial_key":1,"minecraft:diamond_chestplate":1,"minecraft:iron_chestplate":2,"minecraft:golden_leggings":1,"minecraft:oak_sapling":5,"minecraft:infested_stone":256,"minecraft:spider_eye":3,"minecraft:diamond_boots":2,"minecraft:bow":1,"minecraft:wooden_pickaxe":1,"minecraft:black_wool":1},"minecraft:picked_up":{"minecraft:iron_chestplate":19,"minecraft:flower_pot":1,"minecraft:anvil":2,"minecraft:stone_slab":5,"minecraft:lead":3,"minecraft:diamond_sword":18,"minecraft:oak_stairs":100,"minecraft:enchanted_book":4,"minecraft:golden_shovel":1,"minecraft:infested_stone":1102,"minecraft:golden_sword":3,"minecraft:stray_spawn_egg":1,"minecraft:string":5,"minecraft:raw_copper":4,"minecraft:iron_leggings":15,"minecraft:beetroot":1,"minecraft:diamond_leggings":6,"minecraft:gold_nugget":190,"minecraft:cobbled_deepslate":258,"minecraft:bucket":11,"minecraft:spruce_planks":70,"minecraft:trial_key":2,"minecraft:iron_pickaxe":13,"minecraft:iron_boots":16,"minecraft:furnace":8,"minecraft:golden_helmet":1,"minecraft:tipped_arrow":21,"minecraft:stick":280,"minecraft:composter":5,"minecraft:oak_fence":1,"minecraft:torch":55,"minecraft:acacia_log":18,"minecraft:porkchop":32,"minecraft:cherry_log":740,"minecraft:waxed_copper_grate":4,"minecraft:pointed_dripstone":62,"minecraft:diorite":3,"minecraft:cauldron":3,"minecraft:stone_sword":1,"minecraft:rotten_flesh":138,"minecraft:honey_bottle":2,"minecraft:iron_block":56,"minecraft:white_terracotta":3,"minecraft:blaze_rod":1,"minecraft:obsidian":10,"minecraft:cobblestone":972,"minecraft:pink_petals":1267,"minecraft:feather":3,"minecraft:cooked_beef":92,"minecraft:magma_cream":1,"minecraft:water_bucket":5,"minecraft:andesite":22,"minecraft:golden_leggings":2,"minecraft:potato":1172,"minecraft:smoker":9,"minecraft:flint":15,"minecraft:tuff":33,"minecraft:acacia_boat":1,"minecraft:dirt":2038,"minecraft:lapis_lazuli":197,"minecraft:lantern":50,"minecraft:name_tag":3,"minecraft:leather_boots":1,"minecraft:bone":64,"minecraft:acacia_planks":9,"minecraft:bow":5,"minecraft:wheat_seeds":40,"minecraft:diamond_helmet":12,"minecraft:fletching_table":3,"minecraft:mossy_stone_bricks":4,"minecraft:oak_planks":696,"minecraft:cooked_porkchop":18,"minecraft:poisonous_potato":4,"minecraft:sand":8,"minecraft:dead_bush":1,"minecraft:grass_block":1,"minecraft:mossy_cobblestone":11,"minecraft:iron_hoe":9,"minecraft:diamond":229,"minecraft:granite":25,"minecraft:crossbow":1,"minecraft:breeze_rod":18,"minecraft:bone_meal":187,"minecraft:golden_apple":1,"minecraft:bread":165,"minecraft:emerald":253,"minecraft:oak_sapling":17,"minecraft:netherrack":347,"minecraft:diamond_pickaxe":5,"minecraft:crafting_table":21,"minecraft:azure_bluet":3,"minecraft:chicken":4,"minecraft:ladder":4,"minecraft:leather_leggings":1,"minecraft:rabbit_stew":1,"minecraft:brick":68,"minecraft:shield":23,"minecraft:wind_charge":152,"minecraft:cornflower":1,"minecraft:oak_trapdoor":4,"minecraft:iron_axe":17,"minecraft:flint_and_steel":1,"minecraft:iron_shovel":9,"minecraft:cracked_stone_bricks":2,"minecraft:beef":42,"minecraft:oak_boat":10,"minecraft:poppy":85,"minecraft:lectern":41,"minecraft:sugar_cane":6551,"minecraft:chest":6,"minecraft:spruce_trapdoor":1,"minecraft:egg":3,"minecraft:raw_iron":12,"minecraft:oak_door":53,"minecraft:gray_dye":128,"minecraft:carrot":2476,"minecraft:arrow":198,"minecraft:diamond_chestplate":7,"minecraft:beetroot_seeds":4,"minecraft:diamond_boots":6,"minecraft:hay_block":61,"minecraft:gold_ingot":1,"minecraft:tuff_bricks":3,"minecraft:mutton":41,"minecraft:white_wool":19,"minecraft:oxeye_daisy":1,"minecraft:stripped_oak_log":168,"minecraft:crimson_stem":11,"minecraft:glow_ink_sac":3,"minecraft:leather":23,"minecraft:carrot_on_a_stick":1,"minecraft:oak_log":562,"minecraft:waxed_copper_block":1,"minecraft:yellow_bed":4,"minecraft:gunpowder":2,"minecraft:cobblestone_stairs":1,"minecraft:blue_bed":24,"minecraft:paper":775,"minecraft:cooked_mutton":1,"minecraft:apple":30,"minecraft:stone_bricks":6,"minecraft:iron_ingot":563,"minecraft:stone_pickaxe":1,"minecraft:cooked_chicken":18,"minecraft:stripped_oak_wood":13,"minecraft:iron_sword":7,"minecraft:book":775,"minecraft:scaffolding":5,"minecraft:oak_slab":280,"minecraft:quartz":237,"minecraft:dandelion":72,"minecraft:gravel":137,"minecraft:lava_bucket":4,"minecraft:white_bed":4,"minecraft:spruce_log":67,"minecraft:spruce_door":25,"minecraft:spider_eye":5,"minecraft:leather_helmet":1,"minecraft:stone_axe":1,"minecraft:chainmail_leggings":1,"minecraft:iron_helmet":19,"minecraft:diamond_axe":14,"minecraft:cherry_sapling":40,"minecraft:baked_potato":267,"minecraft:black_wool":1,"minecraft:coal":264},"minecraft:killed_by":{"minecraft:ghast":2,"minecraft:zombie_villager":1,"minecraft:zombified_piglin":9,"minecraft:creeper":3,"minecraft:zombie":1,"minecraft:player":10,"minecraft:iron_golem":4},"minecraft:mined":{"minecraft:spruce_planks":6,"minecraft:white_bed":5,"minecraft:farmland":7,"minecraft:cobblestone_stairs":1,"minecraft:cherry_log":583,"minecraft:brewing_stand":1,"minecraft:obsidian":10,"minecraft:granite":25,"minecraft:spruce_trapdoor":1,"minecraft:potted_dead_bush":1,"minecraft:acacia_log":18,"minecraft:grass_block":521,"minecraft:infested_cobblestone":1,"minecraft:chiseled_tuff_bricks":1,"minecraft:composter":4,"minecraft:tuff_bricks":3,"minecraft:weeping_vines_plant":1,"minecraft:fire":43,"minecraft:iron_ore":8,"minecraft:cobbled_deepslate":6,"minecraft:fletching_table":4,"minecraft:anvil":2,"minecraft:pointed_dripstone":2,"minecraft:dirt_path":58,"minecraft:oak_stairs":50,"minecraft:iron_block":7,"minecraft:crimson_nylium":1,"minecraft:smoker":7,"minecraft:torch":10,"minecraft:chest":5,"minecraft:nether_quartz_ore":80,"minecraft:cobblestone":115,"minecraft:sugar_cane":3480,"minecraft:oak_planks":151,"minecraft:wall_torch":3,"minecraft:cauldron":3,"minecraft:pink_petals":512,"minecraft:white_terracotta":1,"minecraft:stripped_oak_wood":13,"minecraft:waxed_copper_block":1,"minecraft:oak_log":544,"minecraft:sand":7,"minecraft:dirt":612,"minecraft:netherrack":254,"minecraft:oak_leaves":54,"minecraft:deepslate":250,"minecraft:nether_gold_ore":26,"minecraft:tuff":33,"minecraft:mossy_cobblestone":7,"minecraft:deepslate_diamond_ore":89,"minecraft:oak_door":32,"minecraft:decorated_pot":13,"minecraft:crimson_roots":2,"minecraft:crimson_stem":11,"minecraft:hay_block":61,"minecraft:oak_trapdoor":7,"minecraft:furnace":8,"minecraft:carrots":7,"minecraft:waxed_copper_grate":2,"minecraft:andesite":22,"minecraft:bookshelf":235,"minecraft:potatoes":312,"minecraft:stripped_oak_log":100,"minecraft:stone":482,"minecraft:white_wool":2,"minecraft:oak_slab":17,"minecraft:acacia_leaves":3,"minecraft:glass_pane":4,"minecraft:infested_stone_bricks":1,"minecraft:dandelion":10,"minecraft:spruce_door":18,"minecraft:crafting_table":17,"minecraft:cornflower":1,"minecraft:short_grass":263,"minecraft:lectern":38,"minecraft:tall_grass":72,"minecraft:copper_ore":1,"minecraft:lapis_ore":12,"minecraft:diorite":3,"minecraft:blue_bed":24,"minecraft:spruce_log":26,"minecraft:bee_nest":1,"minecraft:yellow_bed":5,"minecraft:coal_ore":139,"minecraft:cherry_leaves":36,"minecraft:gravel":154,"minecraft:cracked_stone_bricks":2,"minecraft:acacia_planks":10,"minecraft:stone_bricks":6,"minecraft:mossy_stone_bricks":4,"minecraft:infested_stone":245},"minecraft:killed":{"minecraft:zombified_piglin":30,"minecraft:spider":12,"minecraft:skeleton":23,"minecraft:chicken":2,"minecraft:silverfish":36,"minecraft:cat":1,"minecraft:wolf":1,"minecraft:magma_cube":8,"minecraft:piglin":3,"minecraft:pig":9,"minecraft:zombie_villager":4,"minecraft:iron_golem":66,"minecraft:creeper":6,"minecraft:sheep":21,"minecraft:pillager":1,"minecraft:zombie":48,"minecraft:stray":3,"minecraft:cow":19,"minecraft:horse":1,"minecraft:drowned":1,"minecraft:husk":7,"minecraft:rabbit":1,"minecraft:wandering_trader":1,"minecraft:breeze":4,"minecraft:villager":7,"minecraft:enderman":1},"minecraft:custom":{"minecraft:animals_bred":1,"minecraft:interact_with_crafting_table":149,"minecraft:open_barrel":10,"minecraft:bell_ring":417,"minecraft:leave_game":26,"minecraft:time_since_death":78684,"minecraft:sprint_one_cm":2364166,"minecraft:damage_blocked_by_shield":5218,"minecraft:drop":347,"minecraft:talked_to_villager":238,"minecraft:play_time":1358812,"minecraft:deaths":32,"minecraft:jump":13986,"minecraft:walk_on_water_one_cm":280133,"minecraft:enchant_item":125,"minecraft:interact_with_furnace":102,"minecraft:traded_with_villager":947,"minecraft:sleep_in_bed":70,"minecraft:open_enderchest":1,"minecraft:damage_dealt":100809,"minecraft:player_kills":12,"minecraft:crouch_one_cm":100074,"minecraft:interact_with_smoker":43,"minecraft:use_cauldron":6,"minecraft:interact_with_smithing_table":14,"minecraft:mob_kills":332,"minecraft:interact_with_anvil":52,"minecraft:inspect_hopper":15,"minecraft:damage_dealt_resisted":3426,"minecraft:climb_one_cm":80750,"minecraft:walk_one_cm":2611336,"minecraft:sneak_time":38952,"minecraft:walk_under_water_one_cm":485240,"minecraft:boat_one_cm":264800,"minecraft:total_world_time":1358812,"minecraft:interact_with_grindstone":18,"minecraft:time_since_rest":2863,"minecraft:damage_taken":26054,"minecraft:damage_absorbed":40,"minecraft:swim_one_cm":1511185,"minecraft:fly_one_cm":3055336,"minecraft:open_chest":1020,"minecraft:fall_one_cm":224730},"minecraft:crafted":{"minecraft:grindstone":1,"minecraft:oak_planks":3380,"minecraft:bookshelf":7,"minecraft:glass":24,"minecraft:diamond_helmet":4,"minecraft:diamond_leggings":3,"minecraft:iron_boots":6,"minecraft:chest":20,"minecraft:golden_boots":1,"minecraft:smoker":2,"minecraft:oak_slab":732,"minecraft:arrow":192,"minecraft:emerald":865,"minecraft:cauldron":1,"minecraft:cooked_porkchop":20,"minecraft:diamond_axe":2,"minecraft:crafting_table":20,"minecraft:spruce_planks":272,"minecraft:wooden_pickaxe":2,"minecraft:baked_potato":191,"minecraft:iron_helmet":6,"minecraft:spruce_door":9,"minecraft:smithing_table":1,"minecraft:fletching_table":4,"minecraft:spruce_trapdoor":4,"minecraft:lectern":5,"minecraft:iron_chestplate":6,"minecraft:book":18,"minecraft:paper":16178,"minecraft:diamond_pickaxe":3,"minecraft:shield":5,"minecraft:stick":9228,"minecraft:stone_slab":6,"minecraft:iron_ingot":659,"minecraft:iron_pickaxe":9,"minecraft:iron_block":3,"minecraft:gold_ingot":5,"minecraft:cherry_planks":2356,"minecraft:oak_door":15,"minecraft:iron_nugget":144,"minecraft:wind_charge":84,"minecraft:furnace":12,"minecraft:bone_meal":33,"minecraft:oak_trapdoor":10,"minecraft:flint_and_steel":2,"minecraft:lantern":48,"minecraft:iron_axe":10,"minecraft:ladder":30,"minecraft:iron_hoe":2,"minecraft:spruce_slab":6,"minecraft:stone_pickaxe":1,"minecraft:diamond_boots":2,"minecraft:wheat":549,"minecraft:cooked_beef":36,"minecraft:diamond_sword":4,"minecraft:iron_trapdoor":9,"minecraft:iron_sword":3,"minecraft:bucket":8,"minecraft:stone_axe":1,"minecraft:enchanted_book":19,"minecraft:acacia_boat":1,"minecraft:bread":183,"minecraft:air":0,"minecraft:oak_boat":2,"minecraft:white_dye":6,"minecraft:wooden_axe":2,"minecraft:iron_shovel":5,"minecraft:iron_leggings":6,"minecraft:anvil":1,"minecraft:acacia_planks":72,"minecraft:lapis_lazuli":36,"minecraft:diamond_chestplate":2},"minecraft:used":{"minecraft:iron_shovel":1167,"minecraft:ladder":26,"minecraft:poppy":1,"minecraft:chest":24,"minecraft:shield":71,"minecraft:white_terracotta":1,"minecraft:iron_sword":175,"minecraft:rotten_flesh":2,"minecraft:iron_chestplate":9,"minecraft:stray_spawn_egg":1,"minecraft:carrot":1,"minecraft:obsidian":10,"minecraft:glass":12,"minecraft:lava_bucket":90,"minecraft:grass_block":1,"minecraft:lantern":1,"minecraft:iron_helmet":16,"minecraft:bow":14,"minecraft:furnace":11,"minecraft:egg":3,"minecraft:potato":428,"minecraft:golden_boots":1,"minecraft:diorite":3,"minecraft:diamond_boots":4,"minecraft:spruce_door":25,"minecraft:infested_stone":266,"minecraft:oak_planks":440,"minecraft:stone_pickaxe":33,"minecraft:wooden_pickaxe":3,"minecraft:composter":4,"minecraft:sugar_cane":547,"minecraft:diamond_axe":512,"minecraft:blue_bed":24,"minecraft:white_wool":15,"minecraft:golden_apple":1,"minecraft:crossbow":17,"minecraft:bread":93,"minecraft:lectern":39,"minecraft:gravel":114,"minecraft:diamond_sword":467,"minecraft:grindstone":1,"minecraft:stripped_oak_wood":9,"minecraft:smithing_table":1,"minecraft:andesite":9,"minecraft:birch_log":6,"minecraft:oak_boat":9,"minecraft:bone_meal":22,"minecraft:oak_trapdoor":10,"minecraft:flint_and_steel":11,"minecraft:spruce_planks":71,"minecraft:cooked_chicken":7,"minecraft:netherrack":171,"minecraft:trial_key":1,"minecraft:oak_door":42,"minecraft:torch":34,"minecraft:dirt":1039,"minecraft:anvil":3,"minecraft:diamond_helmet":5,"minecraft:iron_hoe":325,"minecraft:wooden_axe":50,"minecraft:bookshelf":2,"minecraft:iron_block":8,"minecraft:iron_axe":2571,"minecraft:iron_boots":5,"minecraft:diamond_chestplate":6,"minecraft:cooked_beef":29,"minecraft:cobbled_deepslate":148,"minecraft:cherry_log":4,"minecraft:iron_leggings":6,"minecraft:pointed_dripstone":11,"minecraft:acacia_boat":2,"minecraft:water_bucket":71,"minecraft:baked_potato":208,"minecraft:cherry_planks":12,"minecraft:cauldron":6,"minecraft:fletching_table":7,"minecraft:cracked_stone_bricks":1,"minecraft:mossy_cobblestone":1,"minecraft:oak_slab":502,"minecraft:crafting_table":34,"minecraft:spruce_log":4,"minecraft:smoker":8,"minecraft:oak_log":2,"minecraft:diamond_pickaxe":788,"minecraft:apple":10,"minecraft:wind_charge":39,"minecraft:iron_pickaxe":1103,"minecraft:spruce_trapdoor":3,"minecraft:stone_axe":112,"minecraft:pink_petals":1216,"minecraft:cobblestone":276,"minecraft:porkchop":5,"minecraft:cooked_porkchop":14,"minecraft:bucket":166,"minecraft:yellow_bed":3,"minecraft:dandelion":37,"minecraft:diamond_leggings":6},"minecraft:broken":{"minecraft:iron_shovel":4,"minecraft:iron_boots":1,"minecraft:stone_axe":1,"minecraft:iron_hoe":1,"minecraft:iron_axe":7,"minecraft:iron_pickaxe":3,"minecraft:iron_helmet":1}},"DataVersion":3953}