{"stats":{"minecraft:used":{"minecraft:wheat_seeds":2,"minecraft:stone_sword":11,"minecraft:stone_pickaxe":16,"minecraft:spruce_planks":4,"minecraft:wooden_pickaxe":36,"minecraft:torch":1,"minecraft:dirt":2,"minecraft:sand":3,"minecraft:crafting_table":3,"minecraft:spruce_stairs":2,"minecraft:wooden_axe":159,"minecraft:iron_axe":6,"minecraft:cobblestone":1,"minecraft:oak_boat":3},"minecraft:mined":{"minecraft:spruce_planks":4,"minecraft:glass_pane":3,"minecraft:kelp_plant":1,"minecraft:grass_block":2,"minecraft:dead_bush":1,"minecraft:spruce_leaves":11,"minecraft:sugar_cane":4,"minecraft:spruce_stairs":3,"minecraft:seagrass":1,"minecraft:spruce_sapling":1,"minecraft:spruce_log":154,"minecraft:grass":12,"minecraft:sand":11,"minecraft:dirt":3,"minecraft:stone":52,"minecraft:fern":24},"minecraft:broken":{"minecraft:iron_axe":1,"minecraft:wooden_axe":2},"minecraft:killed_by":{"minecraft:skeleton":3,"minecraft:creeper":1,"minecraft:vex":1},"minecraft:dropped":{"minecraft:oak_log":137},"minecraft:custom":{"minecraft:interact_with_furnace":4,"minecraft:interact_with_crafting_table":8,"minecraft:play_one_minute":99644,"minecraft:leave_game":6,"minecraft:time_since_death":8981,"minecraft:sleep_in_bed":2,"minecraft:time_since_rest":9001,"minecraft:sprint_one_cm":169597,"minecraft:damage_taken":4063,"minecraft:walk_one_cm":181675,"minecraft:drop":3,"minecraft:damage_dealt":562,"minecraft:talked_to_villager":1,"minecraft:swim_one_cm":3322,"minecraft:fly_one_cm":172975,"minecraft:open_chest":10,"minecraft:crouch_one_cm":972,"minecraft:deaths":12,"minecraft:sneak_time":683,"minecraft:walk_under_water_one_cm":5993,"minecraft:boat_one_cm":154185,"minecraft:jump":989,"minecraft:walk_on_water_one_cm":21131,"minecraft:fall_one_cm":27386},"minecraft:picked_up":{"minecraft:wooden_axe":6,"minecraft:iron_chestplate":1,"minecraft:wooden_pickaxe":2,"minecraft:potato":8,"minecraft:oak_log":19,"minecraft:dirt":4,"minecraft:iron_leggings":1,"minecraft:wheat_seeds":9,"minecraft:spruce_planks":5,"minecraft:iron_ingot":11,"minecraft:stone_pickaxe":4,"minecraft:oak_boat":2,"minecraft:sugar_cane":18,"minecraft:iron_boots":1,"minecraft:stick":45,"minecraft:torch":5,"minecraft:spruce_stairs":4,"minecraft:sand":9,"minecraft:spruce_sapling":16,"minecraft:spruce_log":171,"minecraft:spruce_door":2,"minecraft:stone_sword":1,"minecraft:stone_axe":1,"minecraft:spruce_boat":2,"minecraft:bread":6,"minecraft:cobblestone":127},"minecraft:crafted":{"minecraft:oak_planks":20,"minecraft:crafting_table":3,"minecraft:spruce_planks":16,"minecraft:wooden_pickaxe":1,"minecraft:stone_axe":1,"minecraft:oak_boat":1,"minecraft:iron_axe":1,"minecraft:stick":12,"minecraft:iron_ingot":2,"minecraft:wooden_axe":3,"minecraft:stone_sword":1}},"DataVersion":2230}