{"stats":{"minecraft:mined":{"minecraft:smooth_red_sandstone":139},"minecraft:used":{"minecraft:smooth_red_sandstone":9,"minecraft:diamond_pickaxe":139},"minecraft:custom":{"minecraft:jump":70,"minecraft:time_since_rest":15846,"minecraft:leave_game":1,"minecraft:sprint_one_cm":35915,"minecraft:play_time":15846,"minecraft:time_since_death":15846,"minecraft:walk_one_cm":55837,"minecraft:total_world_time":15846,"minecraft:talked_to_villager":1,"minecraft:fall_one_cm":418,"minecraft:fly_one_cm":9156}},"DataVersion":3120}