{"stats":{"minecraft:killed":{"minecraft:zombie":2},"minecraft:used":{"minecraft:wheat_seeds":2,"minecraft:stone_sword":11,"minecraft:stone_pickaxe":16,"minecraft:spruce_planks":37,"minecraft:wooden_pickaxe":36,"minecraft:iron_sword":12,"minecraft:rotten_flesh":1,"minecraft:torch":1,"minecraft:dirt":2,"minecraft:sand":3,"minecraft:crafting_table":4,"minecraft:spruce_stairs":2,"minecraft:wooden_axe":159,"minecraft:iron_axe":20,"minecraft:cobblestone":1,"minecraft:oak_boat":3},"minecraft:mined":{"minecraft:spruce_planks":5,"minecraft:glass_pane":3,"minecraft:kelp_plant":1,"minecraft:oak_fence":1,"minecraft:crafting_table":1,"minecraft:grass_block":2,"minecraft:dead_bush":1,"minecraft:spruce_leaves":25,"minecraft:sugar_cane":4,"minecraft:spruce_stairs":3,"minecraft:seagrass":1,"minecraft:purple_bed":1,"minecraft:spruce_sapling":1,"minecraft:spruce_log":157,"minecraft:grass":12,"minecraft:sand":12,"minecraft:dirt":3,"minecraft:stone":52,"minecraft:fern":24},"minecraft:broken":{"minecraft:iron_axe":1,"minecraft:wooden_axe":2},"minecraft:killed_by":{"minecraft:player":10,"minecraft:skeleton":4,"minecraft:creeper":1,"minecraft:vex":1},"minecraft:dropped":{"minecraft:iron_ingot":2,"minecraft:oak_log":137,"minecraft:stick":1,"minecraft:spruce_boat":1,"minecraft:spruce_sapling":2},"minecraft:custom":{"minecraft:interact_with_furnace":4,"minecraft:mob_kills":2,"minecraft:interact_with_crafting_table":10,"minecraft:play_one_minute":125588,"minecraft:leave_game":7,"minecraft:time_since_death":4245,"minecraft:sleep_in_bed":4,"minecraft:time_since_rest":4265,"minecraft:sprint_one_cm":239352,"minecraft:damage_taken":7464,"minecraft:walk_one_cm":276526,"minecraft:drop":7,"minecraft:damage_dealt":2274,"minecraft:talked_to_villager":1,"minecraft:swim_one_cm":4347,"minecraft:fly_one_cm":204043,"minecraft:player_kills":10,"minecraft:open_chest":11,"minecraft:crouch_one_cm":2212,"minecraft:deaths":24,"minecraft:sneak_time":1208,"minecraft:walk_under_water_one_cm":7854,"minecraft:boat_one_cm":207355,"minecraft:jump":1324,"minecraft:walk_on_water_one_cm":26781,"minecraft:fall_one_cm":37228},"minecraft:picked_up":{"minecraft:wooden_axe":7,"minecraft:crafting_table":1,"minecraft:iron_chestplate":1,"minecraft:wooden_pickaxe":2,"minecraft:potato":8,"minecraft:oak_log":19,"minecraft:dirt":4,"minecraft:iron_axe":2,"minecraft:iron_leggings":1,"minecraft:wheat_seeds":9,"minecraft:spruce_planks":107,"minecraft:iron_ingot":11,"minecraft:stone_pickaxe":4,"minecraft:oak_boat":2,"minecraft:iron_pickaxe":3,"minecraft:sugar_cane":18,"minecraft:iron_sword":2,"minecraft:iron_boots":1,"minecraft:stick":49,"minecraft:torch":5,"minecraft:spruce_stairs":4,"minecraft:sand":10,"minecraft:spruce_sapling":16,"minecraft:spruce_log":174,"minecraft:spruce_door":2,"minecraft:stone_sword":1,"minecraft:purple_bed":1,"minecraft:rotten_flesh":5,"minecraft:spruce_boat":2,"minecraft:stone_axe":1,"minecraft:bread":6,"minecraft:cobblestone":127},"minecraft:crafted":{"minecraft:oak_planks":20,"minecraft:crafting_table":3,"minecraft:spruce_planks":16,"minecraft:wooden_pickaxe":1,"minecraft:stone_axe":1,"minecraft:oak_boat":1,"minecraft:iron_axe":1,"minecraft:stick":12,"minecraft:iron_ingot":2,"minecraft:wooden_axe":3,"minecraft:stone_sword":1}},"DataVersion":2230}