{"stats":{"minecraft:killed":{"minecraft:spider":5,"minecraft:skeleton":14,"minecraft:chicken":2,"minecraft:silverfish":1,"minecraft:cat":1,"minecraft:magma_cube":7,"minecraft:piglin":2,"minecraft:pig":9,"minecraft:zombie_villager":2,"minecraft:iron_golem":52,"minecraft:creeper":3,"minecraft:sheep":19,"minecraft:zombie":23,"minecraft:cow":18,"minecraft:wandering_trader":1,"minecraft:villager":4},"minecraft:dropped":{"minecraft:iron_sword":1,"minecraft:porkchop":6,"minecraft:cooked_beef":42,"minecraft:cooked_porkchop":8,"minecraft:carrot_on_a_stick":1,"minecraft:dirt":48,"minecraft:mutton":1,"minecraft:iron_pickaxe":1,"minecraft:white_wool":2,"minecraft:bone":7,"minecraft:sugar_cane":94,"minecraft:rotten_flesh":4,"minecraft:oak_planks":4,"minecraft:carrot":162,"minecraft:poppy":11,"minecraft:arrow":2,"minecraft:bread":3,"minecraft:oak_slab":10,"minecraft:wheat_seeds":25,"minecraft:iron_helmet":2,"minecraft:feather":3,"minecraft:cobblestone":5,"minecraft:book":64,"minecraft:stick":13,"minecraft:torch":16,"minecraft:wooden_axe":1,"minecraft:iron_leggings":1,"minecraft:pink_petals":64,"minecraft:acacia_planks":4,"minecraft:oak_trapdoor":1,"minecraft:chicken":4,"minecraft:iron_boots":1,"minecraft:diamond_sword":1,"minecraft:iron_chestplate":1,"minecraft:golden_leggings":1,"minecraft:oak_sapling":5,"minecraft:spider_eye":3,"minecraft:bow":1,"minecraft:wooden_pickaxe":1,"minecraft:black_wool":1},"minecraft:mined":{"minecraft:white_bed":2,"minecraft:farmland":5,"minecraft:cherry_log":583,"minecraft:brewing_stand":1,"minecraft:obsidian":10,"minecraft:granite":23,"minecraft:acacia_log":18,"minecraft:grass_block":512,"minecraft:composter":4,"minecraft:weeping_vines_plant":1,"minecraft:iron_ore":2,"minecraft:fire":28,"minecraft:fletching_table":2,"minecraft:pointed_dripstone":2,"minecraft:dirt_path":55,"minecraft:oak_stairs":50,"minecraft:smoker":5,"minecraft:crimson_nylium":1,"minecraft:torch":8,"minecraft:chest":5,"minecraft:cobblestone":43,"minecraft:oak_planks":146,"minecraft:sugar_cane":3448,"minecraft:wall_torch":3,"minecraft:cauldron":3,"minecraft:pink_petals":512,"minecraft:stripped_oak_wood":13,"minecraft:oak_log":544,"minecraft:sand":7,"minecraft:dirt":584,"minecraft:netherrack":189,"minecraft:oak_leaves":54,"minecraft:deepslate":8,"minecraft:nether_gold_ore":10,"minecraft:mossy_cobblestone":5,"minecraft:deepslate_diamond_ore":38,"minecraft:oak_door":32,"minecraft:crimson_roots":2,"minecraft:crimson_stem":11,"minecraft:hay_block":61,"minecraft:oak_trapdoor":3,"minecraft:furnace":7,"minecraft:carrots":7,"minecraft:bookshelf":235,"minecraft:potatoes":160,"minecraft:stripped_oak_log":100,"minecraft:stone":282,"minecraft:white_wool":2,"minecraft:oak_slab":17,"minecraft:acacia_leaves":3,"minecraft:glass_pane":4,"minecraft:infested_stone_bricks":1,"minecraft:dandelion":9,"minecraft:crafting_table":14,"minecraft:cornflower":1,"minecraft:short_grass":254,"minecraft:lectern":29,"minecraft:tall_grass":71,"minecraft:blue_bed":16,"minecraft:yellow_bed":3,"minecraft:coal_ore":134,"minecraft:cherry_leaves":36,"minecraft:gravel":138,"minecraft:cracked_stone_bricks":2,"minecraft:acacia_planks":10,"minecraft:stone_bricks":6,"minecraft:mossy_stone_bricks":4},"minecraft:custom":{"minecraft:interact_with_crafting_table":98,"minecraft:bell_ring":31,"minecraft:leave_game":14,"minecraft:time_since_death":100,"minecraft:sprint_one_cm":1444055,"minecraft:damage_blocked_by_shield":3834,"minecraft:drop":256,"minecraft:talked_to_villager":146,"minecraft:play_time":801406,"minecraft:deaths":15,"minecraft:jump":7762,"minecraft:walk_on_water_one_cm":146168,"minecraft:interact_with_furnace":55,"minecraft:traded_with_villager":548,"minecraft:sleep_in_bed":47,"minecraft:damage_dealt":66324,"minecraft:player_kills":7,"minecraft:crouch_one_cm":69610,"minecraft:interact_with_smoker":26,"minecraft:use_cauldron":1,"minecraft:mob_kills":165,"minecraft:inspect_hopper":1,"minecraft:climb_one_cm":26183,"minecraft:walk_one_cm":1797975,"minecraft:sneak_time":23525,"minecraft:walk_under_water_one_cm":317633,"minecraft:boat_one_cm":248829,"minecraft:total_world_time":801406,"minecraft:time_since_rest":124,"minecraft:damage_taken":12889,"minecraft:swim_one_cm":949680,"minecraft:fly_one_cm":1668405,"minecraft:open_chest":419,"minecraft:fall_one_cm":118540},"minecraft:crafted":{"minecraft:oak_planks":3380,"minecraft:bookshelf":6,"minecraft:glass":12,"minecraft:iron_boots":3,"minecraft:chest":19,"minecraft:golden_boots":1,"minecraft:smoker":2,"minecraft:oak_slab":732,"minecraft:emerald":518,"minecraft:cauldron":1,"minecraft:cooked_porkchop":20,"minecraft:diamond_axe":1,"minecraft:crafting_table":11,"minecraft:wooden_pickaxe":2,"minecraft:baked_potato":91,"minecraft:iron_helmet":3,"minecraft:fletching_table":4,"minecraft:lectern":4,"minecraft:iron_chestplate":3,"minecraft:book":18,"minecraft:paper":7310,"minecraft:diamond_pickaxe":1,"minecraft:shield":3,"minecraft:stick":9080,"minecraft:iron_ingot":16,"minecraft:iron_pickaxe":5,"minecraft:gold_ingot":5,"minecraft:cherry_planks":2356,"minecraft:oak_door":15,"minecraft:iron_nugget":144,"minecraft:furnace":5,"minecraft:bone_meal":27,"minecraft:oak_trapdoor":10,"minecraft:flint_and_steel":2,"minecraft:lantern":24,"minecraft:iron_axe":10,"minecraft:ladder":30,"minecraft:iron_hoe":2,"minecraft:stone_pickaxe":1,"minecraft:wheat":549,"minecraft:cooked_beef":36,"minecraft:diamond_sword":2,"minecraft:iron_trapdoor":9,"minecraft:iron_sword":1,"minecraft:bucket":5,"minecraft:stone_axe":1,"minecraft:enchanted_book":6,"minecraft:acacia_boat":1,"minecraft:bread":183,"minecraft:air":0,"minecraft:oak_boat":2,"minecraft:wooden_axe":2,"minecraft:iron_shovel":5,"minecraft:iron_leggings":3,"minecraft:acacia_planks":72},"minecraft:killed_by":{"minecraft:creeper":2,"minecraft:zombie":1,"minecraft:player":7,"minecraft:iron_golem":4},"minecraft:used":{"minecraft:iron_shovel":1167,"minecraft:poppy":1,"minecraft:ladder":26,"minecraft:chest":24,"minecraft:shield":51,"minecraft:iron_sword":56,"minecraft:iron_chestplate":6,"minecraft:obsidian":10,"minecraft:lava_bucket":23,"minecraft:iron_helmet":14,"minecraft:furnace":10,"minecraft:egg":1,"minecraft:potato":418,"minecraft:golden_boots":1,"minecraft:stone_pickaxe":33,"minecraft:oak_planks":440,"minecraft:wooden_pickaxe":3,"minecraft:composter":4,"minecraft:blue_bed":17,"minecraft:diamond_axe":251,"minecraft:sugar_cane":547,"minecraft:white_wool":15,"minecraft:bread":93,"minecraft:lectern":31,"minecraft:gravel":114,"minecraft:diamond_sword":258,"minecraft:stripped_oak_wood":9,"minecraft:birch_log":6,"minecraft:oak_boat":2,"minecraft:bone_meal":22,"minecraft:oak_trapdoor":9,"minecraft:flint_and_steel":11,"minecraft:netherrack":74,"minecraft:oak_door":41,"minecraft:torch":33,"minecraft:dirt":1003,"minecraft:iron_hoe":325,"minecraft:wooden_axe":50,"minecraft:bookshelf":2,"minecraft:iron_axe":2523,"minecraft:iron_boots":3,"minecraft:cooked_beef":28,"minecraft:cobbled_deepslate":1,"minecraft:cherry_log":4,"minecraft:iron_leggings":6,"minecraft:pointed_dripstone":11,"minecraft:acacia_boat":2,"minecraft:water_bucket":21,"minecraft:baked_potato":53,"minecraft:cherry_planks":12,"minecraft:cauldron":6,"minecraft:fletching_table":6,"minecraft:cracked_stone_bricks":1,"minecraft:oak_slab":502,"minecraft:crafting_table":23,"minecraft:smoker":6,"minecraft:oak_log":2,"minecraft:diamond_pickaxe":215,"minecraft:apple":3,"minecraft:iron_pickaxe":541,"minecraft:stone_axe":112,"minecraft:pink_petals":1216,"minecraft:cobblestone":92,"minecraft:cooked_porkchop":14,"minecraft:bucket":46,"minecraft:yellow_bed":3,"minecraft:dandelion":2},"minecraft:broken":{"minecraft:iron_shovel":4,"minecraft:iron_boots":1,"minecraft:stone_axe":1,"minecraft:iron_hoe":1,"minecraft:iron_axe":7,"minecraft:iron_pickaxe":2,"minecraft:iron_helmet":1},"minecraft:picked_up":{"minecraft:iron_chestplate":14,"minecraft:diamond_sword":8,"minecraft:oak_stairs":100,"minecraft:enchanted_book":1,"minecraft:golden_shovel":1,"minecraft:golden_sword":1,"minecraft:string":2,"minecraft:iron_leggings":15,"minecraft:beetroot":1,"minecraft:gold_nugget":49,"minecraft:cobbled_deepslate":15,"minecraft:bucket":9,"minecraft:iron_pickaxe":10,"minecraft:iron_boots":12,"minecraft:furnace":7,"minecraft:stick":89,"minecraft:composter":4,"minecraft:oak_fence":1,"minecraft:torch":52,"minecraft:acacia_log":18,"minecraft:porkchop":32,"minecraft:cherry_log":740,"minecraft:pointed_dripstone":62,"minecraft:cauldron":3,"minecraft:rotten_flesh":41,"minecraft:obsidian":10,"minecraft:cobblestone":454,"minecraft:pink_petals":1267,"minecraft:feather":3,"minecraft:cooked_beef":86,"minecraft:magma_cream":1,"minecraft:water_bucket":1,"minecraft:golden_leggings":2,"minecraft:smoker":6,"minecraft:potato":579,"minecraft:flint":14,"minecraft:acacia_boat":1,"minecraft:dirt":1941,"minecraft:bone":20,"minecraft:acacia_planks":8,"minecraft:bow":3,"minecraft:wheat_seeds":39,"minecraft:mossy_stone_bricks":4,"minecraft:fletching_table":2,"minecraft:oak_planks":643,"minecraft:cooked_porkchop":18,"minecraft:poisonous_potato":2,"minecraft:sand":7,"minecraft:mossy_cobblestone":8,"minecraft:iron_hoe":8,"minecraft:diamond":72,"minecraft:granite":23,"minecraft:bone_meal":187,"minecraft:emerald":134,"minecraft:bread":133,"minecraft:oak_sapling":17,"minecraft:netherrack":182,"minecraft:crafting_table":19,"minecraft:azure_bluet":3,"minecraft:chicken":4,"minecraft:shield":17,"minecraft:cornflower":1,"minecraft:oak_trapdoor":3,"minecraft:iron_axe":12,"minecraft:iron_shovel":8,"minecraft:cracked_stone_bricks":2,"minecraft:beef":36,"minecraft:oak_boat":3,"minecraft:poppy":74,"minecraft:lectern":32,"minecraft:sugar_cane":6516,"minecraft:chest":5,"minecraft:egg":1,"minecraft:raw_iron":2,"minecraft:oak_door":52,"minecraft:carrot":2475,"minecraft:arrow":20,"minecraft:beetroot_seeds":4,"minecraft:hay_block":61,"minecraft:mutton":25,"minecraft:white_wool":17,"minecraft:oxeye_daisy":1,"minecraft:stripped_oak_log":168,"minecraft:crimson_stem":11,"minecraft:leather":21,"minecraft:carrot_on_a_stick":1,"minecraft:oak_log":562,"minecraft:yellow_bed":3,"minecraft:gunpowder":2,"minecraft:blue_bed":13,"minecraft:paper":336,"minecraft:apple":16,"minecraft:stone_bricks":6,"minecraft:iron_ingot":382,"minecraft:stone_pickaxe":1,"minecraft:stripped_oak_wood":13,"minecraft:iron_sword":4,"minecraft:book":774,"minecraft:oak_slab":280,"minecraft:dandelion":22,"minecraft:gravel":133,"minecraft:lava_bucket":3,"minecraft:spider_eye":5,"minecraft:leather_helmet":1,"minecraft:stone_axe":1,"minecraft:iron_helmet":16,"minecraft:diamond_axe":6,"minecraft:cherry_sapling":40,"minecraft:baked_potato":34,"minecraft:black_wool":1,"minecraft:coal":136}},"DataVersion":3953}