{"stats":{"minecraft:picked_up":{"minecraft:pumpkin_seeds":4,"minecraft:lime_dye":6,"minecraft:nether_wart":6,"minecraft:slime_ball":2,"minecraft:apple":12,"minecraft:gold_nugget":1,"minecraft:gunpowder":9,"minecraft:pink_dye":8,"minecraft:spider_eye":21},"minecraft:mined":{"minecraft:smooth_red_sandstone":139},"minecraft:killed":{"minecraft:silverfish":4,"minecraft:spider":19,"minecraft:rabbit":6,"minecraft:zombified_piglin":1,"minecraft:slime":2,"minecraft:creeper":5},"minecraft:used":{"minecraft:diamond_pickaxe":139,"minecraft:bow":56,"minecraft:written_book":5,"minecraft:iron_axe":107,"minecraft:carrot_on_a_stick":2,"minecraft:smooth_red_sandstone":9},"minecraft:custom":{"minecraft:open_chest":1,"minecraft:time_since_rest":38787,"minecraft:crouch_one_cm":339,"minecraft:sprint_one_cm":117745,"minecraft:play_time":38787,"minecraft:walk_one_cm":131380,"minecraft:sneak_time":111,"minecraft:walk_under_water_one_cm":262,"minecraft:mob_kills":66,"minecraft:jump":496,"minecraft:damage_dealt":6288,"minecraft:leave_game":2,"minecraft:time_since_death":38787,"minecraft:walk_on_water_one_cm":2117,"minecraft:climb_one_cm":2084,"minecraft:total_world_time":38787,"minecraft:damage_resisted":2672,"minecraft:talked_to_villager":2,"minecraft:fall_one_cm":9310,"minecraft:fly_one_cm":100611}},"DataVersion":3120}