{"stats":{"minecraft:killed":{"minecraft:spider":6,"minecraft:skeleton":17,"minecraft:chicken":2,"minecraft:silverfish":1,"minecraft:cat":1,"minecraft:magma_cube":7,"minecraft:piglin":2,"minecraft:pig":9,"minecraft:zombie_villager":2,"minecraft:iron_golem":52,"minecraft:creeper":3,"minecraft:sheep":19,"minecraft:zombie":27,"minecraft:stray":3,"minecraft:cow":18,"minecraft:husk":7,"minecraft:wandering_trader":1,"minecraft:breeze":4,"minecraft:villager":4,"minecraft:enderman":1},"minecraft:dropped":{"minecraft:iron_sword":1,"minecraft:porkchop":6,"minecraft:lapis_lazuli":57,"minecraft:cooked_beef":42,"minecraft:cooked_porkchop":8,"minecraft:carrot_on_a_stick":1,"minecraft:dirt":48,"minecraft:mutton":1,"minecraft:iron_pickaxe":1,"minecraft:white_wool":2,"minecraft:bone":7,"minecraft:sugar_cane":95,"minecraft:rotten_flesh":4,"minecraft:oak_planks":4,"minecraft:carrot":162,"minecraft:poppy":11,"minecraft:arrow":2,"minecraft:bread":3,"minecraft:oak_slab":10,"minecraft:wheat_seeds":26,"minecraft:feather":3,"minecraft:book":64,"minecraft:cobblestone":10,"minecraft:iron_helmet":2,"minecraft:waxed_copper_grate":2,"minecraft:coal":6,"minecraft:stick":13,"minecraft:iron_block":1,"minecraft:torch":16,"minecraft:wooden_axe":1,"minecraft:iron_leggings":1,"minecraft:pink_petals":64,"minecraft:bucket":1,"minecraft:acacia_planks":4,"minecraft:tuff_bricks":2,"minecraft:oak_trapdoor":1,"minecraft:chicken":4,"minecraft:iron_boots":1,"minecraft:diamond_sword":2,"minecraft:trial_key":1,"minecraft:iron_chestplate":1,"minecraft:golden_leggings":1,"minecraft:oak_sapling":5,"minecraft:spider_eye":3,"minecraft:bow":1,"minecraft:wooden_pickaxe":1,"minecraft:black_wool":1},"minecraft:mined":{"minecraft:spruce_planks":6,"minecraft:white_bed":2,"minecraft:farmland":5,"minecraft:cherry_log":583,"minecraft:brewing_stand":1,"minecraft:obsidian":10,"minecraft:granite":25,"minecraft:spruce_trapdoor":1,"minecraft:potted_dead_bush":1,"minecraft:acacia_log":18,"minecraft:grass_block":514,"minecraft:chiseled_tuff_bricks":1,"minecraft:composter":4,"minecraft:tuff_bricks":3,"minecraft:weeping_vines_plant":1,"minecraft:cobbled_deepslate":5,"minecraft:iron_ore":4,"minecraft:fire":29,"minecraft:fletching_table":2,"minecraft:pointed_dripstone":2,"minecraft:dirt_path":55,"minecraft:oak_stairs":50,"minecraft:crimson_nylium":1,"minecraft:smoker":5,"minecraft:torch":9,"minecraft:chest":5,"minecraft:cobblestone":49,"minecraft:sugar_cane":3477,"minecraft:oak_planks":146,"minecraft:wall_torch":3,"minecraft:cauldron":3,"minecraft:pink_petals":512,"minecraft:waxed_copper_block":1,"minecraft:stripped_oak_wood":13,"minecraft:oak_log":544,"minecraft:sand":7,"minecraft:dirt":590,"minecraft:netherrack":189,"minecraft:oak_leaves":54,"minecraft:deepslate":242,"minecraft:nether_gold_ore":10,"minecraft:tuff":33,"minecraft:mossy_cobblestone":5,"minecraft:deepslate_diamond_ore":89,"minecraft:oak_door":32,"minecraft:decorated_pot":13,"minecraft:crimson_roots":2,"minecraft:crimson_stem":11,"minecraft:hay_block":61,"minecraft:oak_trapdoor":3,"minecraft:furnace":7,"minecraft:carrots":7,"minecraft:waxed_copper_grate":2,"minecraft:andesite":22,"minecraft:bookshelf":235,"minecraft:potatoes":160,"minecraft:stripped_oak_log":100,"minecraft:stone":389,"minecraft:white_wool":2,"minecraft:oak_slab":17,"minecraft:acacia_leaves":3,"minecraft:glass_pane":4,"minecraft:infested_stone_bricks":1,"minecraft:dandelion":9,"minecraft:spruce_door":3,"minecraft:crafting_table":15,"minecraft:cornflower":1,"minecraft:short_grass":255,"minecraft:lectern":30,"minecraft:tall_grass":71,"minecraft:copper_ore":1,"minecraft:lapis_ore":2,"minecraft:diorite":3,"minecraft:blue_bed":16,"minecraft:bee_nest":1,"minecraft:yellow_bed":3,"minecraft:coal_ore":139,"minecraft:cherry_leaves":36,"minecraft:gravel":138,"minecraft:cracked_stone_bricks":2,"minecraft:acacia_planks":10,"minecraft:stone_bricks":6,"minecraft:mossy_stone_bricks":4},"minecraft:custom":{"minecraft:interact_with_crafting_table":119,"minecraft:open_barrel":10,"minecraft:bell_ring":31,"minecraft:leave_game":17,"minecraft:time_since_death":33023,"minecraft:sprint_one_cm":1682046,"minecraft:damage_blocked_by_shield":4374,"minecraft:drop":271,"minecraft:talked_to_villager":156,"minecraft:play_time":936185,"minecraft:deaths":17,"minecraft:jump":9582,"minecraft:walk_on_water_one_cm":177098,"minecraft:enchant_item":7,"minecraft:interact_with_furnace":75,"minecraft:traded_with_villager":636,"minecraft:sleep_in_bed":51,"minecraft:damage_dealt":72637,"minecraft:player_kills":9,"minecraft:crouch_one_cm":70813,"minecraft:interact_with_smoker":27,"minecraft:use_cauldron":3,"minecraft:interact_with_smithing_table":7,"minecraft:mob_kills":188,"minecraft:interact_with_anvil":7,"minecraft:inspect_hopper":5,"minecraft:damage_dealt_resisted":360,"minecraft:climb_one_cm":35104,"minecraft:walk_one_cm":1998852,"minecraft:sneak_time":24513,"minecraft:walk_under_water_one_cm":357400,"minecraft:boat_one_cm":261971,"minecraft:total_world_time":936185,"minecraft:time_since_rest":264,"minecraft:damage_taken":16634,"minecraft:damage_absorbed":40,"minecraft:swim_one_cm":1204878,"minecraft:fly_one_cm":2027058,"minecraft:open_chest":615,"minecraft:fall_one_cm":147185},"minecraft:crafted":{"minecraft:oak_planks":3380,"minecraft:bookshelf":6,"minecraft:glass":12,"minecraft:diamond_helmet":3,"minecraft:diamond_leggings":2,"minecraft:iron_boots":4,"minecraft:chest":20,"minecraft:golden_boots":1,"minecraft:smoker":2,"minecraft:oak_slab":732,"minecraft:emerald":606,"minecraft:cauldron":1,"minecraft:cooked_porkchop":20,"minecraft:diamond_axe":2,"minecraft:crafting_table":16,"minecraft:spruce_planks":244,"minecraft:wooden_pickaxe":2,"minecraft:baked_potato":91,"minecraft:iron_helmet":4,"minecraft:spruce_door":3,"minecraft:smithing_table":1,"minecraft:fletching_table":4,"minecraft:spruce_trapdoor":4,"minecraft:lectern":4,"minecraft:iron_chestplate":4,"minecraft:book":18,"minecraft:paper":9869,"minecraft:diamond_pickaxe":2,"minecraft:shield":4,"minecraft:stick":9212,"minecraft:iron_ingot":48,"minecraft:iron_pickaxe":5,"minecraft:gold_ingot":5,"minecraft:cherry_planks":2356,"minecraft:oak_door":15,"minecraft:iron_nugget":144,"minecraft:wind_charge":84,"minecraft:furnace":12,"minecraft:bone_meal":33,"minecraft:oak_trapdoor":10,"minecraft:flint_and_steel":2,"minecraft:lantern":24,"minecraft:iron_axe":10,"minecraft:ladder":30,"minecraft:iron_hoe":2,"minecraft:stone_pickaxe":1,"minecraft:diamond_boots":1,"minecraft:wheat":549,"minecraft:cooked_beef":36,"minecraft:diamond_sword":3,"minecraft:iron_trapdoor":9,"minecraft:iron_sword":1,"minecraft:bucket":7,"minecraft:stone_axe":1,"minecraft:enchanted_book":6,"minecraft:acacia_boat":1,"minecraft:bread":183,"minecraft:air":0,"minecraft:oak_boat":2,"minecraft:white_dye":6,"minecraft:wooden_axe":2,"minecraft:iron_shovel":5,"minecraft:iron_leggings":4,"minecraft:acacia_planks":72,"minecraft:diamond_chestplate":1},"minecraft:killed_by":{"minecraft:creeper":2,"minecraft:zombie":1,"minecraft:player":9,"minecraft:iron_golem":4},"minecraft:used":{"minecraft:iron_shovel":1167,"minecraft:ladder":26,"minecraft:poppy":1,"minecraft:chest":24,"minecraft:shield":60,"minecraft:iron_sword":57,"minecraft:iron_chestplate":7,"minecraft:obsidian":10,"minecraft:lava_bucket":35,"minecraft:grass_block":1,"minecraft:iron_helmet":14,"minecraft:furnace":10,"minecraft:egg":1,"minecraft:potato":418,"minecraft:golden_boots":1,"minecraft:diorite":3,"minecraft:diamond_boots":3,"minecraft:spruce_door":3,"minecraft:oak_planks":440,"minecraft:stone_pickaxe":33,"minecraft:wooden_pickaxe":3,"minecraft:composter":4,"minecraft:blue_bed":17,"minecraft:diamond_axe":275,"minecraft:sugar_cane":547,"minecraft:white_wool":15,"minecraft:golden_apple":1,"minecraft:bread":93,"minecraft:lectern":32,"minecraft:gravel":114,"minecraft:diamond_sword":379,"minecraft:stripped_oak_wood":9,"minecraft:smithing_table":1,"minecraft:birch_log":6,"minecraft:andesite":9,"minecraft:oak_boat":8,"minecraft:bone_meal":22,"minecraft:oak_trapdoor":9,"minecraft:flint_and_steel":11,"minecraft:spruce_planks":71,"minecraft:netherrack":74,"minecraft:trial_key":1,"minecraft:oak_door":41,"minecraft:torch":33,"minecraft:dirt":1003,"minecraft:diamond_helmet":2,"minecraft:iron_hoe":325,"minecraft:wooden_axe":50,"minecraft:bookshelf":2,"minecraft:iron_axe":2531,"minecraft:iron_boots":4,"minecraft:diamond_chestplate":3,"minecraft:cooked_beef":28,"minecraft:cobbled_deepslate":145,"minecraft:cherry_log":4,"minecraft:iron_leggings":6,"minecraft:pointed_dripstone":11,"minecraft:acacia_boat":2,"minecraft:water_bucket":57,"minecraft:baked_potato":99,"minecraft:cherry_planks":12,"minecraft:cauldron":6,"minecraft:fletching_table":6,"minecraft:cracked_stone_bricks":1,"minecraft:oak_slab":502,"minecraft:crafting_table":29,"minecraft:smoker":6,"minecraft:oak_log":2,"minecraft:diamond_pickaxe":534,"minecraft:apple":3,"minecraft:wind_charge":30,"minecraft:iron_pickaxe":712,"minecraft:spruce_trapdoor":3,"minecraft:stone_axe":112,"minecraft:pink_petals":1216,"minecraft:cobblestone":130,"minecraft:cooked_porkchop":14,"minecraft:bucket":96,"minecraft:yellow_bed":3,"minecraft:dandelion":2,"minecraft:diamond_leggings":3},"minecraft:broken":{"minecraft:iron_shovel":4,"minecraft:iron_boots":1,"minecraft:stone_axe":1,"minecraft:iron_hoe":1,"minecraft:iron_axe":7,"minecraft:iron_pickaxe":2,"minecraft:iron_helmet":1},"minecraft:picked_up":{"minecraft:iron_chestplate":15,"minecraft:flower_pot":1,"minecraft:lead":2,"minecraft:diamond_sword":12,"minecraft:oak_stairs":100,"minecraft:enchanted_book":1,"minecraft:golden_shovel":1,"minecraft:golden_sword":1,"minecraft:string":3,"minecraft:raw_copper":2,"minecraft:iron_leggings":15,"minecraft:beetroot":1,"minecraft:diamond_leggings":3,"minecraft:gold_nugget":49,"minecraft:cobbled_deepslate":249,"minecraft:bucket":11,"minecraft:spruce_planks":70,"minecraft:trial_key":2,"minecraft:iron_pickaxe":10,"minecraft:iron_boots":13,"minecraft:furnace":7,"minecraft:tipped_arrow":20,"minecraft:stick":94,"minecraft:composter":4,"minecraft:oak_fence":1,"minecraft:torch":52,"minecraft:acacia_log":18,"minecraft:porkchop":32,"minecraft:cherry_log":740,"minecraft:waxed_copper_grate":4,"minecraft:pointed_dripstone":62,"minecraft:diorite":3,"minecraft:cauldron":3,"minecraft:rotten_flesh":74,"minecraft:honey_bottle":2,"minecraft:iron_block":2,"minecraft:obsidian":10,"minecraft:cobblestone":577,"minecraft:pink_petals":1267,"minecraft:feather":3,"minecraft:cooked_beef":86,"minecraft:magma_cream":1,"minecraft:water_bucket":3,"minecraft:andesite":22,"minecraft:golden_leggings":2,"minecraft:smoker":6,"minecraft:potato":579,"minecraft:flint":14,"minecraft:tuff":33,"minecraft:acacia_boat":1,"minecraft:dirt":1960,"minecraft:lantern":12,"minecraft:bone":58,"minecraft:acacia_planks":8,"minecraft:bow":3,"minecraft:wheat_seeds":40,"minecraft:fletching_table":2,"minecraft:mossy_stone_bricks":4,"minecraft:diamond_helmet":3,"minecraft:oak_planks":665,"minecraft:cooked_porkchop":18,"minecraft:poisonous_potato":2,"minecraft:sand":7,"minecraft:grass_block":1,"minecraft:dead_bush":1,"minecraft:mossy_cobblestone":8,"minecraft:iron_hoe":9,"minecraft:diamond":125,"minecraft:breeze_rod":18,"minecraft:granite":25,"minecraft:bone_meal":187,"minecraft:golden_apple":1,"minecraft:emerald":180,"minecraft:bread":165,"minecraft:oak_sapling":17,"minecraft:netherrack":182,"minecraft:diamond_pickaxe":3,"minecraft:crafting_table":20,"minecraft:azure_bluet":3,"minecraft:chicken":4,"minecraft:shield":20,"minecraft:brick":68,"minecraft:wind_charge":62,"minecraft:cornflower":1,"minecraft:oak_trapdoor":3,"minecraft:iron_axe":14,"minecraft:flint_and_steel":1,"minecraft:iron_shovel":8,"minecraft:cracked_stone_bricks":2,"minecraft:beef":36,"minecraft:oak_boat":8,"minecraft:poppy":74,"minecraft:lectern":33,"minecraft:sugar_cane":6550,"minecraft:chest":6,"minecraft:spruce_trapdoor":1,"minecraft:egg":1,"minecraft:raw_iron":6,"minecraft:oak_door":52,"minecraft:carrot":2475,"minecraft:arrow":65,"minecraft:diamond_chestplate":3,"minecraft:beetroot_seeds":4,"minecraft:diamond_boots":3,"minecraft:hay_block":61,"minecraft:tuff_bricks":3,"minecraft:mutton":39,"minecraft:white_wool":17,"minecraft:oxeye_daisy":1,"minecraft:stripped_oak_log":168,"minecraft:crimson_stem":11,"minecraft:leather":21,"minecraft:carrot_on_a_stick":1,"minecraft:oak_log":562,"minecraft:waxed_copper_block":1,"minecraft:yellow_bed":3,"minecraft:gunpowder":2,"minecraft:blue_bed":13,"minecraft:paper":654,"minecraft:apple":16,"minecraft:stone_bricks":6,"minecraft:iron_ingot":428,"minecraft:stone_pickaxe":1,"minecraft:cooked_chicken":14,"minecraft:stripped_oak_wood":13,"minecraft:iron_sword":4,"minecraft:book":774,"minecraft:scaffolding":5,"minecraft:oak_slab":280,"minecraft:dandelion":23,"minecraft:gravel":133,"minecraft:lava_bucket":3,"minecraft:spider_eye":5,"minecraft:spruce_door":3,"minecraft:leather_helmet":1,"minecraft:stone_axe":1,"minecraft:iron_helmet":16,"minecraft:diamond_axe":9,"minecraft:cherry_sapling":40,"minecraft:baked_potato":132,"minecraft:black_wool":1,"minecraft:coal":152}},"DataVersion":3953}