{"stats":{"minecraft:killed_by":{"minecraft:skeleton":2,"minecraft:creeper":1,"minecraft:vex":1},"minecraft:crafted":{"minecraft:oak_boat":1,"minecraft:oak_planks":8,"minecraft:crafting_table":1,"minecraft:spruce_planks":12,"minecraft:stick":4,"minecraft:iron_ingot":2,"minecraft:wooden_pickaxe":1,"minecraft:wooden_axe":1,"minecraft:stone_sword":1,"minecraft:stone_axe":1},"minecraft:picked_up":{"minecraft:wooden_axe":4,"minecraft:stick":38,"minecraft:iron_chestplate":1,"minecraft:wooden_pickaxe":2,"minecraft:sand":9,"minecraft:spruce_sapling":8,"minecraft:spruce_log":30,"minecraft:dirt":4,"minecraft:iron_leggings":1,"minecraft:stone_sword":1,"minecraft:stone_axe":1,"minecraft:wheat_seeds":8,"minecraft:iron_ingot":5,"minecraft:stone_pickaxe":4,"minecraft:oak_boat":2,"minecraft:bread":6,"minecraft:sugar_cane":18,"minecraft:iron_boots":1,"minecraft:cobblestone":127},"minecraft:custom":{"minecraft:time_since_rest":11387,"minecraft:interact_with_furnace":4,"minecraft:sprint_one_cm":96186,"minecraft:damage_taken":2768,"minecraft:walk_one_cm":82545,"minecraft:damage_dealt":477,"minecraft:swim_one_cm":3322,"minecraft:interact_with_crafting_table":5,"minecraft:fly_one_cm":120560,"minecraft:open_chest":6,"minecraft:crouch_one_cm":959,"minecraft:play_one_minute":36584,"minecraft:deaths":7,"minecraft:boat_one_cm":154185,"minecraft:sneak_time":662,"minecraft:walk_under_water_one_cm":5993,"minecraft:jump":576,"minecraft:walk_on_water_one_cm":20669,"minecraft:leave_game":4,"minecraft:time_since_death":11367,"minecraft:fall_one_cm":16441},"minecraft:mined":{"minecraft:seagrass":1,"minecraft:spruce_sapling":1,"minecraft:kelp_plant":1,"minecraft:spruce_log":30,"minecraft:grass":6,"minecraft:grass_block":2,"minecraft:dead_bush":1,"minecraft:dirt":3,"minecraft:sand":11,"minecraft:spruce_leaves":7,"minecraft:stone":52,"minecraft:sugar_cane":4,"minecraft:fern":20},"minecraft:used":{"minecraft:wheat_seeds":2,"minecraft:wooden_axe":41,"minecraft:stone_sword":11,"minecraft:stone_pickaxe":16,"minecraft:wooden_pickaxe":36,"minecraft:dirt":2,"minecraft:sand":3,"minecraft:cobblestone":1,"minecraft:crafting_table":1,"minecraft:oak_boat":3}},"DataVersion":2230}