{"stats":{"minecraft:dropped":{"minecraft:iron_sword":2,"minecraft:porkchop":6,"minecraft:diamond_axe":2,"minecraft:lapis_lazuli":57,"minecraft:cooked_beef":42,"minecraft:glow_ink_sac":3,"minecraft:baked_potato":33,"minecraft:diamond":1,"minecraft:cooked_porkchop":8,"minecraft:crossbow":2,"minecraft:leather":2,"minecraft:carrot_on_a_stick":1,"minecraft:item_frame":1,"minecraft:flint":1,"minecraft:cobblestone_stairs":1,"minecraft:dirt":59,"minecraft:mutton":3,"minecraft:gold_nugget":6,"minecraft:sand":1,"minecraft:iron_pickaxe":2,"minecraft:white_wool":4,"minecraft:gray_dye":128,"minecraft:blue_bed":11,"minecraft:bone":7,"minecraft:sugar_cane":98,"minecraft:rotten_flesh":49,"minecraft:oak_planks":4,"minecraft:white_bed":3,"minecraft:carrot":163,"minecraft:poppy":12,"minecraft:tipped_arrow":1,"minecraft:leather_boots":1,"minecraft:ladder":1,"minecraft:leather_leggings":1,"minecraft:arrow":2,"minecraft:firework_rocket":320,"minecraft:iron_ingot":5,"minecraft:enchanted_book":5,"minecraft:bread":3,"minecraft:oak_slab":10,"minecraft:wheat_seeds":26,"minecraft:mossy_cobblestone":1,"minecraft:diamond_leggings":1,"minecraft:poisonous_potato":2,"minecraft:feather":3,"minecraft:lead":3,"minecraft:book":65,"minecraft:cobblestone":33,"minecraft:iron_helmet":3,"minecraft:waxed_copper_grate":2,"minecraft:apple":2,"minecraft:spruce_door":2,"minecraft:coal":6,"minecraft:stick":27,"minecraft:iron_block":1,"minecraft:diorite":23,"minecraft:torch":18,"minecraft:wooden_axe":1,"minecraft:diamond_helmet":4,"minecraft:waxed_oxidized_copper":1,"minecraft:iron_leggings":1,"minecraft:iron_axe":1,"minecraft:iron_shovel":1,"minecraft:chainmail_leggings":1,"minecraft:paper":274,"minecraft:pink_petals":64,"minecraft:bucket":1,"minecraft:acacia_planks":5,"minecraft:dandelion":1,"minecraft:tuff_bricks":2,"minecraft:oak_trapdoor":1,"minecraft:stone_sword":1,"minecraft:blaze_rod":1,"minecraft:composter":1,"minecraft:raw_iron":2,"minecraft:chicken":4,"minecraft:iron_boots":2,"minecraft:stone_slab":5,"minecraft:diamond_sword":2,"minecraft:potato":18,"minecraft:trial_key":1,"minecraft:diamond_chestplate":2,"minecraft:diamond_pickaxe":2,"minecraft:iron_chestplate":2,"minecraft:yellow_bed":1,"minecraft:golden_leggings":1,"minecraft:oak_sapling":5,"minecraft:infested_stone":256,"minecraft:spider_eye":3,"minecraft:diamond_boots":3,"minecraft:bow":1,"minecraft:wooden_pickaxe":1,"minecraft:black_wool":1},"minecraft:picked_up":{"minecraft:iron_chestplate":20,"minecraft:flower_pot":2,"minecraft:anvil":2,"minecraft:smithing_table":1,"minecraft:stone_slab":5,"minecraft:lead":5,"minecraft:diamond_sword":22,"minecraft:oak_stairs":100,"minecraft:enchanted_book":7,"minecraft:potion":3,"minecraft:golden_shovel":1,"minecraft:infested_stone":1102,"minecraft:golden_sword":3,"minecraft:stray_spawn_egg":1,"minecraft:lapis_block":1,"minecraft:string":7,"minecraft:raw_copper":4,"minecraft:iron_leggings":15,"minecraft:beetroot":1,"minecraft:diamond_leggings":10,"minecraft:gold_nugget":194,"minecraft:cobbled_deepslate":297,"minecraft:bucket":11,"minecraft:spruce_planks":70,"minecraft:trial_key":13,"minecraft:iron_pickaxe":13,"minecraft:iron_boots":16,"minecraft:furnace":8,"minecraft:golden_helmet":1,"minecraft:tipped_arrow":22,"minecraft:stick":282,"minecraft:composter":6,"minecraft:oak_fence":3,"minecraft:torch":55,"minecraft:acacia_log":18,"minecraft:porkchop":33,"minecraft:cherry_log":740,"minecraft:waxed_copper_grate":8,"minecraft:pointed_dripstone":62,"minecraft:diorite":32,"minecraft:cauldron":3,"minecraft:stone_sword":1,"minecraft:rotten_flesh":326,"minecraft:honey_bottle":9,"minecraft:iron_block":56,"minecraft:white_terracotta":3,"minecraft:blaze_rod":1,"minecraft:obsidian":10,"minecraft:cobblestone":1037,"minecraft:pink_petals":1267,"minecraft:feather":3,"minecraft:cooked_beef":131,"minecraft:magma_cream":1,"minecraft:water_bucket":8,"minecraft:andesite":22,"minecraft:golden_leggings":2,"minecraft:potato":1172,"minecraft:smoker":11,"minecraft:flint":16,"minecraft:tuff":33,"minecraft:acacia_boat":1,"minecraft:dirt":2039,"minecraft:lapis_lazuli":197,"minecraft:lantern":50,"minecraft:name_tag":3,"minecraft:leather_boots":1,"minecraft:bone":79,"minecraft:acacia_planks":9,"minecraft:bow":9,"minecraft:wheat_seeds":40,"minecraft:raw_gold":5,"minecraft:bolt_armor_trim_smithing_template":1,"minecraft:guster_banner_pattern":1,"minecraft:diamond_helmet":16,"minecraft:fletching_table":5,"minecraft:mossy_stone_bricks":4,"minecraft:scrape_pottery_sherd":5,"minecraft:oak_planks":697,"minecraft:cooked_porkchop":18,"minecraft:poisonous_potato":4,"minecraft:sand":8,"minecraft:dead_bush":2,"minecraft:grass_block":1,"minecraft:mossy_cobblestone":11,"minecraft:iron_hoe":9,"minecraft:diamond":232,"minecraft:waxed_oxidized_copper_grate":1,"minecraft:granite":29,"minecraft:crossbow":2,"minecraft:breeze_rod":40,"minecraft:bone_meal":187,"minecraft:golden_apple":1,"minecraft:bread":168,"minecraft:emerald":289,"minecraft:oak_sapling":17,"minecraft:netherrack":347,"minecraft:diamond_pickaxe":10,"minecraft:crafting_table":25,"minecraft:azure_bluet":3,"minecraft:chicken":4,"minecraft:ladder":5,"minecraft:leather_leggings":1,"minecraft:rabbit_stew":1,"minecraft:brick":213,"minecraft:shield":27,"minecraft:wind_charge":218,"minecraft:cornflower":1,"minecraft:oak_trapdoor":5,"minecraft:iron_axe":17,"minecraft:flint_and_steel":1,"minecraft:item_frame":2,"minecraft:iron_shovel":9,"minecraft:cracked_stone_bricks":2,"minecraft:beef":42,"minecraft:oak_boat":10,"minecraft:poppy":91,"minecraft:lectern":55,"minecraft:guster_pottery_sherd":3,"minecraft:sugar_cane":6748,"minecraft:chest":6,"minecraft:waxed_oxidized_copper":1,"minecraft:spruce_trapdoor":1,"minecraft:egg":3,"minecraft:raw_iron":26,"minecraft:oak_door":53,"minecraft:gray_dye":128,"minecraft:flow_pottery_sherd":7,"minecraft:cake":1,"minecraft:carrot":2476,"minecraft:arrow":427,"minecraft:diamond_chestplate":11,"minecraft:beetroot_seeds":4,"minecraft:diamond_boots":10,"minecraft:hay_block":61,"minecraft:gold_ingot":1,"minecraft:tuff_bricks":21,"minecraft:mutton":41,"minecraft:white_wool":19,"minecraft:oxeye_daisy":1,"minecraft:stripped_oak_log":168,"minecraft:crimson_stem":11,"minecraft:glow_ink_sac":3,"minecraft:leather":26,"minecraft:carrot_on_a_stick":1,"minecraft:oak_log":562,"minecraft:waxed_copper_block":2,"minecraft:golden_boots":1,"minecraft:yellow_bed":4,"minecraft:gunpowder":2,"minecraft:cobblestone_stairs":1,"minecraft:blue_bed":34,"minecraft:paper":1052,"minecraft:cooked_mutton":1,"minecraft:apple":30,"minecraft:stone_bricks":6,"minecraft:iron_ingot":615,"minecraft:stone_pickaxe":1,"minecraft:cooked_chicken":19,"minecraft:stripped_oak_wood":13,"minecraft:iron_sword":7,"minecraft:book":817,"minecraft:scaffolding":5,"minecraft:oak_slab":280,"minecraft:emerald_block":2,"minecraft:quartz":237,"minecraft:dandelion":73,"minecraft:gravel":138,"minecraft:lava_bucket":6,"minecraft:white_bed":5,"minecraft:spruce_log":67,"minecraft:polished_tuff":5,"minecraft:spider_eye":9,"minecraft:spruce_door":29,"minecraft:leather_helmet":1,"minecraft:firework_rocket":378,"minecraft:slime_ball":60,"minecraft:stone_axe":1,"minecraft:chainmail_leggings":1,"minecraft:iron_helmet":20,"minecraft:diamond_axe":19,"minecraft:cherry_sapling":40,"minecraft:baked_potato":504,"minecraft:black_wool":1,"minecraft:chiseled_tuff_bricks":1,"minecraft:coal":304,"minecraft:ender_pearl":2},"minecraft:killed_by":{"minecraft:ghast":2,"minecraft:zombie_villager":1,"minecraft:zombified_piglin":9,"minecraft:creeper":3,"minecraft:silverfish":1,"minecraft:zombie":1,"minecraft:player":12,"minecraft:iron_golem":4},"minecraft:mined":{"minecraft:spruce_planks":6,"minecraft:white_bed":6,"minecraft:farmland":7,"minecraft:cobblestone_stairs":1,"minecraft:cherry_log":583,"minecraft:brewing_stand":1,"minecraft:obsidian":10,"minecraft:granite":29,"minecraft:spruce_trapdoor":1,"minecraft:potted_dead_bush":1,"minecraft:acacia_log":18,"minecraft:grass_block":523,"minecraft:infested_cobblestone":1,"minecraft:chiseled_tuff_bricks":3,"minecraft:composter":5,"minecraft:tuff_bricks":30,"minecraft:weeping_vines_plant":1,"minecraft:fire":43,"minecraft:iron_ore":14,"minecraft:cobbled_deepslate":6,"minecraft:polished_tuff":7,"minecraft:fletching_table":6,"minecraft:anvil":2,"minecraft:pointed_dripstone":2,"minecraft:dirt_path":59,"minecraft:oak_stairs":50,"minecraft:iron_block":7,"minecraft:crimson_nylium":1,"minecraft:smoker":9,"minecraft:torch":10,"minecraft:chest":5,"minecraft:nether_quartz_ore":80,"minecraft:cobblestone":120,"minecraft:sugar_cane":3628,"minecraft:oak_planks":151,"minecraft:wall_torch":3,"minecraft:cauldron":3,"minecraft:pink_petals":512,"minecraft:white_terracotta":1,"minecraft:lapis_block":1,"minecraft:stripped_oak_wood":13,"minecraft:waxed_copper_block":2,"minecraft:oak_log":544,"minecraft:waxed_oxidized_copper":1,"minecraft:sand":7,"minecraft:dirt":612,"minecraft:dispenser":2,"minecraft:netherrack":254,"minecraft:oak_leaves":54,"minecraft:deepslate":289,"minecraft:nether_gold_ore":26,"minecraft:tuff":33,"minecraft:mossy_cobblestone":7,"minecraft:deepslate_diamond_ore":89,"minecraft:oak_door":32,"minecraft:ladder":1,"minecraft:decorated_pot":53,"minecraft:crimson_roots":2,"minecraft:crimson_stem":11,"minecraft:hay_block":61,"minecraft:oak_trapdoor":8,"minecraft:furnace":8,"minecraft:carrots":7,"minecraft:waxed_copper_grate":12,"minecraft:andesite":22,"minecraft:bookshelf":235,"minecraft:potatoes":312,"minecraft:stripped_oak_log":100,"minecraft:stone":545,"minecraft:white_wool":2,"minecraft:smithing_table":1,"minecraft:oak_slab":17,"minecraft:acacia_leaves":3,"minecraft:glass_pane":4,"minecraft:infested_stone_bricks":1,"minecraft:dandelion":11,"minecraft:spruce_door":22,"minecraft:oak_fence":2,"minecraft:crafting_table":21,"minecraft:cornflower":1,"minecraft:short_grass":266,"minecraft:lectern":52,"minecraft:tall_grass":72,"minecraft:copper_ore":1,"minecraft:lapis_ore":12,"minecraft:deepslate_gold_ore":2,"minecraft:diorite":32,"minecraft:blue_bed":34,"minecraft:waxed_oxidized_copper_grate":1,"minecraft:spruce_log":26,"minecraft:bee_nest":1,"minecraft:yellow_bed":5,"minecraft:coal_ore":139,"minecraft:cherry_leaves":36,"minecraft:gravel":156,"minecraft:cracked_stone_bricks":2,"minecraft:acacia_planks":10,"minecraft:stone_bricks":6,"minecraft:mossy_stone_bricks":4,"minecraft:infested_stone":246},"minecraft:custom":{"minecraft:animals_bred":1,"minecraft:interact_with_crafting_table":157,"minecraft:open_barrel":18,"minecraft:open_shulker_box":1,"minecraft:bell_ring":417,"minecraft:leave_game":34,"minecraft:time_since_death":11305,"minecraft:sprint_one_cm":2720304,"minecraft:damage_blocked_by_shield":14120,"minecraft:drop":404,"minecraft:talked_to_villager":269,"minecraft:play_time":1544510,"minecraft:deaths":35,"minecraft:jump":15857,"minecraft:walk_on_water_one_cm":313438,"minecraft:enchant_item":125,"minecraft:interact_with_furnace":105,"minecraft:traded_with_villager":1058,"minecraft:sleep_in_bed":77,"minecraft:open_enderchest":19,"minecraft:damage_dealt":123998,"minecraft:player_kills":13,"minecraft:crouch_one_cm":101924,"minecraft:interact_with_smoker":43,"minecraft:use_cauldron":6,"minecraft:inspect_dispenser":19,"minecraft:horse_one_cm":65884,"minecraft:interact_with_smithing_table":14,"minecraft:mob_kills":494,"minecraft:interact_with_anvil":73,"minecraft:inspect_hopper":19,"minecraft:damage_dealt_resisted":3426,"minecraft:climb_one_cm":96298,"minecraft:walk_one_cm":2958979,"minecraft:sneak_time":41334,"minecraft:walk_under_water_one_cm":538641,"minecraft:boat_one_cm":264800,"minecraft:total_world_time":1544510,"minecraft:interact_with_grindstone":19,"minecraft:time_since_rest":11332,"minecraft:damage_taken":2147483647,"minecraft:damage_absorbed":40,"minecraft:swim_one_cm":1688670,"minecraft:fly_one_cm":3369901,"minecraft:open_chest":1124,"minecraft:fall_one_cm":290849},"minecraft:killed":{"minecraft:zombified_piglin":31,"minecraft:witch":1,"minecraft:spider":13,"minecraft:skeleton":29,"minecraft:chicken":2,"minecraft:silverfish":36,"minecraft:cat":1,"minecraft:wolf":1,"minecraft:magma_cube":8,"minecraft:piglin":3,"minecraft:pig":9,"minecraft:zombie_villager":5,"minecraft:iron_golem":72,"minecraft:creeper":6,"minecraft:sheep":21,"minecraft:trader_llama":2,"minecraft:pillager":1,"minecraft:zombie":112,"minecraft:stray":3,"minecraft:cow":19,"minecraft:slime":39,"minecraft:horse":1,"minecraft:drowned":8,"minecraft:husk":7,"minecraft:rabbit":1,"minecraft:wandering_trader":2,"minecraft:breeze":8,"minecraft:villager":13,"minecraft:enderman":2},"minecraft:crafted":{"minecraft:grindstone":1,"minecraft:oak_planks":3380,"minecraft:bookshelf":7,"minecraft:glass":24,"minecraft:diamond_helmet":4,"minecraft:diamond_leggings":3,"minecraft:iron_boots":6,"minecraft:chest":20,"minecraft:golden_boots":1,"minecraft:smoker":2,"minecraft:oak_slab":732,"minecraft:arrow":192,"minecraft:emerald":986,"minecraft:cauldron":1,"minecraft:cooked_porkchop":20,"minecraft:diamond_axe":2,"minecraft:crafting_table":21,"minecraft:spruce_planks":332,"minecraft:wooden_pickaxe":2,"minecraft:baked_potato":191,"minecraft:iron_helmet":6,"minecraft:spruce_door":15,"minecraft:smithing_table":1,"minecraft:fletching_table":4,"minecraft:spruce_trapdoor":4,"minecraft:lectern":5,"minecraft:iron_chestplate":6,"minecraft:book":18,"minecraft:paper":19629,"minecraft:diamond_pickaxe":3,"minecraft:shield":6,"minecraft:stick":9228,"minecraft:stone_slab":6,"minecraft:iron_ingot":669,"minecraft:iron_pickaxe":9,"minecraft:iron_block":3,"minecraft:gold_ingot":5,"minecraft:cherry_planks":2356,"minecraft:oak_door":15,"minecraft:iron_nugget":144,"minecraft:wind_charge":172,"minecraft:furnace":13,"minecraft:bone_meal":33,"minecraft:oak_trapdoor":10,"minecraft:flint_and_steel":2,"minecraft:lantern":48,"minecraft:iron_axe":10,"minecraft:ladder":30,"minecraft:spruce_slab":6,"minecraft:iron_hoe":2,"minecraft:stone_pickaxe":1,"minecraft:diamond_boots":2,"minecraft:wheat":549,"minecraft:cooked_beef":36,"minecraft:diamond_sword":4,"minecraft:iron_trapdoor":9,"minecraft:iron_sword":3,"minecraft:bucket":8,"minecraft:stone_axe":1,"minecraft:enchanted_book":27,"minecraft:bread":183,"minecraft:acacia_boat":1,"minecraft:air":0,"minecraft:oak_boat":2,"minecraft:white_dye":6,"minecraft:wooden_axe":2,"minecraft:iron_shovel":5,"minecraft:iron_leggings":6,"minecraft:anvil":1,"minecraft:acacia_planks":72,"minecraft:lapis_lazuli":36,"minecraft:diamond_chestplate":2},"minecraft:used":{"minecraft:iron_shovel":1167,"minecraft:ladder":26,"minecraft:poppy":1,"minecraft:chest":24,"minecraft:shield":136,"minecraft:white_terracotta":1,"minecraft:iron_sword":175,"minecraft:rotten_flesh":2,"minecraft:iron_chestplate":10,"minecraft:stray_spawn_egg":1,"minecraft:carrot":1,"minecraft:obsidian":10,"minecraft:honey_bottle":2,"minecraft:glass":12,"minecraft:lava_bucket":96,"minecraft:grass_block":1,"minecraft:lantern":1,"minecraft:iron_helmet":16,"minecraft:item_frame":1,"minecraft:bow":52,"minecraft:furnace":12,"minecraft:egg":3,"minecraft:potato":428,"minecraft:golden_boots":1,"minecraft:diorite":9,"minecraft:diamond_boots":5,"minecraft:spruce_door":31,"minecraft:infested_stone":266,"minecraft:oak_planks":441,"minecraft:stone_pickaxe":33,"minecraft:wooden_pickaxe":3,"minecraft:composter":4,"minecraft:sugar_cane":547,"minecraft:diamond_axe":620,"minecraft:blue_bed":24,"minecraft:white_wool":15,"minecraft:golden_apple":1,"minecraft:crossbow":45,"minecraft:firework_rocket":3,"minecraft:bread":93,"minecraft:lectern":54,"minecraft:gravel":115,"minecraft:diamond_sword":766,"minecraft:grindstone":1,"minecraft:stripped_oak_wood":9,"minecraft:smithing_table":1,"minecraft:andesite":9,"minecraft:birch_log":6,"minecraft:oak_boat":9,"minecraft:bone_meal":22,"minecraft:oak_fence":2,"minecraft:oak_trapdoor":10,"minecraft:flint_and_steel":11,"minecraft:spruce_planks":71,"minecraft:cooked_chicken":7,"minecraft:netherrack":171,"minecraft:trial_key":8,"minecraft:oak_door":42,"minecraft:torch":34,"minecraft:dirt":1039,"minecraft:anvil":3,"minecraft:diamond_helmet":5,"minecraft:iron_hoe":325,"minecraft:wooden_axe":50,"minecraft:bookshelf":2,"minecraft:iron_block":8,"minecraft:iron_axe":2571,"minecraft:iron_boots":5,"minecraft:diamond_chestplate":6,"minecraft:cooked_beef":29,"minecraft:cobbled_deepslate":178,"minecraft:cherry_log":4,"minecraft:iron_leggings":6,"minecraft:pointed_dripstone":11,"minecraft:acacia_boat":2,"minecraft:water_bucket":119,"minecraft:baked_potato":276,"minecraft:cherry_planks":12,"minecraft:cauldron":6,"minecraft:fletching_table":7,"minecraft:cracked_stone_bricks":1,"minecraft:mossy_cobblestone":1,"minecraft:oak_slab":502,"minecraft:crafting_table":35,"minecraft:spruce_log":4,"minecraft:smoker":10,"minecraft:oak_log":2,"minecraft:diamond_pickaxe":994,"minecraft:apple":10,"minecraft:wind_charge":74,"minecraft:iron_pickaxe":1103,"minecraft:spruce_trapdoor":3,"minecraft:stone_axe":112,"minecraft:pink_petals":1216,"minecraft:cobblestone":298,"minecraft:porkchop":6,"minecraft:cooked_porkchop":14,"minecraft:lapis_block":1,"minecraft:bucket":220,"minecraft:yellow_bed":3,"minecraft:splash_potion":1,"minecraft:dandelion":38,"minecraft:diamond_leggings":7},"minecraft:broken":{"minecraft:iron_shovel":4,"minecraft:iron_boots":1,"minecraft:stone_axe":1,"minecraft:iron_hoe":1,"minecraft:shield":3,"minecraft:iron_axe":7,"minecraft:iron_pickaxe":3,"minecraft:iron_helmet":1}},"DataVersion":3953}