{"stats":{"minecraft:dropped":{"minecraft:music_disc_mellohi":1},"minecraft:mined":{"minecraft:smooth_red_sandstone":159},"minecraft:used":{"minecraft:smooth_red_sandstone":6,"minecraft:diamond_pickaxe":159,"minecraft:bow":37},"minecraft:custom":{"minecraft:jump":178,"minecraft:time_since_rest":70912,"minecraft:crouch_one_cm":313,"minecraft:sprint_one_cm":28997,"minecraft:play_time":70912,"minecraft:walk_on_water_one_cm":1604,"minecraft:time_since_death":70912,"minecraft:walk_one_cm":83108,"minecraft:sneak_time":90,"minecraft:total_world_time":70912,"minecraft:interact_with_anvil":2,"minecraft:mob_kills":18,"minecraft:talked_to_villager":1,"minecraft:drop":1,"minecraft:fall_one_cm":1312,"minecraft:fly_one_cm":41842}},"DataVersion":3120}