{"stats":{"minecraft:used":{"minecraft:stone_sword":128,"minecraft:stone_pickaxe":24,"minecraft:oak_planks":54,"minecraft:shield":19,"minecraft:iron_sword":64,"minecraft:cooked_chicken":1,"minecraft:netherrack":95,"minecraft:polished_blackstone_bricks":7,"minecraft:iron_chestplate":1,"minecraft:oak_door":2,"minecraft:torch":1,"minecraft:dirt":5,"minecraft:crafting_table":3,"minecraft:white_bed":1,"minecraft:cracked_polished_blackstone_bricks":6,"minecraft:iron_axe":3,"minecraft:iron_pickaxe":267,"minecraft:iron_helmet":1,"minecraft:iron_boots":1,"minecraft:gravel":4,"minecraft:basalt":2,"minecraft:stone_axe":78,"minecraft:magma_block":3,"minecraft:cobblestone":22,"minecraft:andesite":3,"minecraft:cooked_beef":26,"minecraft:iron_leggings":1},"minecraft:picked_up":{"minecraft:crafting_table":2,"minecraft:magma_block":3,"minecraft:basalt":2,"minecraft:feather":6,"minecraft:cooked_beef":2,"minecraft:chicken":6,"minecraft:andesite":3,"minecraft:leather":12,"minecraft:gold_block":15,"minecraft:flint":1,"minecraft:nether_brick":12,"minecraft:oak_log":45,"minecraft:golden_sword":1,"minecraft:polished_blackstone_brick_stairs":3,"minecraft:dirt":14,"minecraft:string":2,"minecraft:bone":1,"minecraft:blackstone":18,"minecraft:stone_bricks":1,"minecraft:wheat_seeds":5,"minecraft:rabbit_hide":1,"minecraft:diamond_helmet":1,"minecraft:beef":25,"minecraft:iron_ingot":7,"minecraft:iron_nugget":23,"minecraft:rabbit":1,"minecraft:iron_pickaxe":1,"minecraft:light_gray_wool":1,"minecraft:oak_planks":32,"minecraft:soul_sand":6,"minecraft:raw_iron":7,"minecraft:torch":3,"minecraft:gravel":4,"minecraft:porkchop":16,"minecraft:polished_blackstone_bricks":48,"minecraft:white_bed":1,"minecraft:crying_obsidian":3,"minecraft:arrow":2,"minecraft:rotten_flesh":3,"minecraft:stone_axe":1,"minecraft:cracked_polished_blackstone_bricks":6,"minecraft:hay_block":14,"minecraft:gray_wool":1,"minecraft:gold_ingot":23,"minecraft:netherrack":93,"minecraft:mutton":17,"minecraft:coal":48,"minecraft:white_wool":10,"minecraft:cobblestone":46},"minecraft:custom":{"minecraft:interact_with_furnace":25,"minecraft:mob_kills":65,"minecraft:interact_with_crafting_table":15,"minecraft:leave_game":6,"minecraft:time_since_death":75224,"minecraft:sleep_in_bed":4,"minecraft:time_since_rest":16588,"minecraft:sprint_one_cm":295136,"minecraft:damage_taken":2086,"minecraft:walk_one_cm":132984,"minecraft:damage_blocked_by_shield":913,"minecraft:drop":56,"minecraft:damage_dealt":9028,"minecraft:swim_one_cm":13018,"minecraft:fly_one_cm":569076,"minecraft:open_chest":27,"minecraft:crouch_one_cm":42910,"minecraft:play_time":142360,"minecraft:deaths":1,"minecraft:sneak_time":12334,"minecraft:walk_under_water_one_cm":8241,"minecraft:jump":2734,"minecraft:walk_on_water_one_cm":6149,"minecraft:total_world_time":142360,"minecraft:fall_one_cm":93188},"minecraft:killed":{"minecraft:cat":1,"minecraft:magma_cube":3,"minecraft:piglin":2,"minecraft:pig":5,"minecraft:zombified_piglin":9,"minecraft:rabbit":1,"minecraft:iron_golem":1,"minecraft:hoglin":1,"minecraft:creeper":1,"minecraft:sheep":11,"minecraft:skeleton":1,"minecraft:zombie":4,"minecraft:chicken":7,"minecraft:cow":10},"minecraft:mined":{"minecraft:white_bed":1,"minecraft:blackstone":2,"minecraft:basalt":3,"minecraft:crafting_table":2,"minecraft:short_grass":3,"minecraft:grass_block":3,"minecraft:cracked_polished_blackstone_bricks":6,"minecraft:tall_grass":1,"minecraft:cobblestone":4,"minecraft:polished_blackstone_brick_stairs":3,"minecraft:oak_planks":33,"minecraft:wall_torch":1,"minecraft:hay_block":14,"minecraft:polished_blackstone_bricks":48,"minecraft:magma_block":4,"minecraft:iron_ore":7,"minecraft:fire":1,"minecraft:andesite":3,"minecraft:gold_block":19,"minecraft:coal_ore":48,"minecraft:oak_log":46,"minecraft:gravel":5,"minecraft:dirt":2,"minecraft:stone":29,"minecraft:stone_bricks":1,"minecraft:netherrack":113,"minecraft:oak_leaves":3},"minecraft:crafted":{"minecraft:cooked_beef":33,"minecraft:oak_door":3,"minecraft:oak_planks":160,"minecraft:diamond_sword":1,"minecraft:diamond_axe":1,"minecraft:crafting_table":1,"minecraft:diamond_hoe":1,"minecraft:cooked_chicken":1,"minecraft:iron_helmet":2,"minecraft:iron_sword":1,"minecraft:diamond_shovel":1,"minecraft:stone_axe":1,"minecraft:bread":42,"minecraft:air":0,"minecraft:diamond_block":25,"minecraft:diamond":288,"minecraft:diamond_pickaxe":1,"minecraft:diamond_leggings":2,"minecraft:diamond_helmet":2,"minecraft:iron_chestplate":1,"minecraft:iron_boots":1,"minecraft:shield":2,"minecraft:iron_axe":1,"minecraft:stick":24,"minecraft:iron_ingot":6,"minecraft:iron_pickaxe":1,"minecraft:stone_pickaxe":1,"minecraft:stone_sword":1,"minecraft:diamond_boots":2,"minecraft:gold_ingot":135,"minecraft:iron_leggings":1,"minecraft:torch":4,"minecraft:diamond_chestplate":2,"minecraft:wheat":126},"minecraft:dropped":{"minecraft:bread":32,"minecraft:iron_ingot":5,"minecraft:stone_axe":1,"minecraft:wheat_seeds":1,"minecraft:diamond_leggings":1,"minecraft:oak_planks":170,"minecraft:flint":1,"minecraft:dirt":8,"minecraft:diamond_chestplate":1,"minecraft:diamond_helmet":2,"minecraft:diamond_boots":1,"minecraft:string":2,"minecraft:gold_ingot":43}},"DataVersion":3953}