{"stats":{"minecraft:dropped":{"minecraft:acacia_boat":1,"minecraft:iron_sword":2,"minecraft:diamond_axe":1,"minecraft:lapis_lazuli":63,"minecraft:cooked_beef":116,"minecraft:glow_ink_sac":3,"minecraft:baked_potato":64,"minecraft:diamond":77,"minecraft:crossbow":1,"minecraft:emerald":73,"minecraft:dirt":728,"minecraft:gold_nugget":16,"minecraft:bone_meal":64,"minecraft:iron_pickaxe":5,"minecraft:white_wool":2,"minecraft:gray_dye":864,"minecraft:blue_bed":1,"minecraft:gold_ingot":3,"minecraft:bone":181,"minecraft:gravel":1,"minecraft:sugar_cane":375,"minecraft:cooked_chicken":2,"minecraft:cobbled_deepslate":6,"minecraft:rotten_flesh":176,"minecraft:oak_planks":17,"minecraft:carrot":29733,"minecraft:chainmail_chestplate":1,"minecraft:poppy":22,"minecraft:leather_chestplate":1,"minecraft:gunpowder":252,"minecraft:leather_boots":1,"minecraft:chainmail_boots":1,"minecraft:chest":4,"minecraft:arrow":246,"minecraft:firework_rocket":7,"minecraft:enchanted_book":2,"minecraft:iron_ingot":65,"minecraft:bread":3,"minecraft:oak_slab":2,"minecraft:wheat_seeds":4,"minecraft:tnt":15,"minecraft:diamond_leggings":1,"minecraft:feather":3,"minecraft:lead":2,"minecraft:iron_helmet":2,"minecraft:cobblestone":95,"minecraft:spruce_door":2,"minecraft:chainmail_helmet":1,"minecraft:grass_block":2,"minecraft:stick":70,"minecraft:lava_bucket":1,"minecraft:diorite":5,"minecraft:rabbit":3,"minecraft:diamond_helmet":3,"minecraft:iron_leggings":2,"minecraft:iron_axe":2,"minecraft:chainmail_leggings":3,"minecraft:iron_shovel":3,"minecraft:paper":482,"minecraft:string":14,"minecraft:spruce_sapling":7,"minecraft:dandelion":274,"minecraft:polished_deepslate":2,"minecraft:raw_copper":3,"minecraft:composter":1,"minecraft:chicken":2,"minecraft:iron_boots":2,"minecraft:iron_hoe":1,"minecraft:diamond_sword":2,"minecraft:stone":1,"minecraft:shield":4,"minecraft:diamond_chestplate":3,"minecraft:diamond_pickaxe":1,"minecraft:iron_chestplate":6,"minecraft:golden_leggings":2,"minecraft:oak_boat":1,"minecraft:oak_sapling":5,"minecraft:barrel":2,"minecraft:spider_eye":4,"minecraft:diamond_boots":4,"minecraft:spruce_log":121,"minecraft:bow":4},"minecraft:picked_up":{"minecraft:command_block_minecart":1,"minecraft:iron_chestplate":20,"minecraft:chainmail_boots":1,"minecraft:suspicious_stew":1,"minecraft:light_gray_shulker_box":2,"minecraft:stone_slab":1,"minecraft:lead":8,"minecraft:diamond_sword":22,"minecraft:turtle_egg":1,"minecraft:potion":8,"minecraft:enchanted_book":7,"minecraft:purple_shulker_box":2,"minecraft:knowledge_book":4,"minecraft:light":1,"minecraft:infested_stone":6755,"minecraft:golden_sword":3,"minecraft:stray_spawn_egg":1,"minecraft:polished_deepslate":7,"minecraft:string":46,"minecraft:raw_copper":6,"minecraft:iron_leggings":16,"minecraft:pink_shulker_box":1,"minecraft:oak_sign":1,"minecraft:diamond_leggings":11,"minecraft:gold_nugget":59,"minecraft:cobbled_deepslate":8,"minecraft:bucket":6,"minecraft:spruce_planks":1,"minecraft:trial_key":1,"minecraft:written_book":1,"minecraft:iron_pickaxe":18,"minecraft:melon_slice":2,"minecraft:furnace":1,"minecraft:iron_boots":16,"minecraft:golden_helmet":2,"minecraft:tipped_arrow":114,"minecraft:stick":79,"minecraft:composter":3,"minecraft:oak_fence":7,"minecraft:torch":9,"minecraft:porkchop":6,"minecraft:cherry_log":39,"minecraft:pointed_dripstone":28,"minecraft:diorite":10,"minecraft:gray_shulker_box":1,"minecraft:gray_stained_glass_pane":7,"minecraft:command_block":1,"minecraft:stone_sword":1,"minecraft:rotten_flesh":226,"minecraft:tropical_fish":3,"minecraft:iron_block":4,"minecraft:white_terracotta":9,"minecraft:blaze_rod":7,"minecraft:cod":1,"minecraft:cobblestone":464,"minecraft:sponge":2,"minecraft:birch_log":6,"minecraft:barrier":3,"minecraft:leather_chestplate":2,"minecraft:repeater":1,"minecraft:feather":3,"minecraft:cooked_beef":1339,"minecraft:magma_cream":2,"minecraft:cherry_planks":12,"minecraft:water_bucket":4,"minecraft:skeleton_horse_spawn_egg":1,"minecraft:golden_leggings":2,"minecraft:potato":766,"minecraft:flint":10,"minecraft:light_gray_dye":1,"minecraft:acacia_boat":4,"minecraft:dirt":1180,"minecraft:lapis_lazuli":14,"minecraft:lantern":12,"minecraft:name_tag":5,"minecraft:leather_boots":2,"minecraft:jigsaw":1,"minecraft:bone":253,"minecraft:chipped_anvil":1,"minecraft:bow":13,"minecraft:wheat_seeds":28,"minecraft:netherite_axe":1,"minecraft:rabbit":6,"minecraft:diamond_helmet":10,"minecraft:oak_planks":51,"minecraft:debug_stick":1,"minecraft:poisonous_potato":4,"minecraft:structure_void":1,"minecraft:sand":1,"minecraft:light_blue_shulker_box":4,"minecraft:grass_block":3,"minecraft:barrel":4,"minecraft:bundle":1,"minecraft:iron_hoe":2,"minecraft:dispenser":6,"minecraft:diamond":63,"minecraft:crossbow":2,"minecraft:breeze_rod":3,"minecraft:bone_meal":420,"minecraft:chainmail_helmet":1,"minecraft:emerald":75,"minecraft:bread":6,"minecraft:oak_sapling":10,"minecraft:azure_bluet":1,"minecraft:diamond_pickaxe":12,"minecraft:lingering_potion":1,"minecraft:rabbit_stew":2,"minecraft:splash_potion":1,"minecraft:ominous_bottle":1,"minecraft:chicken":2,"minecraft:ladder":2,"minecraft:structure_block":1,"minecraft:leather_leggings":1,"minecraft:brick":1,"minecraft:shield":17,"minecraft:wind_charge":3,"minecraft:oak_trapdoor":2,"minecraft:iron_axe":18,"minecraft:item_frame":2,"minecraft:iron_shovel":5,"minecraft:oak_boat":5,"minecraft:player_head":1,"minecraft:observer":4,"minecraft:poppy":41,"minecraft:blue_shulker_box":2,"minecraft:sugar_cane":1697,"minecraft:chest":9,"minecraft:diamond_hoe":2,"minecraft:waxed_oxidized_copper":3,"minecraft:egg":1,"minecraft:lime_shulker_box":6,"minecraft:raw_iron":4,"minecraft:oak_door":4,"minecraft:red_stained_glass_pane":11,"minecraft:gray_dye":1184,"minecraft:trident":1,"minecraft:magenta_shulker_box":1,"minecraft:carrot":10782,"minecraft:redstone":8,"minecraft:cyan_shulker_box":1,"minecraft:tnt":15,"minecraft:repeating_command_block":1,"minecraft:arrow":388,"minecraft:red_shulker_box":4,"minecraft:diamond_chestplate":16,"minecraft:diamond_boots":15,"minecraft:oak_chest_boat":1,"minecraft:glistering_melon_slice":2,"minecraft:gold_ingot":3,"minecraft:petrified_oak_slab":1,"minecraft:white_shulker_box":1,"minecraft:tuff_bricks":2,"minecraft:mutton":12,"minecraft:white_wool":4,"minecraft:golden_carrot":1,"minecraft:glow_ink_sac":3,"minecraft:fox_spawn_egg":1,"minecraft:red_mushroom":1,"minecraft:filled_map":1,"minecraft:bedrock":1,"minecraft:chainmail_chestplate":1,"minecraft:waxed_copper_block":1,"minecraft:oak_log":4,"minecraft:yellow_bed":2,"minecraft:gunpowder":255,"minecraft:blue_bed":2,"minecraft:paper":1186,"minecraft:white_banner":2,"minecraft:spawner":2,"minecraft:stone_bricks":1,"minecraft:heart_of_the_sea":2,"minecraft:iron_ingot":286,"minecraft:cooked_chicken":2,"minecraft:iron_sword":12,"minecraft:book":1,"minecraft:oak_slab":91,"minecraft:chain_command_block":1,"minecraft:dandelion":240,"minecraft:lava_bucket":3,"minecraft:gravel":3,"minecraft:spruce_sapling":26,"minecraft:dragon_egg":2,"minecraft:white_bed":10,"minecraft:spruce_log":122,"minecraft:spruce_door":2,"minecraft:spider_eye":13,"minecraft:leather_helmet":2,"minecraft:firework_rocket":2079,"minecraft:sculk_sensor":1,"minecraft:chainmail_leggings":3,"minecraft:iron_helmet":13,"minecraft:diamond_axe":4,"minecraft:oak_button":1,"minecraft:baked_potato":723,"minecraft:ender_pearl":1},"minecraft:killed_by":{"minecraft:zombified_piglin":1,"minecraft:piglin_brute":1,"minecraft:creeper":3,"minecraft:silverfish":3,"minecraft:illusioner":1,"minecraft:player":10,"minecraft:iron_golem":35},"minecraft:mined":{"minecraft:spruce_planks":1,"minecraft:white_bed":2,"minecraft:granite":5,"minecraft:grass_block":640,"minecraft:composter":1,"minecraft:tuff_bricks":3,"minecraft:iron_ore":4,"minecraft:fire":57,"minecraft:cobbled_deepslate":4,"minecraft:polished_tuff":1,"minecraft:pointed_dripstone":24,"minecraft:dirt_path":2,"minecraft:torch":1,"minecraft:chest":1,"minecraft:cobblestone":54,"minecraft:oak_planks":26,"minecraft:sugar_cane":805,"minecraft:wall_torch":5,"minecraft:birch_log":6,"minecraft:waxed_copper_block":1,"minecraft:oak_log":4,"minecraft:waxed_oxidized_copper":3,"minecraft:dirt":454,"minecraft:dispenser":3,"minecraft:oak_leaves":1,"minecraft:deepslate":12,"minecraft:tuff":6,"minecraft:oak_door":4,"minecraft:ladder":1,"minecraft:spruce_leaves":14,"minecraft:oak_trapdoor":2,"minecraft:spruce_sapling":11,"minecraft:potatoes":165,"minecraft:stone":111,"minecraft:white_wool":1,"minecraft:oak_slab":28,"minecraft:cherry_planks":12,"minecraft:observer":3,"minecraft:dandelion":4,"minecraft:oak_fence":7,"minecraft:short_grass":33,"minecraft:tall_grass":7,"minecraft:copper_ore":3,"minecraft:diorite":8,"minecraft:blue_bed":1,"minecraft:spruce_log":119,"minecraft:yellow_bed":1,"minecraft:bee_nest":1,"minecraft:gravel":1,"minecraft:stone_bricks":1,"minecraft:chipped_anvil":1,"minecraft:infested_stone":43},"minecraft:custom":{"minecraft:interact_with_crafting_table":18,"minecraft:open_barrel":8,"minecraft:open_shulker_box":52,"minecraft:bell_ring":6,"minecraft:leave_game":33,"minecraft:time_since_death":75512,"minecraft:damage_resisted":234713,"minecraft:sprint_one_cm":1291240,"minecraft:damage_blocked_by_shield":3501,"minecraft:drop":1143,"minecraft:talked_to_villager":17,"minecraft:play_time":859605,"minecraft:deaths":58,"minecraft:jump":12742,"minecraft:walk_on_water_one_cm":260166,"minecraft:enchant_item":1,"minecraft:interact_with_furnace":20,"minecraft:sleep_in_bed":58,"minecraft:open_enderchest":61,"minecraft:damage_dealt":89981,"minecraft:player_kills":10,"minecraft:crouch_one_cm":153680,"minecraft:inspect_dispenser":47,"minecraft:horse_one_cm":167776,"minecraft:interact_with_smithing_table":1,"minecraft:mob_kills":814,"minecraft:interact_with_anvil":19,"minecraft:inspect_hopper":8,"minecraft:damage_dealt_resisted":865,"minecraft:climb_one_cm":47125,"minecraft:walk_one_cm":1764029,"minecraft:sneak_time":37864,"minecraft:walk_under_water_one_cm":426057,"minecraft:boat_one_cm":37924,"minecraft:total_world_time":859605,"minecraft:time_since_rest":75545,"minecraft:damage_taken":29160,"minecraft:swim_one_cm":762137,"minecraft:fly_one_cm":3347847,"minecraft:open_chest":203,"minecraft:fall_one_cm":213266},"minecraft:killed":{"minecraft:zombified_piglin":16,"minecraft:spider":14,"minecraft:wither":1,"minecraft:skeleton":19,"minecraft:silverfish":377,"minecraft:illusioner":1,"minecraft:skeleton_horse":1,"minecraft:cat":1,"minecraft:wolf":2,"minecraft:pig":2,"minecraft:zombie_villager":2,"minecraft:iron_golem":32,"minecraft:creeper":19,"minecraft:sheep":2,"minecraft:trader_llama":2,"minecraft:pillager":3,"minecraft:zombie":59,"minecraft:stray":12,"minecraft:glow_squid":1,"minecraft:drowned":12,"minecraft:husk":7,"minecraft:breeze":2,"minecraft:villager":108,"minecraft:enderman":2},"minecraft:crafted":{"minecraft:oak_planks":12,"minecraft:diamond_helmet":1,"minecraft:iron_boots":1,"minecraft:diamond_leggings":1,"minecraft:crafting_table":1,"minecraft:spruce_planks":4,"minecraft:iron_helmet":1,"minecraft:iron_chestplate":1,"minecraft:diamond_pickaxe":1,"minecraft:shield":1,"minecraft:stick":16,"minecraft:iron_ingot":198,"minecraft:iron_block":1,"minecraft:raw_iron":90,"minecraft:coal":18,"minecraft:iron_axe":1,"minecraft:diamond_boots":1,"minecraft:enchanting_table":1,"minecraft:iron_sword":2,"minecraft:air":0,"minecraft:oak_boat":1,"minecraft:iron_shovel":3,"minecraft:iron_leggings":1,"minecraft:lapis_lazuli":378,"minecraft:diamond_chestplate":1},"minecraft:used":{"minecraft:iron_shovel":1084,"minecraft:dispenser":21,"minecraft:ladder":34,"minecraft:purple_shulker_box":2,"minecraft:chest":40,"minecraft:shield":44,"minecraft:white_terracotta":4,"minecraft:stone":52,"minecraft:iron_sword":265,"minecraft:zombie_spawn_egg":19,"minecraft:white_shulker_box":1,"minecraft:player_head":1,"minecraft:vex_spawn_egg":1,"minecraft:iron_chestplate":11,"minecraft:waxed_oxidized_copper":1,"minecraft:lava_bucket":14,"minecraft:villager_spawn_egg":100,"minecraft:grass_block":192,"minecraft:panda_spawn_egg":66,"minecraft:iron_helmet":8,"minecraft:stone_bricks":1,"minecraft:slime_spawn_egg":6,"minecraft:item_frame":3,"minecraft:repeater":3,"minecraft:bow":70,"minecraft:blue_shulker_box":2,"minecraft:oak_sapling":129,"minecraft:egg":17,"minecraft:potato":6,"minecraft:oak_chest_boat":1,"minecraft:magenta_shulker_box":1,"minecraft:damaged_anvil":9,"minecraft:diamond_boots":5,"minecraft:infested_stone":1358,"minecraft:oak_planks":28,"minecraft:ender_pearl":1,"minecraft:fox_spawn_egg":3,"minecraft:composter":1,"minecraft:blue_bed":34,"minecraft:diamond_axe":67,"minecraft:sugar_cane":328,"minecraft:white_wool":1,"minecraft:crossbow":86,"minecraft:skeleton_horse_spawn_egg":1,"minecraft:squid_spawn_egg":1,"minecraft:creeper_spawn_egg":2,"minecraft:firework_rocket":8,"minecraft:gray_shulker_box":1,"minecraft:breeze_spawn_egg":24,"minecraft:string":1,"minecraft:gravel":1,"minecraft:cat_spawn_egg":1,"minecraft:diamond_sword":742,"minecraft:piglin_spawn_egg":1,"minecraft:oak_boat":1,"minecraft:bone_meal":1106,"minecraft:oak_fence":76,"minecraft:oak_trapdoor":2,"minecraft:trident":12,"minecraft:netherite_sword":9,"minecraft:enchanting_table":1,"minecraft:stone_sword":2,"minecraft:redstone":46,"minecraft:pufferfish_spawn_egg":1,"minecraft:silverfish_spawn_egg":290,"minecraft:ender_chest":1,"minecraft:wither_skeleton_spawn_egg":3,"minecraft:structure_block":1,"minecraft:trial_key":1,"minecraft:oak_door":4,"minecraft:light_gray_shulker_box":1,"minecraft:torch":9,"minecraft:dirt":67,"minecraft:anvil":3,"minecraft:hopper":31,"minecraft:diamond_helmet":3,"minecraft:shulker_box":1,"minecraft:red_shulker_box":4,"minecraft:chipped_anvil":1,"minecraft:bookshelf":27,"minecraft:cyan_shulker_box":1,"minecraft:iron_block":1,"minecraft:iron_axe":227,"minecraft:iron_boots":10,"minecraft:barrel":2,"minecraft:blaze_spawn_egg":1,"minecraft:diamond_chestplate":6,"minecraft:wolf_spawn_egg":3,"minecraft:cooked_beef":145,"minecraft:cobbled_deepslate":1,"minecraft:observer":17,"minecraft:iron_leggings":12,"minecraft:pointed_dripstone":7,"minecraft:water_bucket":47,"minecraft:light_blue_shulker_box":5,"minecraft:baked_potato":10,"minecraft:iron_golem_spawn_egg":18,"minecraft:cauldron":6,"minecraft:horse_spawn_egg":2,"minecraft:rabbit_spawn_egg":1,"minecraft:oak_slab":714,"minecraft:crafting_table":1,"minecraft:white_bed":5,"minecraft:polar_bear_spawn_egg":22,"minecraft:lime_shulker_box":6,"minecraft:oak_log":5,"minecraft:diamond_pickaxe":175,"minecraft:wind_charge":3,"minecraft:iron_pickaxe":111,"minecraft:pig_spawn_egg":1,"minecraft:stone_slab":24,"minecraft:spruce_sapling":40,"minecraft:cobblestone":149,"minecraft:potion":1,"minecraft:white_banner":1,"minecraft:porkchop":1,"minecraft:pink_shulker_box":1,"minecraft:bucket":41,"minecraft:yellow_bed":2,"minecraft:dandelion":896,"minecraft:splash_potion":53,"minecraft:diamond_leggings":6},"minecraft:broken":{"minecraft:iron_shovel":2,"minecraft:diamond_helmet":2,"minecraft:iron_boots":1,"minecraft:diamond_boots":1,"minecraft:diamond_chestplate":2,"minecraft:diamond_leggings":1,"minecraft:shield":1,"minecraft:iron_helmet":1}},"DataVersion":3953}