{"stats":{"minecraft:killed":{"minecraft:spider":2,"minecraft:skeleton":5,"minecraft:drowned":1,"minecraft:cat":1,"minecraft:pig":1,"minecraft:iron_golem":13,"minecraft:creeper":3,"minecraft:zombie":8,"minecraft:villager":87},"minecraft:dropped":{"minecraft:iron_ingot":10,"minecraft:acacia_boat":1,"minecraft:oak_slab":2,"minecraft:wheat_seeds":2,"minecraft:lapis_lazuli":63,"minecraft:cooked_beef":115,"minecraft:diamond":36,"minecraft:feather":1,"minecraft:iron_helmet":2,"minecraft:cobblestone":62,"minecraft:stick":8,"minecraft:dirt":716,"minecraft:iron_leggings":1,"minecraft:bone_meal":64,"minecraft:iron_axe":2,"minecraft:iron_pickaxe":3,"minecraft:iron_shovel":2,"minecraft:paper":250,"minecraft:string":5,"minecraft:white_wool":2,"minecraft:spruce_sapling":7,"minecraft:dandelion":1,"minecraft:gold_ingot":3,"minecraft:bone":5,"minecraft:sugar_cane":374,"minecraft:cobbled_deepslate":5,"minecraft:chicken":2,"minecraft:rotten_flesh":6,"minecraft:iron_boots":1,"minecraft:iron_hoe":1,"minecraft:carrot":29733,"minecraft:poppy":16,"minecraft:leather_chestplate":1,"minecraft:stone":1,"minecraft:shield":2,"minecraft:gunpowder":3,"minecraft:iron_chestplate":4,"minecraft:chest":1,"minecraft:oak_sapling":4,"minecraft:spider_eye":4,"minecraft:spruce_log":106,"minecraft:arrow":6},"minecraft:mined":{"minecraft:white_bed":2,"minecraft:oak_door":4,"minecraft:ladder":1,"minecraft:grass_block":627,"minecraft:spruce_leaves":10,"minecraft:composter":1,"minecraft:oak_trapdoor":2,"minecraft:spruce_sapling":11,"minecraft:iron_ore":4,"minecraft:fire":53,"minecraft:pointed_dripstone":17,"minecraft:stone":52,"minecraft:white_wool":1,"minecraft:oak_slab":26,"minecraft:cherry_planks":12,"minecraft:short_grass":30,"minecraft:chest":1,"minecraft:tall_grass":7,"minecraft:cobblestone":34,"minecraft:oak_planks":22,"minecraft:sugar_cane":797,"minecraft:wall_torch":5,"minecraft:blue_bed":1,"minecraft:birch_log":6,"minecraft:spruce_log":119,"minecraft:yellow_bed":1,"minecraft:bee_nest":1,"minecraft:oak_log":1,"minecraft:gravel":1,"minecraft:dirt":448,"minecraft:stone_bricks":1,"minecraft:deepslate":3},"minecraft:custom":{"minecraft:mob_kills":122,"minecraft:interact_with_anvil":5,"minecraft:inspect_hopper":5,"minecraft:interact_with_crafting_table":16,"minecraft:open_barrel":2,"minecraft:leave_game":16,"minecraft:time_since_death":62485,"minecraft:climb_one_cm":31978,"minecraft:sprint_one_cm":534862,"minecraft:walk_one_cm":701767,"minecraft:damage_blocked_by_shield":885,"minecraft:drop":821,"minecraft:talked_to_villager":10,"minecraft:play_time":384983,"minecraft:deaths":43,"minecraft:sneak_time":20242,"minecraft:walk_under_water_one_cm":258652,"minecraft:jump":4974,"minecraft:enchant_item":1,"minecraft:walk_on_water_one_cm":137917,"minecraft:total_world_time":384983,"minecraft:interact_with_furnace":11,"minecraft:sleep_in_bed":41,"minecraft:time_since_rest":33921,"minecraft:damage_taken":16722,"minecraft:damage_dealt":28353,"minecraft:fly_one_cm":1515473,"minecraft:swim_one_cm":433127,"minecraft:player_kills":7,"minecraft:open_chest":109,"minecraft:crouch_one_cm":85287,"minecraft:fall_one_cm":66529},"minecraft:crafted":{"minecraft:raw_iron":90,"minecraft:coal":18,"minecraft:diamond_helmet":1,"minecraft:diamond_leggings":1,"minecraft:iron_axe":1,"minecraft:diamond_boots":1,"minecraft:enchanting_table":1,"minecraft:spruce_planks":4,"minecraft:iron_helmet":1,"minecraft:iron_sword":2,"minecraft:diamond_pickaxe":1,"minecraft:shield":1,"minecraft:stick":16,"minecraft:iron_block":1,"minecraft:iron_shovel":3,"minecraft:lapis_lazuli":90,"minecraft:diamond_chestplate":1},"minecraft:killed_by":{"minecraft:player":7,"minecraft:creeper":2,"minecraft:iron_golem":34},"minecraft:used":{"minecraft:oak_trapdoor":2,"minecraft:enchanting_table":1,"minecraft:iron_shovel":1084,"minecraft:ladder":34,"minecraft:chest":33,"minecraft:shield":12,"minecraft:stone":52,"minecraft:iron_sword":261,"minecraft:iron_chestplate":9,"minecraft:oak_door":4,"minecraft:torch":9,"minecraft:dirt":30,"minecraft:anvil":3,"minecraft:hopper":31,"minecraft:bookshelf":27,"minecraft:villager_spawn_egg":79,"minecraft:iron_block":1,"minecraft:iron_axe":225,"minecraft:iron_helmet":8,"minecraft:iron_boots":9,"minecraft:stone_bricks":1,"minecraft:diamond_chestplate":1,"minecraft:cooked_beef":61,"minecraft:iron_leggings":10,"minecraft:water_bucket":18,"minecraft:diamond_boots":1,"minecraft:oak_planks":4,"minecraft:baked_potato":2,"minecraft:iron_golem_spawn_egg":3,"minecraft:composter":1,"minecraft:cauldron":6,"minecraft:blue_bed":34,"minecraft:diamond_axe":36,"minecraft:sugar_cane":328,"minecraft:oak_slab":712,"minecraft:white_bed":4,"minecraft:oak_log":1,"minecraft:iron_pickaxe":111,"minecraft:spruce_sapling":40,"minecraft:gravel":1,"minecraft:diamond_sword":147,"minecraft:cobblestone":6,"minecraft:bucket":4,"minecraft:yellow_bed":1,"minecraft:bone_meal":1106},"minecraft:broken":{"minecraft:iron_shovel":2,"minecraft:iron_boots":1,"minecraft:iron_helmet":1},"minecraft:picked_up":{"minecraft:iron_chestplate":17,"minecraft:chicken":2,"minecraft:ladder":2,"minecraft:diamond_sword":7,"minecraft:shield":11,"minecraft:string":5,"minecraft:oak_trapdoor":2,"minecraft:iron_axe":16,"minecraft:iron_leggings":14,"minecraft:iron_shovel":2,"minecraft:cobbled_deepslate":5,"minecraft:poppy":23,"minecraft:iron_pickaxe":16,"minecraft:sugar_cane":1651,"minecraft:chest":1,"minecraft:iron_boots":14,"minecraft:stick":17,"minecraft:raw_iron":4,"minecraft:oak_door":4,"minecraft:composter":1,"minecraft:torch":9,"minecraft:cherry_log":39,"minecraft:pointed_dripstone":21,"minecraft:carrot":10782,"minecraft:arrow":12,"minecraft:rotten_flesh":12,"minecraft:gold_ingot":3,"minecraft:mutton":10,"minecraft:white_wool":3,"minecraft:cobblestone":126,"minecraft:birch_log":6,"minecraft:leather_chestplate":1,"minecraft:feather":1,"minecraft:cooked_beef":779,"minecraft:cherry_planks":12,"minecraft:water_bucket":4,"minecraft:oak_log":1,"minecraft:yellow_bed":1,"minecraft:acacia_boat":4,"minecraft:gunpowder":3,"minecraft:lapis_lazuli":14,"minecraft:blue_bed":1,"minecraft:dirt":1113,"minecraft:paper":952,"minecraft:lantern":12,"minecraft:name_tag":2,"minecraft:bone":8,"minecraft:stone_bricks":1,"minecraft:wheat_seeds":25,"minecraft:iron_ingot":190,"minecraft:oak_planks":31,"minecraft:iron_sword":8,"minecraft:oak_slab":89,"minecraft:dandelion":1,"minecraft:gravel":1,"minecraft:lava_bucket":1,"minecraft:spruce_sapling":26,"minecraft:white_bed":9,"minecraft:spruce_log":107,"minecraft:spider_eye":7,"minecraft:iron_hoe":2,"minecraft:diamond":4,"minecraft:iron_helmet":13,"minecraft:diamond_axe":1,"minecraft:bone_meal":420,"minecraft:bread":3,"minecraft:baked_potato":38,"minecraft:oak_sapling":8}},"DataVersion":3953}