{"stats":{"minecraft:killed":{"apocalypsenow:looter_4":1,"minecraft:iron_golem":5,"apocalypsenow:runner_35":1,"minecraft:villager":1},"minecraft:dropped":{"minecraft:iron_golem_spawn_egg":1,"minecraft:rotten_flesh":2,"minecraft:grass_block":1},"minecraft:custom":{"minecraft:time_since_rest":22851,"minecraft:sprint_one_cm":18394,"minecraft:damage_taken":237,"minecraft:walk_one_cm":63271,"minecraft:mob_kills":12,"minecraft:drop":3,"minecraft:damage_dealt":1547,"minecraft:talked_to_villager":2,"minecraft:fly_one_cm":300174,"minecraft:open_chest":11,"minecraft:crouch_one_cm":146,"minecraft:play_time":40097,"minecraft:deaths":1,"minecraft:sneak_time":1394,"minecraft:walk_under_water_one_cm":14789,"minecraft:jump":174,"minecraft:walk_on_water_one_cm":114,"minecraft:time_since_death":39019,"minecraft:sleep_in_bed":1,"minecraft:total_world_time":40097,"minecraft:climb_one_cm":19363},"minecraft:killed_by":{"apocalypsenow:runner_50":1},"minecraft:picked_up":{"minecraft:sweet_berries":6,"minecraft:dirt":20,"minecraft:rotten_flesh":46,"realistictorches:unlit_torch":31,"minecraft:iron_golem_spawn_egg":1,"minecraft:iron_ingot":8,"minecraft:poppy":4},"minecraft:used":{"farmersdelight:onion_crate":1,"minecraft:water_bucket":2,"minecraft:villager_spawn_egg":66,"apocalypsenow:executioners_sword":4,"minecraft:grass_block":15,"realistictorches:lit_torch":395,"minecraft:ladder":128,"minecraft:map":1,"apocalypsenow:katana":12,"minecraft:iron_golem_spawn_egg":56,"minecraft:spruce_planks":7,"apocalypsenow:electric_module_katana":2,"minecraft:stone":31,"minecraft:zombie_spawn_egg":19,"minecraft:gravel":36,"minecraft:deepslate":218,"minecraft:bedrock":1,"minecraft:torch":1,"minecraft:cobblestone":1,"farmersdelight:wild_onions":1,"minecraft:spruce_log":1,"realistictorches:unlit_torch":1}},"DataVersion":3465}