{"stats":{"minecraft:dropped":{"minecraft:acacia_boat":1,"minecraft:iron_sword":1,"minecraft:lapis_lazuli":63,"minecraft:cooked_beef":116,"minecraft:glow_ink_sac":3,"minecraft:diamond":77,"minecraft:dirt":726,"minecraft:gold_nugget":14,"minecraft:bone_meal":64,"minecraft:iron_pickaxe":4,"minecraft:white_wool":2,"minecraft:gray_dye":864,"minecraft:blue_bed":1,"minecraft:gold_ingot":3,"minecraft:bone":10,"minecraft:gravel":1,"minecraft:sugar_cane":374,"minecraft:cooked_chicken":2,"minecraft:cobbled_deepslate":6,"minecraft:rotten_flesh":45,"minecraft:oak_planks":1,"minecraft:carrot":29733,"minecraft:poppy":18,"minecraft:leather_chestplate":1,"minecraft:gunpowder":3,"minecraft:leather_boots":1,"minecraft:chest":1,"minecraft:arrow":6,"minecraft:enchanted_book":1,"minecraft:iron_ingot":59,"minecraft:bread":3,"minecraft:oak_slab":2,"minecraft:wheat_seeds":3,"minecraft:tnt":15,"minecraft:feather":3,"minecraft:lead":2,"minecraft:iron_helmet":2,"minecraft:cobblestone":67,"minecraft:grass_block":1,"minecraft:stick":8,"minecraft:diorite":5,"minecraft:rabbit":3,"minecraft:diamond_helmet":1,"minecraft:iron_leggings":2,"minecraft:iron_axe":2,"minecraft:chainmail_leggings":2,"minecraft:iron_shovel":3,"minecraft:paper":250,"minecraft:string":13,"minecraft:spruce_sapling":7,"minecraft:dandelion":230,"minecraft:polished_deepslate":2,"minecraft:raw_copper":3,"minecraft:chicken":2,"minecraft:iron_boots":2,"minecraft:iron_hoe":1,"minecraft:diamond_sword":1,"minecraft:stone":1,"minecraft:shield":3,"minecraft:diamond_chestplate":1,"minecraft:iron_chestplate":6,"minecraft:golden_leggings":2,"minecraft:oak_boat":1,"minecraft:oak_sapling":5,"minecraft:spider_eye":4,"minecraft:diamond_boots":2,"minecraft:spruce_log":106,"minecraft:bow":1},"minecraft:picked_up":{"minecraft:iron_chestplate":20,"minecraft:lead":7,"minecraft:diamond_sword":17,"minecraft:potion":1,"minecraft:enchanted_book":1,"minecraft:infested_stone":6540,"minecraft:golden_sword":3,"minecraft:stray_spawn_egg":1,"minecraft:polished_deepslate":7,"minecraft:string":41,"minecraft:raw_copper":6,"minecraft:iron_leggings":16,"minecraft:diamond_leggings":8,"minecraft:gold_nugget":56,"minecraft:cobbled_deepslate":8,"minecraft:bucket":6,"minecraft:spruce_planks":1,"minecraft:trial_key":1,"minecraft:iron_pickaxe":17,"minecraft:iron_boots":16,"minecraft:tipped_arrow":114,"minecraft:stick":17,"minecraft:composter":1,"minecraft:torch":9,"minecraft:porkchop":5,"minecraft:cherry_log":39,"minecraft:pointed_dripstone":28,"minecraft:diorite":10,"minecraft:stone_sword":1,"minecraft:rotten_flesh":94,"minecraft:iron_block":4,"minecraft:white_terracotta":9,"minecraft:blaze_rod":2,"minecraft:cobblestone":420,"minecraft:birch_log":6,"minecraft:leather_chestplate":1,"minecraft:feather":3,"minecraft:cooked_beef":1266,"minecraft:cherry_planks":12,"minecraft:water_bucket":4,"minecraft:golden_leggings":2,"minecraft:potato":766,"minecraft:flint":10,"minecraft:acacia_boat":4,"minecraft:dirt":1163,"minecraft:lapis_lazuli":14,"minecraft:lantern":12,"minecraft:name_tag":3,"minecraft:leather_boots":1,"minecraft:bone":18,"minecraft:chipped_anvil":1,"minecraft:bow":9,"minecraft:wheat_seeds":27,"minecraft:rabbit":6,"minecraft:diamond_helmet":7,"minecraft:oak_planks":35,"minecraft:poisonous_potato":4,"minecraft:grass_block":1,"minecraft:iron_hoe":2,"minecraft:diamond":61,"minecraft:breeze_rod":3,"minecraft:bone_meal":420,"minecraft:emerald":2,"minecraft:bread":6,"minecraft:oak_sapling":10,"minecraft:diamond_pickaxe":9,"minecraft:chicken":2,"minecraft:ladder":2,"minecraft:shield":12,"minecraft:wind_charge":3,"minecraft:oak_trapdoor":2,"minecraft:iron_axe":18,"minecraft:iron_shovel":3,"minecraft:oak_boat":5,"minecraft:poppy":36,"minecraft:sugar_cane":1696,"minecraft:chest":1,"minecraft:waxed_oxidized_copper":3,"minecraft:egg":1,"minecraft:lime_shulker_box":3,"minecraft:raw_iron":4,"minecraft:oak_door":4,"minecraft:gray_dye":1184,"minecraft:carrot":10782,"minecraft:cyan_shulker_box":1,"minecraft:tnt":15,"minecraft:arrow":38,"minecraft:red_shulker_box":1,"minecraft:diamond_chestplate":13,"minecraft:diamond_boots":12,"minecraft:gold_ingot":3,"minecraft:tuff_bricks":2,"minecraft:mutton":12,"minecraft:white_wool":4,"minecraft:glow_ink_sac":3,"minecraft:waxed_copper_block":1,"minecraft:oak_log":4,"minecraft:yellow_bed":2,"minecraft:gunpowder":4,"minecraft:blue_bed":2,"minecraft:paper":952,"minecraft:stone_bricks":1,"minecraft:iron_ingot":275,"minecraft:cooked_chicken":2,"minecraft:iron_sword":9,"minecraft:oak_slab":91,"minecraft:dandelion":194,"minecraft:lava_bucket":2,"minecraft:gravel":3,"minecraft:spruce_sapling":26,"minecraft:white_bed":9,"minecraft:spruce_log":107,"minecraft:spider_eye":10,"minecraft:leather_helmet":1,"minecraft:chainmail_leggings":2,"minecraft:iron_helmet":13,"minecraft:diamond_axe":3,"minecraft:baked_potato":602,"minecraft:ender_pearl":1},"minecraft:killed_by":{"minecraft:piglin_brute":1,"minecraft:creeper":3,"minecraft:silverfish":3,"minecraft:illusioner":1,"minecraft:player":10,"minecraft:iron_golem":35},"minecraft:mined":{"minecraft:spruce_planks":1,"minecraft:white_bed":2,"minecraft:granite":5,"minecraft:grass_block":637,"minecraft:composter":1,"minecraft:tuff_bricks":3,"minecraft:iron_ore":4,"minecraft:fire":56,"minecraft:cobbled_deepslate":4,"minecraft:polished_tuff":1,"minecraft:pointed_dripstone":24,"minecraft:dirt_path":2,"minecraft:torch":1,"minecraft:chest":1,"minecraft:cobblestone":52,"minecraft:oak_planks":26,"minecraft:sugar_cane":805,"minecraft:wall_torch":5,"minecraft:birch_log":6,"minecraft:waxed_copper_block":1,"minecraft:oak_log":4,"minecraft:waxed_oxidized_copper":3,"minecraft:dirt":452,"minecraft:oak_leaves":1,"minecraft:deepslate":10,"minecraft:tuff":6,"minecraft:oak_door":4,"minecraft:ladder":1,"minecraft:spruce_leaves":14,"minecraft:oak_trapdoor":2,"minecraft:spruce_sapling":11,"minecraft:potatoes":165,"minecraft:stone":111,"minecraft:white_wool":1,"minecraft:oak_slab":28,"minecraft:cherry_planks":12,"minecraft:dandelion":4,"minecraft:short_grass":33,"minecraft:tall_grass":7,"minecraft:copper_ore":3,"minecraft:diorite":8,"minecraft:blue_bed":1,"minecraft:spruce_log":119,"minecraft:yellow_bed":1,"minecraft:bee_nest":1,"minecraft:gravel":1,"minecraft:stone_bricks":1,"minecraft:chipped_anvil":1,"minecraft:infested_stone":43},"minecraft:custom":{"minecraft:interact_with_crafting_table":18,"minecraft:open_barrel":4,"minecraft:open_shulker_box":14,"minecraft:leave_game":31,"minecraft:time_since_death":11721,"minecraft:damage_resisted":163503,"minecraft:sprint_one_cm":1156933,"minecraft:damage_blocked_by_shield":3501,"minecraft:drop":1043,"minecraft:talked_to_villager":14,"minecraft:play_time":722275,"minecraft:deaths":54,"minecraft:jump":10924,"minecraft:walk_on_water_one_cm":229691,"minecraft:enchant_item":1,"minecraft:interact_with_furnace":20,"minecraft:sleep_in_bed":54,"minecraft:open_enderchest":15,"minecraft:damage_dealt":74882,"minecraft:player_kills":9,"minecraft:crouch_one_cm":122369,"minecraft:inspect_dispenser":2,"minecraft:horse_one_cm":423,"minecraft:interact_with_smithing_table":1,"minecraft:mob_kills":683,"minecraft:interact_with_anvil":10,"minecraft:inspect_hopper":5,"minecraft:damage_dealt_resisted":865,"minecraft:climb_one_cm":42946,"minecraft:walk_one_cm":1537195,"minecraft:sneak_time":31059,"minecraft:walk_under_water_one_cm":371675,"minecraft:boat_one_cm":35328,"minecraft:total_world_time":722275,"minecraft:time_since_rest":11762,"minecraft:damage_taken":25211,"minecraft:swim_one_cm":736852,"minecraft:fly_one_cm":2866796,"minecraft:open_chest":165,"minecraft:fall_one_cm":175722},"minecraft:killed":{"minecraft:zombified_piglin":15,"minecraft:spider":11,"minecraft:skeleton":13,"minecraft:silverfish":361,"minecraft:illusioner":1,"minecraft:cat":1,"minecraft:pig":2,"minecraft:zombie_villager":2,"minecraft:iron_golem":29,"minecraft:creeper":6,"minecraft:sheep":2,"minecraft:zombie":46,"minecraft:stray":12,"minecraft:glow_squid":1,"minecraft:drowned":3,"minecraft:husk":7,"minecraft:breeze":2,"minecraft:villager":87,"minecraft:enderman":2},"minecraft:crafted":{"minecraft:oak_planks":12,"minecraft:diamond_helmet":1,"minecraft:iron_boots":1,"minecraft:diamond_leggings":1,"minecraft:crafting_table":1,"minecraft:spruce_planks":4,"minecraft:iron_helmet":1,"minecraft:iron_chestplate":1,"minecraft:diamond_pickaxe":1,"minecraft:shield":1,"minecraft:stick":16,"minecraft:iron_ingot":198,"minecraft:iron_block":1,"minecraft:raw_iron":90,"minecraft:coal":18,"minecraft:iron_axe":1,"minecraft:diamond_boots":1,"minecraft:enchanting_table":1,"minecraft:iron_sword":2,"minecraft:air":0,"minecraft:oak_boat":1,"minecraft:iron_shovel":3,"minecraft:iron_leggings":1,"minecraft:lapis_lazuli":90,"minecraft:diamond_chestplate":1},"minecraft:used":{"minecraft:iron_shovel":1084,"minecraft:ladder":34,"minecraft:chest":35,"minecraft:shield":44,"minecraft:white_terracotta":4,"minecraft:stone":52,"minecraft:iron_sword":265,"minecraft:zombie_spawn_egg":19,"minecraft:vex_spawn_egg":1,"minecraft:iron_chestplate":11,"minecraft:waxed_oxidized_copper":1,"minecraft:lava_bucket":13,"minecraft:villager_spawn_egg":79,"minecraft:grass_block":132,"minecraft:panda_spawn_egg":66,"minecraft:iron_helmet":8,"minecraft:stone_bricks":1,"minecraft:slime_spawn_egg":1,"minecraft:item_frame":2,"minecraft:bow":40,"minecraft:oak_sapling":129,"minecraft:egg":1,"minecraft:potato":6,"minecraft:diamond_boots":5,"minecraft:infested_stone":1228,"minecraft:oak_planks":25,"minecraft:ender_pearl":1,"minecraft:composter":1,"minecraft:blue_bed":34,"minecraft:diamond_axe":48,"minecraft:sugar_cane":328,"minecraft:white_wool":1,"minecraft:crossbow":16,"minecraft:squid_spawn_egg":1,"minecraft:creeper_spawn_egg":2,"minecraft:breeze_spawn_egg":24,"minecraft:string":1,"minecraft:gravel":1,"minecraft:cat_spawn_egg":1,"minecraft:diamond_sword":663,"minecraft:piglin_spawn_egg":1,"minecraft:oak_boat":1,"minecraft:bone_meal":1106,"minecraft:oak_trapdoor":2,"minecraft:netherite_sword":3,"minecraft:enchanting_table":1,"minecraft:stone_sword":2,"minecraft:pufferfish_spawn_egg":1,"minecraft:silverfish_spawn_egg":290,"minecraft:ender_chest":1,"minecraft:wither_skeleton_spawn_egg":2,"minecraft:structure_block":1,"minecraft:trial_key":1,"minecraft:oak_door":4,"minecraft:torch":9,"minecraft:dirt":61,"minecraft:anvil":3,"minecraft:hopper":31,"minecraft:diamond_helmet":3,"minecraft:red_shulker_box":1,"minecraft:chipped_anvil":1,"minecraft:bookshelf":27,"minecraft:cyan_shulker_box":1,"minecraft:iron_block":1,"minecraft:iron_axe":225,"minecraft:iron_boots":10,"minecraft:blaze_spawn_egg":1,"minecraft:diamond_chestplate":6,"minecraft:wolf_spawn_egg":1,"minecraft:cooked_beef":126,"minecraft:cobbled_deepslate":1,"minecraft:iron_leggings":12,"minecraft:pointed_dripstone":7,"minecraft:water_bucket":47,"minecraft:baked_potato":9,"minecraft:iron_golem_spawn_egg":18,"minecraft:cauldron":6,"minecraft:horse_spawn_egg":1,"minecraft:rabbit_spawn_egg":1,"minecraft:oak_slab":714,"minecraft:crafting_table":1,"minecraft:white_bed":4,"minecraft:polar_bear_spawn_egg":22,"minecraft:lime_shulker_box":3,"minecraft:oak_log":5,"minecraft:diamond_pickaxe":162,"minecraft:wind_charge":3,"minecraft:pig_spawn_egg":1,"minecraft:iron_pickaxe":111,"minecraft:stone_slab":23,"minecraft:spruce_sapling":40,"minecraft:cobblestone":149,"minecraft:porkchop":1,"minecraft:bucket":41,"minecraft:yellow_bed":2,"minecraft:dandelion":896,"minecraft:splash_potion":53,"minecraft:diamond_leggings":5},"minecraft:broken":{"minecraft:iron_shovel":2,"minecraft:diamond_helmet":2,"minecraft:iron_boots":1,"minecraft:diamond_boots":1,"minecraft:diamond_chestplate":2,"minecraft:diamond_leggings":1,"minecraft:shield":1,"minecraft:iron_helmet":1}},"DataVersion":3953}