{"stats":{"minecraft:dropped":{"minecraft:nether_wart":2,"minecraft:pink_dye":4,"minecraft:apple":2,"minecraft:spider_eye":2,"minecraft:gold_nugget":4,"minecraft:pumpkin":2,"minecraft:slime_ball":2,"minecraft:lime_dye":5,"minecraft:music_disc_mellohi":1,"minecraft:carrot_on_a_stick":1,"minecraft:pumpkin_seeds":1},"minecraft:picked_up":{"minecraft:nether_wart":6,"minecraft:pumpkin":2,"minecraft:carrot_on_a_stick":1,"minecraft:gunpowder":3,"minecraft:spider_eye":2,"minecraft:lime_dye":5,"minecraft:pumpkin_seeds":1,"minecraft:apple":12,"minecraft:slime_ball":3,"minecraft:gold_nugget":4,"minecraft:pink_dye":4},"minecraft:mined":{"minecraft:pumpkin":2,"minecraft:smooth_red_sandstone":370},"minecraft:killed":{"minecraft:zombified_piglin":4,"minecraft:spider":2,"minecraft:silverfish":1,"minecraft:rabbit":4,"minecraft:slime":3,"minecraft:creeper":3},"minecraft:used":{"minecraft:diamond_pickaxe":370,"minecraft:iron_axe":31,"minecraft:carrot_on_a_stick":12,"minecraft:bow":95,"minecraft:written_book":18,"minecraft:smooth_red_sandstone":11},"minecraft:custom":{"minecraft:time_since_rest":116860,"minecraft:sprint_one_cm":164167,"minecraft:walk_one_cm":207973,"minecraft:mob_kills":66,"minecraft:interact_with_anvil":2,"minecraft:drop":26,"minecraft:damage_dealt":1765,"minecraft:talked_to_villager":1,"minecraft:fly_one_cm":211496,"minecraft:crouch_one_cm":476,"minecraft:play_time":116860,"minecraft:sneak_time":121,"minecraft:walk_under_water_one_cm":338,"minecraft:jump":797,"minecraft:leave_game":2,"minecraft:time_since_death":116860,"minecraft:walk_on_water_one_cm":1934,"minecraft:damage_resisted":1085,"minecraft:total_world_time":116860,"minecraft:climb_one_cm":1925,"minecraft:fall_one_cm":21513}},"DataVersion":3120}