{"stats":{"minecraft:killed":{"minecraft:cat":1,"minecraft:zombie_villager":1,"minecraft:zombie":4,"minecraft:drowned":2},"minecraft:used":{"minecraft:diorite":1,"minecraft:stone_pickaxe":58,"minecraft:dried_kelp":18,"minecraft:wooden_pickaxe":11,"minecraft:iron_sword":7,"minecraft:stone_hoe":131,"minecraft:rotten_flesh":1,"minecraft:dirt":11,"minecraft:sand":18,"minecraft:crafting_table":3,"minecraft:iron_axe":16,"minecraft:iron_pickaxe":2,"minecraft:spruce_sapling":1,"minecraft:stone_axe":138,"minecraft:purple_bed":1,"minecraft:furnace":5},"minecraft:mined":{"minecraft:kelp_plant":36,"minecraft:dandelion":1,"minecraft:crafting_table":6,"minecraft:grass_block":3,"minecraft:chest":2,"minecraft:cobblestone":1,"minecraft:spruce_leaves":8,"minecraft:kelp":45,"minecraft:diorite":1,"minecraft:purple_bed":1,"minecraft:furnace":6,"minecraft:iron_ore":4,"minecraft:spruce_log":99,"minecraft:grass":1,"minecraft:coal_ore":2,"minecraft:sand":18,"minecraft:dirt":9,"minecraft:stone":50,"minecraft:fern":1},"minecraft:broken":{"minecraft:stone_axe":1,"minecraft:iron_sword":1,"minecraft:stone_hoe":1},"minecraft:killed_by":{"minecraft:player":3,"minecraft:skeleton":1,"minecraft:creeper":2,"minecraft:zombie":2},"minecraft:dropped":{"minecraft:brown_mushroom":8,"minecraft:cobblestone":4,"minecraft:rotten_flesh":9,"minecraft:iron_boots":1,"minecraft:dirt":2,"minecraft:stone":4,"minecraft:iron_chestplate":1,"minecraft:wooden_axe":1,"minecraft:oak_sapling":2,"minecraft:iron_leggings":1,"minecraft:sand":20,"minecraft:wooden_pickaxe":2,"minecraft:spruce_sapling":2},"minecraft:custom":{"minecraft:interact_with_furnace":56,"minecraft:mob_kills":8,"minecraft:interact_with_crafting_table":24,"minecraft:play_one_minute":117265,"minecraft:leave_game":10,"minecraft:time_since_death":1176,"minecraft:sleep_in_bed":1,"minecraft:time_since_rest":1196,"minecraft:sprint_one_cm":121123,"minecraft:damage_taken":4788,"minecraft:walk_one_cm":131363,"minecraft:drop":20,"minecraft:damage_dealt":1473,"minecraft:swim_one_cm":14802,"minecraft:fly_one_cm":254969,"minecraft:player_kills":2,"minecraft:open_chest":14,"minecraft:crouch_one_cm":8783,"minecraft:deaths":16,"minecraft:sneak_time":3138,"minecraft:walk_under_water_one_cm":17419,"minecraft:jump":658,"minecraft:walk_on_water_one_cm":22894,"minecraft:fall_one_cm":15323},"minecraft:picked_up":{"minecraft:wooden_axe":1,"minecraft:crafting_table":7,"minecraft:brown_mushroom":14,"minecraft:wooden_pickaxe":1,"minecraft:dirt":17,"minecraft:string":1,"minecraft:iron_axe":1,"minecraft:kelp":633,"minecraft:spruce_planks":340,"minecraft:stone_pickaxe":19,"minecraft:iron_ore":8,"minecraft:iron_pickaxe":1,"minecraft:chest":2,"minecraft:iron_sword":1,"minecraft:stone_hoe":3,"minecraft:furnace":6,"minecraft:stick":122,"minecraft:sandstone":15,"minecraft:sand":144,"minecraft:dried_kelp":93,"minecraft:spruce_sapling":7,"minecraft:diorite":7,"minecraft:spruce_log":101,"minecraft:purple_bed":1,"minecraft:rotten_flesh":10,"minecraft:stone_axe":13,"minecraft:coal":4,"minecraft:cobblestone":77},"minecraft:crafted":{"minecraft:spruce_planks":296,"minecraft:dried_kelp":192,"minecraft:wooden_pickaxe":1,"minecraft:iron_helmet":1,"minecraft:iron_sword":2,"minecraft:furnace":5,"minecraft:bucket":3,"minecraft:stone_axe":3,"minecraft:air":0,"minecraft:oak_boat":1,"minecraft:iron_boots":1,"minecraft:iron_chestplate":1,"minecraft:charcoal":24,"minecraft:iron_axe":1,"minecraft:stick":144,"minecraft:iron_ingot":8,"minecraft:iron_pickaxe":1,"minecraft:stone_pickaxe":5,"minecraft:iron_leggings":1}},"DataVersion":2230}