{"stats":{"minecraft:dropped":{"minecraft:music_disc_mellohi":1},"minecraft:mined":{"minecraft:smooth_red_sandstone":370},"minecraft:used":{"minecraft:smooth_red_sandstone":11,"minecraft:diamond_pickaxe":370,"minecraft:bow":37},"minecraft:custom":{"minecraft:jump":294,"minecraft:time_since_rest":82912,"minecraft:crouch_one_cm":344,"minecraft:sprint_one_cm":61119,"minecraft:play_time":82912,"minecraft:walk_on_water_one_cm":1604,"minecraft:time_since_death":82912,"minecraft:walk_one_cm":145310,"minecraft:sneak_time":97,"minecraft:total_world_time":82912,"minecraft:interact_with_anvil":2,"minecraft:mob_kills":18,"minecraft:talked_to_villager":1,"minecraft:drop":1,"minecraft:fall_one_cm":3460,"minecraft:fly_one_cm":69359}},"DataVersion":3120}