{"stats":{"minecraft:dropped":{"minecraft:music_disc_mellohi":1},"minecraft:mined":{"minecraft:smooth_red_sandstone":370},"minecraft:used":{"minecraft:smooth_red_sandstone":11,"minecraft:diamond_pickaxe":370,"minecraft:bow":37},"minecraft:custom":{"minecraft:jump":330,"minecraft:time_since_rest":88679,"minecraft:crouch_one_cm":406,"minecraft:leave_game":2,"minecraft:play_time":88679,"minecraft:sprint_one_cm":72064,"minecraft:time_since_death":88679,"minecraft:walk_on_water_one_cm":1604,"minecraft:walk_one_cm":161958,"minecraft:sneak_time":104,"minecraft:total_world_time":88679,"minecraft:mob_kills":18,"minecraft:interact_with_anvil":2,"minecraft:fall_one_cm":3460,"minecraft:talked_to_villager":1,"minecraft:drop":1,"minecraft:fly_one_cm":78467}},"DataVersion":3120}