{"stats":{"minecraft:killed_by":{"minecraft:player":7,"minecraft:creeper":1,"minecraft:iron_golem":33},"minecraft:mined":{"minecraft:oak_slab":26,"minecraft:white_bed":1,"minecraft:oak_door":2,"minecraft:ladder":1,"minecraft:short_grass":28,"minecraft:grass_block":623,"minecraft:chest":1,"minecraft:tall_grass":7,"minecraft:cobblestone":34,"minecraft:oak_planks":20,"minecraft:sugar_cane":187,"minecraft:wall_torch":1,"minecraft:oak_trapdoor":2,"minecraft:bee_nest":1,"minecraft:dirt":431,"minecraft:stone":40},"minecraft:crafted":{"minecraft:iron_helmet":1,"minecraft:iron_sword":2,"minecraft:shield":1,"minecraft:stick":8,"minecraft:iron_shovel":3},"minecraft:custom":{"minecraft:interact_with_furnace":1,"minecraft:mob_kills":33,"minecraft:interact_with_crafting_table":8,"minecraft:leave_game":11,"minecraft:time_since_death":19438,"minecraft:sleep_in_bed":34,"minecraft:climb_one_cm":4481,"minecraft:time_since_rest":3159,"minecraft:sprint_one_cm":272050,"minecraft:damage_taken":13955,"minecraft:walk_one_cm":423524,"minecraft:damage_blocked_by_shield":486,"minecraft:drop":732,"minecraft:damage_dealt":17429,"minecraft:swim_one_cm":250930,"minecraft:talked_to_villager":9,"minecraft:fly_one_cm":955137,"minecraft:player_kills":4,"minecraft:open_chest":33,"minecraft:crouch_one_cm":66623,"minecraft:play_time":220959,"minecraft:deaths":41,"minecraft:sneak_time":14392,"minecraft:walk_under_water_one_cm":62364,"minecraft:jump":2876,"minecraft:walk_on_water_one_cm":60182,"minecraft:total_world_time":220959,"minecraft:fall_one_cm":36482},"minecraft:broken":{"minecraft:iron_shovel":2},"minecraft:used":{"minecraft:oak_trapdoor":2,"minecraft:iron_shovel":1084,"minecraft:ladder":1,"minecraft:oak_planks":2,"minecraft:iron_golem_spawn_egg":3,"minecraft:shield":7,"minecraft:iron_sword":107,"minecraft:cauldron":6,"minecraft:sugar_cane":74,"minecraft:blue_bed":33,"minecraft:oak_door":2,"minecraft:iron_chestplate":8,"minecraft:torch":5,"minecraft:dirt":2,"minecraft:oak_slab":13,"minecraft:white_bed":3,"minecraft:villager_spawn_egg":54,"minecraft:iron_axe":68,"minecraft:iron_pickaxe":74,"minecraft:iron_helmet":7,"minecraft:iron_boots":9,"minecraft:diamond_sword":145,"minecraft:cobblestone":1,"minecraft:cooked_beef":34,"minecraft:iron_leggings":8},"minecraft:picked_up":{"minecraft:leather_chestplate":1,"minecraft:iron_chestplate":11,"minecraft:feather":1,"minecraft:cooked_beef":508,"minecraft:chicken":2,"minecraft:ladder":1,"minecraft:diamond_sword":6,"minecraft:shield":8,"minecraft:acacia_boat":4,"minecraft:dirt":1038,"minecraft:oak_trapdoor":2,"minecraft:string":4,"minecraft:paper":250,"minecraft:iron_axe":11,"minecraft:iron_leggings":11,"minecraft:iron_shovel":1,"minecraft:bone":5,"minecraft:wheat_seeds":23,"minecraft:iron_ingot":148,"minecraft:poppy":8,"minecraft:iron_pickaxe":12,"minecraft:sugar_cane":313,"minecraft:chest":1,"minecraft:oak_planks":29,"minecraft:iron_sword":4,"minecraft:iron_boots":12,"minecraft:oak_slab":56,"minecraft:stick":15,"minecraft:oak_door":2,"minecraft:torch":5,"minecraft:white_bed":8,"minecraft:carrot":10782,"minecraft:spider_eye":6,"minecraft:iron_hoe":1,"minecraft:arrow":10,"minecraft:rotten_flesh":8,"minecraft:iron_helmet":10,"minecraft:bone_meal":64,"minecraft:bread":3,"minecraft:gold_ingot":3,"minecraft:oak_sapling":8,"minecraft:white_wool":2,"minecraft:cobblestone":92},"minecraft:killed":{"minecraft:cat":1,"minecraft:pig":1,"minecraft:spider":1,"minecraft:iron_golem":10,"minecraft:creeper":2,"minecraft:skeleton":3,"minecraft:zombie":4,"minecraft:villager":10},"minecraft:dropped":{"minecraft:iron_ingot":10,"minecraft:acacia_boat":1,"minecraft:oak_slab":2,"minecraft:sugar_cane":308,"minecraft:wheat_seeds":2,"minecraft:cooked_beef":84,"minecraft:rotten_flesh":4,"minecraft:feather":1,"minecraft:iron_helmet":1,"minecraft:chicken":2,"minecraft:iron_hoe":1,"minecraft:carrot":29733,"minecraft:poppy":1,"minecraft:shield":1,"minecraft:chest":1,"minecraft:oak_sapling":4,"minecraft:spider_eye":4,"minecraft:bone_meal":64,"minecraft:iron_axe":1,"minecraft:arrow":6,"minecraft:iron_pickaxe":1,"minecraft:iron_shovel":1,"minecraft:paper":250,"minecraft:string":4,"minecraft:white_wool":2,"minecraft:gold_ingot":3,"minecraft:bone":2}},"DataVersion":3953}