{"stats":{"minecraft:killed":{"apocalypsenow:looter_4":1,"minecraft:iron_golem":5,"apocalypsenow:runner_35":1,"minecraft:villager":18},"minecraft:dropped":{"minecraft:spruce_planks":64,"minecraft:iron_golem_spawn_egg":1,"minecraft:rotten_flesh":2,"minecraft:spruce_log":64,"minecraft:spruce_slab":64,"minecraft:spruce_stairs":64,"minecraft:grass_block":1},"minecraft:custom":{"minecraft:time_since_rest":73592,"minecraft:sprint_one_cm":37407,"minecraft:damage_taken":237,"minecraft:walk_one_cm":217725,"minecraft:mob_kills":30,"minecraft:drop":7,"minecraft:damage_dealt":4989,"minecraft:talked_to_villager":57,"minecraft:fly_one_cm":429172,"minecraft:open_chest":11,"minecraft:crouch_one_cm":565,"minecraft:play_time":90838,"minecraft:deaths":1,"minecraft:sneak_time":1980,"minecraft:walk_under_water_one_cm":14789,"minecraft:jump":336,"minecraft:leave_game":5,"minecraft:walk_on_water_one_cm":331,"minecraft:time_since_death":89760,"minecraft:sleep_in_bed":1,"minecraft:climb_one_cm":21639,"minecraft:total_world_time":90838},"minecraft:killed_by":{"apocalypsenow:runner_50":1},"minecraft:picked_up":{"minecraft:sweet_berries":6,"minecraft:spruce_stairs":64,"minecraft:spruce_log":64,"minecraft:dirt":20,"minecraft:rotten_flesh":47,"realistictorches:unlit_torch":31,"minecraft:spruce_planks":64,"minecraft:iron_golem_spawn_egg":1,"minecraft:iron_ingot":8,"minecraft:spruce_slab":64,"minecraft:poppy":4},"minecraft:used":{"farmersdelight:onion_crate":1,"minecraft:water_bucket":3,"minecraft:villager_spawn_egg":109,"apocalypsenow:executioners_sword":4,"realistictorches:lit_torch":484,"minecraft:grass_block":15,"minecraft:spruce_slab":95,"minecraft:ladder":129,"minecraft:map":1,"apocalypsenow:katana":44,"minecraft:lectern":11,"minecraft:iron_golem_spawn_egg":56,"minecraft:spruce_planks":16,"minecraft:spruce_trapdoor":36,"apocalypsenow:electric_module_katana":2,"minecraft:stone":31,"minecraft:zombie_spawn_egg":19,"minecraft:cauldron":2,"minecraft:deepslate":230,"minecraft:fletching_table":53,"minecraft:gravel":36,"minecraft:barrel":2,"minecraft:bedrock":1,"minecraft:brewing_stand":5,"minecraft:torch":1,"minecraft:cobblestone":1,"minecraft:grindstone":4,"minecraft:loom":1,"minecraft:smithing_table":8,"minecraft:spruce_stairs":93,"minecraft:blast_furnace":1,"farmersdelight:wild_onions":1,"minecraft:spruce_log":232,"minecraft:smoker":1,"realistictorches:unlit_torch":3}},"DataVersion":3465}