{"stats":{"minecraft:dropped":{"minecraft:blue_shulker_box":1,"minecraft:acacia_boat":1,"minecraft:iron_sword":2,"minecraft:glow_ink_sac":3,"minecraft:diamond_axe":5,"minecraft:lapis_lazuli":63,"minecraft:lime_shulker_box":1,"minecraft:cooked_beef":264,"minecraft:baked_potato":128,"minecraft:diamond":77,"minecraft:crafting_table":1,"minecraft:ender_pearl":2,"minecraft:warden_spawn_egg":2,"minecraft:crossbow":2,"minecraft:emerald":73,"minecraft:red_shulker_box":2,"minecraft:dirt":745,"minecraft:cornflower":1,"minecraft:black_shulker_box":1,"minecraft:gold_nugget":26,"minecraft:bone_meal":64,"minecraft:bolt_armor_trim_smithing_template":1,"minecraft:iron_pickaxe":5,"minecraft:sugar":2,"minecraft:white_wool":2,"minecraft:gray_dye":864,"minecraft:blue_bed":1,"minecraft:gold_ingot":3,"minecraft:bone":196,"minecraft:gravel":1,"minecraft:sugar_cane":375,"minecraft:cooked_chicken":2,"minecraft:cobbled_deepslate":6,"minecraft:rotten_flesh":192,"minecraft:oak_planks":17,"minecraft:cyan_shulker_box":1,"minecraft:carrot":29733,"minecraft:chainmail_chestplate":1,"minecraft:brown_shulker_box":1,"minecraft:bat_spawn_egg":3,"minecraft:wind_charge":60,"minecraft:poppy":36,"minecraft:leather_chestplate":1,"minecraft:tipped_arrow":14,"minecraft:gunpowder":252,"minecraft:leather_boots":1,"minecraft:chest":4,"minecraft:chainmail_boots":1,"minecraft:spruce_slab":1,"minecraft:arrow":259,"minecraft:firework_rocket":10,"minecraft:enchanted_book":4,"minecraft:orange_shulker_box":1,"minecraft:bread":3,"minecraft:iron_ingot":106,"minecraft:oak_slab":2,"minecraft:water_bucket":2,"minecraft:wheat_seeds":4,"minecraft:tnt":15,"minecraft:diamond_leggings":8,"minecraft:feather":3,"minecraft:lead":2,"minecraft:iron_helmet":5,"minecraft:cobblestone":104,"minecraft:spruce_door":2,"minecraft:chainmail_helmet":1,"minecraft:grass_block":2,"minecraft:enderman_spawn_egg":1,"minecraft:stick":73,"minecraft:lava_bucket":2,"minecraft:diorite":5,"minecraft:rabbit":3,"minecraft:diamond_helmet":9,"minecraft:potion":63,"minecraft:iron_leggings":2,"minecraft:iron_axe":2,"minecraft:iron_shovel":3,"minecraft:chainmail_leggings":3,"minecraft:paper":482,"minecraft:string":15,"minecraft:spruce_sapling":7,"minecraft:dandelion":275,"minecraft:polished_deepslate":2,"minecraft:zombie_spawn_egg":1,"minecraft:ender_chest":1,"minecraft:raw_copper":3,"minecraft:composter":1,"minecraft:chicken":2,"minecraft:iron_boots":2,"minecraft:iron_hoe":1,"minecraft:white_shulker_box":1,"minecraft:deepslate_bricks":1,"minecraft:diamond_sword":5,"minecraft:stone":1,"minecraft:shield":4,"minecraft:diamond_chestplate":10,"minecraft:golden_leggings":2,"minecraft:diamond_pickaxe":6,"minecraft:iron_chestplate":6,"minecraft:cake":1,"minecraft:oak_boat":1,"minecraft:oak_sapling":5,"minecraft:pink_shulker_box":1,"minecraft:barrel":2,"minecraft:spider_eye":4,"minecraft:diamond_boots":10,"minecraft:spruce_log":121,"minecraft:bow":5,"minecraft:purple_shulker_box":2,"minecraft:light_blue_shulker_box":3},"minecraft:picked_up":{"minecraft:command_block_minecart":1,"minecraft:iron_chestplate":20,"minecraft:chainmail_boots":1,"minecraft:light_gray_shulker_box":4,"minecraft:suspicious_stew":1,"minecraft:lead":8,"minecraft:stone_slab":1,"minecraft:diamond_sword":33,"minecraft:oak_stairs":64,"minecraft:turtle_egg":1,"minecraft:potion":71,"minecraft:enchanted_book":9,"minecraft:knowledge_book":4,"minecraft:purple_shulker_box":12,"minecraft:infested_stone":6755,"minecraft:light":1,"minecraft:golden_sword":3,"minecraft:stray_spawn_egg":1,"minecraft:polished_deepslate":7,"minecraft:string":47,"minecraft:raw_copper":6,"minecraft:iron_leggings":16,"minecraft:pink_shulker_box":5,"minecraft:oak_sign":1,"minecraft:diamond_leggings":20,"minecraft:black_shulker_box":9,"minecraft:gold_nugget":69,"minecraft:cobbled_deepslate":8,"minecraft:bucket":6,"minecraft:spruce_planks":1,"minecraft:trial_key":1,"minecraft:written_book":1,"minecraft:iron_pickaxe":18,"minecraft:melon_slice":2,"minecraft:iron_boots":16,"minecraft:furnace":1,"minecraft:tipped_arrow":114,"minecraft:golden_helmet":2,"minecraft:stick":80,"minecraft:orange_shulker_box":7,"minecraft:composter":3,"minecraft:oak_fence":7,"minecraft:torch":9,"minecraft:porkchop":6,"minecraft:villager_spawn_egg":128,"minecraft:cherry_log":39,"minecraft:pointed_dripstone":28,"minecraft:diorite":10,"minecraft:gray_shulker_box":5,"minecraft:gray_stained_glass_pane":7,"minecraft:stone_sword":1,"minecraft:command_block":1,"minecraft:rotten_flesh":242,"minecraft:tropical_fish":3,"minecraft:brown_shulker_box":7,"minecraft:iron_block":4,"minecraft:white_terracotta":9,"minecraft:blaze_rod":7,"minecraft:cod":1,"minecraft:cobblestone":478,"minecraft:sponge":2,"minecraft:birch_log":6,"minecraft:leather_chestplate":2,"minecraft:barrier":3,"minecraft:feather":3,"minecraft:cooked_beef":1789,"minecraft:magma_cream":2,"minecraft:repeater":1,"minecraft:cherry_planks":12,"minecraft:water_bucket":5,"minecraft:skeleton_horse_spawn_egg":1,"minecraft:golden_leggings":2,"minecraft:potato":766,"minecraft:flint":10,"minecraft:light_gray_dye":1,"minecraft:acacia_boat":4,"minecraft:dirt":1203,"minecraft:green_shulker_box":4,"minecraft:lapis_lazuli":14,"minecraft:lantern":12,"minecraft:name_tag":5,"minecraft:leather_boots":2,"minecraft:jigsaw":1,"minecraft:bone":268,"minecraft:chipped_anvil":1,"minecraft:bow":14,"minecraft:wheat_seeds":28,"minecraft:bolt_armor_trim_smithing_template":1,"minecraft:netherite_axe":1,"minecraft:rabbit":6,"minecraft:diamond_helmet":16,"minecraft:oak_planks":58,"minecraft:debug_stick":1,"minecraft:poisonous_potato":4,"minecraft:pink_stained_glass_pane":6,"minecraft:enderman_spawn_egg":1,"minecraft:black_stained_glass_pane":8,"minecraft:structure_void":1,"minecraft:sand":1,"minecraft:light_blue_shulker_box":9,"minecraft:grass_block":3,"minecraft:shulker_box":2,"minecraft:barrel":4,"minecraft:bundle":1,"minecraft:iron_hoe":2,"minecraft:dispenser":6,"minecraft:sugar":1,"minecraft:diamond":63,"minecraft:crossbow":3,"minecraft:breeze_rod":3,"minecraft:bone_meal":420,"minecraft:chainmail_helmet":1,"minecraft:emerald":75,"minecraft:bread":6,"minecraft:oak_sapling":10,"minecraft:diamond_pickaxe":25,"minecraft:lingering_potion":1,"minecraft:lime_stained_glass_pane":24,"minecraft:crafting_table":2,"minecraft:ominous_bottle":1,"minecraft:azure_bluet":1,"minecraft:splash_potion":1,"minecraft:chicken":2,"minecraft:ladder":2,"minecraft:structure_block":1,"minecraft:leather_leggings":1,"minecraft:rabbit_stew":2,"minecraft:shield":17,"minecraft:brick":1,"minecraft:wind_charge":63,"minecraft:cornflower":1,"minecraft:oak_trapdoor":2,"minecraft:iron_axe":18,"minecraft:item_frame":2,"minecraft:iron_shovel":5,"minecraft:oak_boat":5,"minecraft:player_head":1,"minecraft:spruce_slab":1,"minecraft:observer":4,"minecraft:poppy":57,"minecraft:lectern":5,"minecraft:blue_shulker_box":5,"minecraft:sugar_cane":1697,"minecraft:chest":137,"minecraft:diamond_hoe":2,"minecraft:waxed_oxidized_copper":3,"minecraft:egg":1,"minecraft:lime_shulker_box":13,"minecraft:raw_iron":4,"minecraft:oak_door":4,"minecraft:red_stained_glass_pane":11,"minecraft:gray_dye":1184,"minecraft:cake":1,"minecraft:magenta_shulker_box":1,"minecraft:trident":1,"minecraft:carrot":10782,"minecraft:redstone":8,"minecraft:cyan_shulker_box":2,"minecraft:tnt":15,"minecraft:arrow":401,"minecraft:repeating_command_block":1,"minecraft:red_shulker_box":11,"minecraft:diamond_chestplate":25,"minecraft:deepslate_bricks":1,"minecraft:diamond_boots":24,"minecraft:glistering_melon_slice":2,"minecraft:gold_ingot":3,"minecraft:oak_chest_boat":1,"minecraft:white_shulker_box":5,"minecraft:petrified_oak_slab":1,"minecraft:tuff_bricks":2,"minecraft:mutton":12,"minecraft:white_wool":4,"minecraft:yellow_shulker_box":6,"minecraft:golden_carrot":1,"minecraft:glow_ink_sac":3,"minecraft:fox_spawn_egg":1,"minecraft:red_mushroom":1,"minecraft:filled_map":1,"minecraft:bedrock":1,"minecraft:waxed_copper_block":1,"minecraft:oak_log":4,"minecraft:chainmail_chestplate":1,"minecraft:yellow_bed":2,"minecraft:gunpowder":255,"minecraft:blue_bed":3,"minecraft:paper":1186,"minecraft:white_banner":2,"minecraft:spawner":2,"minecraft:stone_bricks":1,"minecraft:heart_of_the_sea":2,"minecraft:iron_ingot":332,"minecraft:cooked_chicken":2,"minecraft:iron_sword":12,"minecraft:book":1,"minecraft:oak_slab":91,"minecraft:chain_command_block":1,"minecraft:dandelion":241,"minecraft:gravel":4,"minecraft:lava_bucket":4,"minecraft:spruce_sapling":26,"minecraft:white_bed":10,"minecraft:spruce_log":122,"minecraft:dragon_egg":2,"minecraft:spider_eye":13,"minecraft:spruce_door":3,"minecraft:leather_helmet":2,"minecraft:firework_rocket":2254,"minecraft:sculk_sensor":1,"minecraft:chainmail_leggings":3,"minecraft:iron_helmet":19,"minecraft:diamond_axe":16,"minecraft:oak_button":1,"minecraft:baked_potato":787,"minecraft:ender_pearl":3},"minecraft:killed_by":{"minecraft:zombified_piglin":1,"minecraft:piglin_brute":1,"minecraft:creeper":3,"minecraft:silverfish":3,"minecraft:illusioner":1,"minecraft:player":14,"minecraft:iron_golem":37},"minecraft:mined":{"minecraft:spruce_planks":1,"minecraft:white_bed":2,"minecraft:granite":5,"minecraft:grass_block":642,"minecraft:composter":1,"minecraft:tuff_bricks":3,"minecraft:iron_ore":4,"minecraft:cobbled_deepslate":4,"minecraft:fire":58,"minecraft:polished_tuff":1,"minecraft:pointed_dripstone":24,"minecraft:dirt_path":2,"minecraft:brown_shulker_box":1,"minecraft:torch":1,"minecraft:chest":1,"minecraft:glass":3,"minecraft:cobblestone":57,"minecraft:oak_planks":28,"minecraft:sugar_cane":805,"minecraft:wall_torch":5,"minecraft:birch_log":6,"minecraft:waxed_copper_block":1,"minecraft:oak_log":4,"minecraft:waxed_oxidized_copper":3,"minecraft:dirt":460,"minecraft:dispenser":3,"minecraft:oak_leaves":1,"minecraft:deepslate":12,"minecraft:tuff":6,"minecraft:oak_door":4,"minecraft:ladder":1,"minecraft:spruce_leaves":14,"minecraft:oak_trapdoor":2,"minecraft:spruce_sapling":11,"minecraft:potatoes":165,"minecraft:stone":114,"minecraft:white_wool":1,"minecraft:oak_slab":28,"minecraft:cherry_planks":12,"minecraft:observer":3,"minecraft:spruce_door":1,"minecraft:dandelion":4,"minecraft:oak_fence":7,"minecraft:short_grass":35,"minecraft:lectern":5,"minecraft:copper_ore":3,"minecraft:tall_grass":7,"minecraft:diorite":8,"minecraft:blue_bed":1,"minecraft:spruce_log":119,"minecraft:bee_nest":1,"minecraft:yellow_bed":1,"minecraft:gravel":2,"minecraft:stone_bricks":1,"minecraft:chipped_anvil":1,"minecraft:infested_stone":45},"minecraft:custom":{"minecraft:interact_with_crafting_table":20,"minecraft:open_barrel":10,"minecraft:open_shulker_box":118,"minecraft:bell_ring":6,"minecraft:eat_cake_slice":4,"minecraft:leave_game":35,"minecraft:time_since_death":8288,"minecraft:damage_resisted":234713,"minecraft:sprint_one_cm":1465049,"minecraft:damage_blocked_by_shield":3501,"minecraft:drop":1289,"minecraft:talked_to_villager":25,"minecraft:play_time":1088767,"minecraft:deaths":66,"minecraft:jump":15201,"minecraft:walk_on_water_one_cm":321448,"minecraft:enchant_item":1,"minecraft:interact_with_furnace":20,"minecraft:sleep_in_bed":62,"minecraft:open_enderchest":145,"minecraft:damage_dealt":103893,"minecraft:player_kills":15,"minecraft:crouch_one_cm":245661,"minecraft:inspect_dispenser":48,"minecraft:horse_one_cm":312383,"minecraft:interact_with_smithing_table":1,"minecraft:mob_kills":936,"minecraft:interact_with_anvil":33,"minecraft:inspect_hopper":8,"minecraft:damage_dealt_resisted":965,"minecraft:climb_one_cm":47125,"minecraft:walk_one_cm":2093615,"minecraft:sneak_time":47517,"minecraft:walk_under_water_one_cm":586012,"minecraft:boat_one_cm":37924,"minecraft:total_world_time":1088767,"minecraft:time_since_rest":8342,"minecraft:damage_taken":2147483647,"minecraft:swim_one_cm":1307367,"minecraft:fly_one_cm":3867799,"minecraft:open_chest":220,"minecraft:fall_one_cm":276870},"minecraft:killed":{"minecraft:zombified_piglin":18,"minecraft:spider":16,"minecraft:wither":1,"minecraft:skeleton":24,"minecraft:chicken":34,"minecraft:silverfish":378,"minecraft:illusioner":1,"minecraft:skeleton_horse":1,"minecraft:cat":2,"minecraft:wolf":2,"minecraft:pig":4,"minecraft:zombie_villager":2,"minecraft:iron_golem":44,"minecraft:creeper":21,"minecraft:sheep":8,"minecraft:trader_llama":2,"minecraft:pillager":3,"minecraft:zombie":63,"minecraft:stray":12,"minecraft:glow_squid":1,"minecraft:endermite":1,"minecraft:horse":2,"minecraft:drowned":13,"minecraft:husk":7,"minecraft:squid":1,"minecraft:breeze":2,"minecraft:villager":148,"minecraft:enderman":4},"minecraft:crafted":{"minecraft:oak_planks":12,"minecraft:diamond_helmet":1,"minecraft:diamond_leggings":1,"minecraft:iron_boots":1,"minecraft:crafting_table":1,"minecraft:spruce_planks":4,"minecraft:iron_helmet":2,"minecraft:iron_chestplate":1,"minecraft:diamond_pickaxe":1,"minecraft:shield":1,"minecraft:stick":16,"minecraft:iron_ingot":198,"minecraft:iron_block":1,"minecraft:raw_iron":90,"minecraft:coal":18,"minecraft:iron_axe":1,"minecraft:diamond_boots":1,"minecraft:enchanting_table":1,"minecraft:iron_sword":2,"minecraft:air":0,"minecraft:oak_boat":1,"minecraft:iron_shovel":3,"minecraft:iron_leggings":1,"minecraft:lapis_lazuli":378,"minecraft:diamond_chestplate":1},"minecraft:used":{"minecraft:iron_shovel":1084,"minecraft:dispenser":21,"minecraft:ladder":34,"minecraft:chest":42,"minecraft:purple_shulker_box":13,"minecraft:stone":53,"minecraft:shield":44,"minecraft:white_terracotta":4,"minecraft:iron_sword":265,"minecraft:zombie_spawn_egg":20,"minecraft:white_shulker_box":2,"minecraft:vex_spawn_egg":1,"minecraft:player_head":1,"minecraft:iron_chestplate":11,"minecraft:warden_spawn_egg":2,"minecraft:waxed_oxidized_copper":1,"minecraft:lava_bucket":14,"minecraft:villager_spawn_egg":118,"minecraft:grass_block":192,"minecraft:panda_spawn_egg":66,"minecraft:orange_shulker_box":1,"minecraft:iron_helmet":13,"minecraft:stone_bricks":1,"minecraft:slime_spawn_egg":6,"minecraft:item_frame":3,"minecraft:repeater":3,"minecraft:bow":71,"minecraft:blue_shulker_box":4,"minecraft:oak_sapling":129,"minecraft:egg":17,"minecraft:potato":6,"minecraft:oak_chest_boat":1,"minecraft:magenta_shulker_box":1,"minecraft:damaged_anvil":9,"minecraft:diamond_boots":8,"minecraft:infested_stone":1361,"minecraft:oak_planks":47,"minecraft:ender_pearl":1,"minecraft:fox_spawn_egg":3,"minecraft:composter":1,"minecraft:diamond_axe":74,"minecraft:blue_bed":35,"minecraft:sugar_cane":328,"minecraft:white_wool":1,"minecraft:crossbow":239,"minecraft:skeleton_horse_spawn_egg":1,"minecraft:squid_spawn_egg":1,"minecraft:creeper_spawn_egg":3,"minecraft:enderman_spawn_egg":1,"minecraft:firework_rocket":10,"minecraft:barrier":1,"minecraft:gray_shulker_box":2,"minecraft:breeze_spawn_egg":24,"minecraft:string":1,"minecraft:lectern":5,"minecraft:gravel":2,"minecraft:cat_spawn_egg":1,"minecraft:diamond_sword":908,"minecraft:piglin_spawn_egg":1,"minecraft:oak_boat":1,"minecraft:bone_meal":1106,"minecraft:oak_trapdoor":2,"minecraft:oak_fence":76,"minecraft:trident":12,"minecraft:stone_sword":2,"minecraft:netherite_sword":9,"minecraft:enchanting_table":1,"minecraft:pufferfish_spawn_egg":1,"minecraft:redstone":46,"minecraft:silverfish_spawn_egg":290,"minecraft:ender_chest":2,"minecraft:wither_skeleton_spawn_egg":3,"minecraft:brown_shulker_box":2,"minecraft:structure_block":1,"minecraft:trial_key":1,"minecraft:oak_door":4,"minecraft:light_gray_shulker_box":1,"minecraft:torch":9,"minecraft:dirt":73,"minecraft:anvil":3,"minecraft:hopper":31,"minecraft:diamond_helmet":5,"minecraft:shulker_box":1,"minecraft:red_shulker_box":9,"minecraft:chipped_anvil":1,"minecraft:bookshelf":27,"minecraft:cyan_shulker_box":2,"minecraft:iron_block":1,"minecraft:iron_axe":227,"minecraft:iron_boots":10,"minecraft:barrel":4,"minecraft:blaze_spawn_egg":1,"minecraft:diamond_chestplate":11,"minecraft:wolf_spawn_egg":3,"minecraft:cooked_beef":189,"minecraft:cobbled_deepslate":1,"minecraft:observer":17,"minecraft:iron_leggings":12,"minecraft:pointed_dripstone":7,"minecraft:water_bucket":48,"minecraft:light_blue_shulker_box":9,"minecraft:baked_potato":10,"minecraft:iron_golem_spawn_egg":18,"minecraft:black_shulker_box":5,"minecraft:cauldron":6,"minecraft:horse_spawn_egg":2,"minecraft:rabbit_spawn_egg":1,"minecraft:crafting_table":4,"minecraft:oak_slab":714,"minecraft:white_bed":5,"minecraft:polar_bear_spawn_egg":22,"minecraft:lime_shulker_box":7,"minecraft:bat_spawn_egg":3,"minecraft:oak_log":5,"minecraft:diamond_pickaxe":184,"minecraft:wind_charge":3,"minecraft:iron_pickaxe":111,"minecraft:pig_spawn_egg":1,"minecraft:stone_slab":24,"minecraft:spruce_sapling":40,"minecraft:green_shulker_box":1,"minecraft:cobblestone":152,"minecraft:potion":1,"minecraft:white_banner":1,"minecraft:porkchop":1,"minecraft:pink_shulker_box":3,"minecraft:bucket":42,"minecraft:yellow_bed":2,"minecraft:dandelion":896,"minecraft:splash_potion":53,"minecraft:diamond_leggings":10},"minecraft:broken":{"minecraft:iron_shovel":2,"minecraft:diamond_helmet":4,"minecraft:iron_boots":1,"minecraft:diamond_boots":3,"minecraft:diamond_chestplate":3,"minecraft:diamond_leggings":2,"minecraft:shield":1,"minecraft:iron_helmet":1}},"DataVersion":3953}