{"stats":{"minecraft:killed":{"minecraft:zombified_piglin":1,"minecraft:spider":3,"minecraft:skeleton":6,"minecraft:drowned":1,"minecraft:cat":1,"minecraft:husk":7,"minecraft:pig":2,"minecraft:iron_golem":28,"minecraft:creeper":3,"minecraft:sheep":1,"minecraft:zombie":13,"minecraft:stray":11,"minecraft:breeze":2,"minecraft:villager":87,"minecraft:enderman":1},"minecraft:dropped":{"minecraft:iron_ingot":10,"minecraft:bread":3,"minecraft:acacia_boat":1,"minecraft:oak_slab":2,"minecraft:wheat_seeds":2,"minecraft:lapis_lazuli":63,"minecraft:cooked_beef":115,"minecraft:diamond":36,"minecraft:feather":1,"minecraft:lead":2,"minecraft:iron_helmet":2,"minecraft:cobblestone":65,"minecraft:stick":8,"minecraft:dirt":716,"minecraft:diorite":5,"minecraft:iron_leggings":1,"minecraft:gold_nugget":1,"minecraft:bone_meal":64,"minecraft:iron_axe":2,"minecraft:iron_pickaxe":3,"minecraft:iron_shovel":2,"minecraft:paper":250,"minecraft:string":5,"minecraft:white_wool":2,"minecraft:spruce_sapling":7,"minecraft:gold_ingot":3,"minecraft:bone":5,"minecraft:dandelion":1,"minecraft:sugar_cane":374,"minecraft:cooked_chicken":2,"minecraft:cobbled_deepslate":6,"minecraft:raw_copper":3,"minecraft:chicken":2,"minecraft:rotten_flesh":11,"minecraft:oak_planks":1,"minecraft:iron_boots":1,"minecraft:iron_hoe":1,"minecraft:carrot":29733,"minecraft:diamond_sword":1,"minecraft:poppy":16,"minecraft:leather_chestplate":1,"minecraft:stone":1,"minecraft:shield":2,"minecraft:gunpowder":3,"minecraft:iron_chestplate":4,"minecraft:chest":1,"minecraft:oak_boat":1,"minecraft:oak_sapling":4,"minecraft:spider_eye":4,"minecraft:spruce_log":106,"minecraft:arrow":6},"minecraft:mined":{"minecraft:tuff":6,"minecraft:spruce_planks":1,"minecraft:white_bed":2,"minecraft:oak_door":4,"minecraft:ladder":1,"minecraft:granite":5,"minecraft:grass_block":631,"minecraft:spruce_leaves":10,"minecraft:composter":1,"minecraft:tuff_bricks":3,"minecraft:oak_trapdoor":2,"minecraft:spruce_sapling":11,"minecraft:iron_ore":4,"minecraft:fire":54,"minecraft:polished_tuff":1,"minecraft:pointed_dripstone":24,"minecraft:stone":105,"minecraft:white_wool":1,"minecraft:oak_slab":26,"minecraft:cherry_planks":12,"minecraft:short_grass":30,"minecraft:chest":1,"minecraft:copper_ore":3,"minecraft:tall_grass":7,"minecraft:cobblestone":40,"minecraft:sugar_cane":797,"minecraft:oak_planks":23,"minecraft:diorite":8,"minecraft:blue_bed":1,"minecraft:wall_torch":5,"minecraft:birch_log":6,"minecraft:spruce_log":119,"minecraft:waxed_copper_block":1,"minecraft:yellow_bed":1,"minecraft:bee_nest":1,"minecraft:oak_log":4,"minecraft:waxed_oxidized_copper":3,"minecraft:gravel":1,"minecraft:dirt":452,"minecraft:stone_bricks":1,"minecraft:chipped_anvil":1,"minecraft:deepslate":6},"minecraft:custom":{"minecraft:interact_with_smithing_table":1,"minecraft:mob_kills":168,"minecraft:interact_with_anvil":7,"minecraft:inspect_hopper":5,"minecraft:interact_with_crafting_table":17,"minecraft:open_barrel":4,"minecraft:open_shulker_box":11,"minecraft:leave_game":19,"minecraft:time_since_death":160070,"minecraft:climb_one_cm":34126,"minecraft:sprint_one_cm":661950,"minecraft:walk_one_cm":887752,"minecraft:damage_blocked_by_shield":1440,"minecraft:drop":835,"minecraft:talked_to_villager":13,"minecraft:play_time":482568,"minecraft:deaths":43,"minecraft:sneak_time":23495,"minecraft:walk_under_water_one_cm":285731,"minecraft:boat_one_cm":23874,"minecraft:jump":6822,"minecraft:walk_on_water_one_cm":161664,"minecraft:enchant_item":1,"minecraft:total_world_time":482568,"minecraft:interact_with_furnace":20,"minecraft:sleep_in_bed":48,"minecraft:time_since_rest":12614,"minecraft:damage_taken":17722,"minecraft:damage_dealt":50114,"minecraft:swim_one_cm":458898,"minecraft:fly_one_cm":1854535,"minecraft:player_kills":8,"minecraft:open_chest":123,"minecraft:crouch_one_cm":96585,"minecraft:fall_one_cm":98257,"minecraft:inspect_dispenser":2},"minecraft:crafted":{"minecraft:oak_planks":12,"minecraft:raw_iron":90,"minecraft:coal":18,"minecraft:diamond_helmet":1,"minecraft:diamond_leggings":1,"minecraft:iron_axe":1,"minecraft:diamond_boots":1,"minecraft:crafting_table":1,"minecraft:spruce_planks":4,"minecraft:enchanting_table":1,"minecraft:iron_helmet":1,"minecraft:iron_sword":2,"minecraft:air":0,"minecraft:diamond_pickaxe":1,"minecraft:shield":1,"minecraft:stick":16,"minecraft:iron_ingot":135,"minecraft:iron_block":1,"minecraft:iron_shovel":3,"minecraft:lapis_lazuli":90,"minecraft:diamond_chestplate":1},"minecraft:killed_by":{"minecraft:player":7,"minecraft:creeper":2,"minecraft:iron_golem":34},"minecraft:used":{"minecraft:oak_trapdoor":2,"minecraft:netherite_sword":3,"minecraft:enchanting_table":1,"minecraft:iron_shovel":1084,"minecraft:ladder":34,"minecraft:chest":34,"minecraft:shield":24,"minecraft:iron_sword":265,"minecraft:stone":52,"minecraft:trial_key":1,"minecraft:oak_door":4,"minecraft:iron_chestplate":9,"minecraft:torch":9,"minecraft:dirt":53,"minecraft:anvil":3,"minecraft:hopper":31,"minecraft:waxed_oxidized_copper":1,"minecraft:red_shulker_box":1,"minecraft:lava_bucket":13,"minecraft:chipped_anvil":1,"minecraft:bookshelf":27,"minecraft:villager_spawn_egg":79,"minecraft:iron_block":1,"minecraft:iron_axe":225,"minecraft:iron_helmet":8,"minecraft:iron_boots":9,"minecraft:stone_bricks":1,"minecraft:item_frame":1,"minecraft:diamond_chestplate":1,"minecraft:egg":1,"minecraft:cooked_beef":76,"minecraft:iron_leggings":10,"minecraft:pointed_dripstone":7,"minecraft:water_bucket":42,"minecraft:diamond_boots":1,"minecraft:baked_potato":2,"minecraft:oak_planks":16,"minecraft:iron_golem_spawn_egg":18,"minecraft:composter":1,"minecraft:cauldron":6,"minecraft:sugar_cane":328,"minecraft:diamond_axe":41,"minecraft:blue_bed":34,"minecraft:white_wool":1,"minecraft:oak_slab":712,"minecraft:crafting_table":1,"minecraft:crossbow":9,"minecraft:white_bed":4,"minecraft:oak_log":1,"minecraft:diamond_pickaxe":100,"minecraft:wind_charge":3,"minecraft:breeze_spawn_egg":24,"minecraft:iron_pickaxe":111,"minecraft:stone_slab":11,"minecraft:spruce_sapling":40,"minecraft:gravel":1,"minecraft:diamond_sword":281,"minecraft:cobblestone":9,"minecraft:bucket":38,"minecraft:yellow_bed":1,"minecraft:bone_meal":1106},"minecraft:broken":{"minecraft:iron_shovel":2,"minecraft:iron_boots":1,"minecraft:iron_helmet":1},"minecraft:picked_up":{"minecraft:iron_chestplate":17,"minecraft:chicken":2,"minecraft:ladder":2,"minecraft:lead":4,"minecraft:diamond_sword":7,"minecraft:potion":1,"minecraft:shield":11,"minecraft:wind_charge":3,"minecraft:oak_trapdoor":2,"minecraft:string":5,"minecraft:raw_copper":6,"minecraft:iron_axe":16,"minecraft:iron_leggings":14,"minecraft:iron_shovel":2,"minecraft:gold_nugget":1,"minecraft:cobbled_deepslate":7,"minecraft:spruce_planks":1,"minecraft:trial_key":1,"minecraft:oak_boat":1,"minecraft:poppy":34,"minecraft:iron_pickaxe":16,"minecraft:sugar_cane":1651,"minecraft:chest":1,"minecraft:waxed_oxidized_copper":3,"minecraft:iron_boots":14,"minecraft:egg":1,"minecraft:tipped_arrow":4,"minecraft:stick":17,"minecraft:raw_iron":4,"minecraft:oak_door":4,"minecraft:composter":1,"minecraft:torch":9,"minecraft:porkchop":3,"minecraft:cherry_log":39,"minecraft:pointed_dripstone":28,"minecraft:diorite":10,"minecraft:carrot":10782,"minecraft:arrow":34,"minecraft:red_shulker_box":1,"minecraft:rotten_flesh":18,"minecraft:gold_ingot":3,"minecraft:tuff_bricks":2,"minecraft:mutton":12,"minecraft:white_wool":4,"minecraft:cobblestone":134,"minecraft:birch_log":6,"minecraft:leather_chestplate":1,"minecraft:feather":1,"minecraft:cooked_beef":780,"minecraft:cherry_planks":12,"minecraft:water_bucket":4,"minecraft:oak_log":4,"minecraft:waxed_copper_block":1,"minecraft:yellow_bed":1,"minecraft:gunpowder":3,"minecraft:acacia_boat":4,"minecraft:dirt":1136,"minecraft:lapis_lazuli":14,"minecraft:blue_bed":1,"minecraft:paper":952,"minecraft:lantern":12,"minecraft:name_tag":2,"minecraft:chipped_anvil":1,"minecraft:bone":11,"minecraft:stone_bricks":1,"minecraft:bow":1,"minecraft:wheat_seeds":25,"minecraft:iron_ingot":253,"minecraft:cooked_chicken":2,"minecraft:oak_planks":32,"minecraft:iron_sword":8,"minecraft:oak_slab":89,"minecraft:dandelion":1,"minecraft:lava_bucket":2,"minecraft:gravel":1,"minecraft:spruce_sapling":26,"minecraft:white_bed":9,"minecraft:spruce_log":107,"minecraft:spider_eye":7,"minecraft:leather_helmet":1,"minecraft:iron_hoe":2,"minecraft:diamond":4,"minecraft:iron_helmet":13,"minecraft:breeze_rod":3,"minecraft:diamond_axe":1,"minecraft:bone_meal":420,"minecraft:bread":6,"minecraft:emerald":2,"minecraft:baked_potato":42,"minecraft:oak_sapling":8}},"DataVersion":3953}