{"stats":{"minecraft:dropped":{"minecraft:nether_wart":4,"minecraft:pink_dye":5,"minecraft:apple":3,"minecraft:spider_eye":5,"minecraft:gold_nugget":4,"minecraft:pumpkin":3,"minecraft:slime_ball":2,"minecraft:lime_dye":6,"minecraft:music_disc_mellohi":1,"minecraft:carrot_on_a_stick":1,"minecraft:pumpkin_seeds":1},"minecraft:picked_up":{"minecraft:nether_wart":10,"minecraft:pumpkin":3,"minecraft:carrot_on_a_stick":1,"minecraft:gunpowder":4,"minecraft:spider_eye":5,"minecraft:lime_dye":7,"minecraft:pumpkin_seeds":1,"minecraft:apple":16,"minecraft:slime_ball":3,"minecraft:gold_nugget":4,"minecraft:pink_dye":5},"minecraft:mined":{"minecraft:pumpkin":3,"minecraft:smooth_red_sandstone":370},"minecraft:killed":{"minecraft:zombified_piglin":4,"minecraft:spider":5,"minecraft:silverfish":1,"minecraft:rabbit":6,"minecraft:slime":3,"minecraft:creeper":4},"minecraft:used":{"minecraft:diamond_pickaxe":370,"minecraft:iron_axe":41,"minecraft:carrot_on_a_stick":17,"minecraft:bow":95,"minecraft:written_book":34,"minecraft:smooth_red_sandstone":11},"minecraft:custom":{"minecraft:time_since_rest":126794,"minecraft:sprint_one_cm":192807,"minecraft:walk_one_cm":231241,"minecraft:mob_kills":72,"minecraft:interact_with_anvil":2,"minecraft:drop":35,"minecraft:damage_dealt":2301,"minecraft:talked_to_villager":1,"minecraft:fly_one_cm":243340,"minecraft:crouch_one_cm":2034,"minecraft:play_time":126794,"minecraft:sneak_time":356,"minecraft:walk_under_water_one_cm":338,"minecraft:jump":917,"minecraft:leave_game":3,"minecraft:time_since_death":126794,"minecraft:walk_on_water_one_cm":1934,"minecraft:damage_resisted":1197,"minecraft:total_world_time":126794,"minecraft:climb_one_cm":2487,"minecraft:fall_one_cm":28138}},"DataVersion":3120}