{"stats":{"minecraft:dropped":{"minecraft:gunpowder":2,"minecraft:nether_wart":7,"minecraft:pink_dye":8,"minecraft:spider_eye":5,"minecraft:gold_nugget":5,"minecraft:lime_dye":12,"minecraft:pumpkin":3,"minecraft:slime_ball":6,"minecraft:apple":9,"minecraft:iron_axe":2,"minecraft:arrow":2,"minecraft:music_disc_mellohi":1,"minecraft:carrot_on_a_stick":2,"minecraft:pumpkin_seeds":1,"minecraft:bone":1,"minecraft:emerald":68},"minecraft:picked_up":{"minecraft:nether_wart":17,"minecraft:pumpkin":4,"minecraft:carrot_on_a_stick":2,"minecraft:gunpowder":8,"minecraft:spider_eye":7,"minecraft:bone":1,"minecraft:arrow":2,"minecraft:iron_axe":2,"minecraft:pumpkin_seeds":2,"minecraft:lime_dye":13,"minecraft:slime_ball":8,"minecraft:apple":26,"minecraft:gold_nugget":6,"minecraft:emerald":68,"minecraft:pink_dye":9},"minecraft:mined":{"minecraft:pumpkin":4,"minecraft:smooth_red_sandstone":455},"minecraft:killed":{"minecraft:skeleton":1,"minecraft:zombified_piglin":6,"minecraft:silverfish":1,"minecraft:rabbit":12,"minecraft:spider":7,"minecraft:slime":8,"minecraft:creeper":8},"minecraft:used":{"minecraft:diamond_pickaxe":455,"minecraft:iron_axe":85,"minecraft:carrot_on_a_stick":140,"minecraft:bow":200,"minecraft:written_book":44,"minecraft:smooth_red_sandstone":15},"minecraft:custom":{"minecraft:time_since_rest":198409,"minecraft:sprint_one_cm":410923,"minecraft:damage_taken":836,"minecraft:walk_one_cm":402560,"minecraft:mob_kills":158,"minecraft:interact_with_anvil":4,"minecraft:drop":68,"minecraft:damage_dealt":5150,"minecraft:talked_to_villager":1,"minecraft:fly_one_cm":525596,"minecraft:open_chest":2,"minecraft:play_time":198409,"minecraft:walk_under_water_one_cm":338,"minecraft:crouch_one_cm":6300,"minecraft:sneak_time":1187,"minecraft:jump":1885,"minecraft:leave_game":14,"minecraft:time_since_death":198409,"minecraft:walk_on_water_one_cm":3730,"minecraft:total_world_time":198409,"minecraft:climb_one_cm":4094,"minecraft:damage_resisted":742276,"minecraft:fall_one_cm":64949}},"DataVersion":3120}