{"stats":{"minecraft:dropped":{"minecraft:music_disc_mellohi":1},"minecraft:mined":{"minecraft:smooth_red_sandstone":370},"minecraft:used":{"minecraft:smooth_red_sandstone":11,"minecraft:diamond_pickaxe":370,"minecraft:bow":91},"minecraft:custom":{"minecraft:jump":416,"minecraft:time_since_rest":104860,"minecraft:crouch_one_cm":406,"minecraft:leave_game":2,"minecraft:play_time":104860,"minecraft:sprint_one_cm":91124,"minecraft:time_since_death":104860,"minecraft:walk_on_water_one_cm":1604,"minecraft:walk_one_cm":178565,"minecraft:sneak_time":110,"minecraft:total_world_time":104860,"minecraft:mob_kills":47,"minecraft:interact_with_anvil":2,"minecraft:fall_one_cm":4354,"minecraft:talked_to_villager":1,"minecraft:drop":1,"minecraft:fly_one_cm":100974}},"DataVersion":3120}