{"stats":{"minecraft:used":{"minecraft:netherite_sword":8,"minecraft:stone_sword":128,"minecraft:flint_and_steel":2,"minecraft:chest":1,"minecraft:shield":23,"minecraft:iron_sword":64,"minecraft:cooked_chicken":1,"minecraft:netherrack":96,"minecraft:iron_chestplate":1,"minecraft:oak_door":2,"minecraft:torch":1,"minecraft:dirt":9,"minecraft:anvil":2,"minecraft:obsidian":14,"minecraft:red_shulker_box":2,"minecraft:lava_bucket":3,"minecraft:iron_axe":3,"minecraft:iron_helmet":1,"minecraft:iron_boots":1,"minecraft:bedrock":7,"minecraft:netherite_boots":2,"minecraft:basalt":2,"minecraft:magma_block":3,"minecraft:netherite_pickaxe":1,"minecraft:cooked_beef":29,"minecraft:iron_leggings":1,"minecraft:light_blue_shulker_box":1,"minecraft:yellow_shulker_box":1,"minecraft:stone_pickaxe":24,"minecraft:oak_planks":54,"minecraft:polished_blackstone_bricks":7,"minecraft:sand":2,"minecraft:crafting_table":3,"minecraft:netherite_helmet":1,"minecraft:white_bed":1,"minecraft:diamond_pickaxe":1,"minecraft:cracked_polished_blackstone_bricks":6,"minecraft:bread":5,"minecraft:iron_pickaxe":267,"minecraft:netherite_axe":2,"minecraft:lectern":10,"minecraft:gravel":4,"minecraft:stone_axe":78,"minecraft:diamond_sword":9,"minecraft:cobblestone":22,"minecraft:smithing_table":1,"minecraft:andesite":3},"minecraft:picked_up":{"minecraft:crafting_table":2,"minecraft:chicken":6,"minecraft:smithing_table":1,"minecraft:gold_block":15,"minecraft:nether_brick":12,"minecraft:golden_sword":1,"minecraft:string":5,"minecraft:polished_blackstone_brick_stairs":3,"minecraft:blackstone":18,"minecraft:beef":25,"minecraft:iron_nugget":23,"minecraft:iron_pickaxe":1,"minecraft:light_gray_wool":1,"minecraft:raw_iron":7,"minecraft:torch":3,"minecraft:porkchop":16,"minecraft:polished_blackstone_bricks":48,"minecraft:arrow":3,"minecraft:red_shulker_box":2,"minecraft:rotten_flesh":6,"minecraft:hay_block":14,"minecraft:gold_ingot":23,"minecraft:mutton":17,"minecraft:cobblestone":46,"minecraft:white_wool":10,"minecraft:magma_block":3,"minecraft:basalt":2,"minecraft:feather":6,"minecraft:cooked_beef":2,"minecraft:andesite":3,"minecraft:leather":12,"minecraft:bedrock":1,"minecraft:flint":1,"minecraft:oak_log":47,"minecraft:dirt":18,"minecraft:bone":3,"minecraft:stone_bricks":1,"minecraft:wheat_seeds":5,"minecraft:rabbit_hide":1,"minecraft:iron_ingot":7,"minecraft:rabbit":1,"minecraft:diamond_helmet":1,"minecraft:soul_sand":6,"minecraft:oak_planks":32,"minecraft:gravel":4,"minecraft:sand":2,"minecraft:light_blue_shulker_box":1,"minecraft:white_bed":1,"minecraft:crying_obsidian":3,"minecraft:spider_eye":4,"minecraft:stone_axe":1,"minecraft:cracked_polished_blackstone_bricks":6,"minecraft:gray_wool":1,"minecraft:netherrack":94,"minecraft:coal":48},"minecraft:custom":{"minecraft:interact_with_smithing_table":3,"minecraft:mob_kills":71,"minecraft:interact_with_anvil":2,"minecraft:interact_with_crafting_table":23,"minecraft:open_shulker_box":6,"minecraft:leave_game":10,"minecraft:time_since_death":134984,"minecraft:sprint_one_cm":376162,"minecraft:walk_one_cm":220028,"minecraft:damage_blocked_by_shield":1013,"minecraft:drop":90,"minecraft:play_time":202120,"minecraft:deaths":1,"minecraft:sneak_time":12648,"minecraft:walk_under_water_one_cm":9630,"minecraft:interact_with_lectern":65,"minecraft:jump":3467,"minecraft:walk_on_water_one_cm":7276,"minecraft:total_world_time":202120,"minecraft:interact_with_furnace":46,"minecraft:sleep_in_bed":7,"minecraft:time_since_rest":16837,"minecraft:damage_taken":2416,"minecraft:damage_dealt":10208,"minecraft:fly_one_cm":746384,"minecraft:swim_one_cm":16004,"minecraft:open_chest":42,"minecraft:crouch_one_cm":43635,"minecraft:fall_one_cm":114777},"minecraft:killed":{"minecraft:zombified_piglin":9,"minecraft:spider":2,"minecraft:skeleton":2,"minecraft:chicken":7,"minecraft:cat":1,"minecraft:magma_cube":3,"minecraft:piglin":2,"minecraft:pig":5,"minecraft:rabbit":1,"minecraft:iron_golem":1,"minecraft:hoglin":1,"minecraft:creeper":1,"minecraft:sheep":11,"minecraft:zombie":7,"minecraft:cow":10},"minecraft:mined":{"minecraft:white_bed":1,"minecraft:grass_block":4,"minecraft:cracked_polished_blackstone_bricks":6,"minecraft:hay_block":14,"minecraft:polished_blackstone_bricks":48,"minecraft:magma_block":4,"minecraft:iron_ore":7,"minecraft:fire":1,"minecraft:andesite":3,"minecraft:gold_block":19,"minecraft:stone":29,"minecraft:smithing_table":1,"minecraft:blackstone":2,"minecraft:basalt":3,"minecraft:crafting_table":2,"minecraft:short_grass":3,"minecraft:tall_grass":1,"minecraft:cobblestone":4,"minecraft:oak_planks":33,"minecraft:polished_blackstone_brick_stairs":3,"minecraft:wall_torch":1,"minecraft:oak_log":48,"minecraft:coal_ore":48,"minecraft:gravel":5,"minecraft:sand":2,"minecraft:dirt":5,"minecraft:stone_bricks":1,"minecraft:netherrack":114,"minecraft:oak_leaves":3},"minecraft:crafted":{"minecraft:oak_door":3,"minecraft:oak_planks":168,"minecraft:diamond_hoe":1,"minecraft:cooked_chicken":1,"minecraft:diamond_shovel":1,"minecraft:diamond_block":25,"minecraft:diamond":288,"minecraft:diamond_helmet":2,"minecraft:iron_boots":1,"minecraft:diamond_leggings":2,"minecraft:iron_axe":1,"minecraft:stone_pickaxe":1,"minecraft:chest":1,"minecraft:diamond_boots":2,"minecraft:netherite_scrap":64,"minecraft:wheat":126,"minecraft:cooked_beef":33,"minecraft:diamond_sword":1,"minecraft:diamond_axe":1,"minecraft:crafting_table":1,"minecraft:iron_helmet":2,"minecraft:iron_sword":1,"minecraft:stone_axe":1,"minecraft:bread":42,"minecraft:air":0,"minecraft:iron_chestplate":1,"minecraft:diamond_pickaxe":1,"minecraft:shield":2,"minecraft:stick":24,"minecraft:iron_ingot":6,"minecraft:iron_pickaxe":1,"minecraft:stone_sword":1,"minecraft:iron_leggings":1,"minecraft:gold_ingot":306,"minecraft:netherite_ingot":16,"minecraft:torch":4,"minecraft:diamond_chestplate":2},"minecraft:dropped":{"minecraft:enchanted_book":1,"minecraft:iron_ingot":5,"minecraft:bread":32,"minecraft:netherite_pickaxe":1,"minecraft:wheat_seeds":1,"minecraft:cooked_beef":1,"minecraft:diamond_leggings":1,"minecraft:netherite_helmet":1,"minecraft:netherite_chestplate":1,"minecraft:bedrock":3,"minecraft:flint":1,"minecraft:lava_bucket":1,"minecraft:dirt":8,"minecraft:red_shulker_box":4,"minecraft:yellow_shulker_box":1,"minecraft:netherite_boots":1,"minecraft:diamond_helmet":2,"minecraft:string":2,"minecraft:gold_ingot":43,"minecraft:bone":2,"minecraft:anvil":1,"minecraft:stone_axe":1,"minecraft:netherite_sword":1,"minecraft:rotten_flesh":3,"minecraft:oak_planks":170,"minecraft:netherite_leggings":1,"minecraft:diamond_chestplate":1,"minecraft:spider_eye":2,"minecraft:diamond_boots":1,"minecraft:arrow":1,"minecraft:lectern":10}},"DataVersion":3953}