{"stats":{"minecraft:killed":{"minecraft:cat":1,"minecraft:pig":1,"minecraft:spider":1,"minecraft:iron_golem":13,"minecraft:creeper":3,"minecraft:skeleton":4,"minecraft:zombie":4,"minecraft:villager":87},"minecraft:dropped":{"minecraft:acacia_boat":1,"minecraft:iron_ingot":10,"minecraft:oak_slab":2,"minecraft:sugar_cane":310,"minecraft:wheat_seeds":2,"minecraft:cooked_beef":84,"minecraft:rotten_flesh":4,"minecraft:feather":1,"minecraft:cobblestone":32,"minecraft:iron_helmet":1,"minecraft:chicken":2,"minecraft:iron_hoe":1,"minecraft:carrot":29733,"minecraft:poppy":2,"minecraft:leather_chestplate":1,"minecraft:dirt":716,"minecraft:stone":1,"minecraft:shield":1,"minecraft:gunpowder":2,"minecraft:chest":1,"minecraft:oak_sapling":4,"minecraft:spider_eye":4,"minecraft:bone_meal":64,"minecraft:iron_axe":1,"minecraft:arrow":6,"minecraft:iron_pickaxe":1,"minecraft:iron_shovel":1,"minecraft:paper":250,"minecraft:string":4,"minecraft:white_wool":2,"minecraft:gold_ingot":3,"minecraft:bone":5},"minecraft:mined":{"minecraft:oak_slab":26,"minecraft:white_bed":1,"minecraft:oak_door":4,"minecraft:ladder":1,"minecraft:short_grass":28,"minecraft:grass_block":623,"minecraft:chest":1,"minecraft:tall_grass":7,"minecraft:cobblestone":34,"minecraft:oak_planks":20,"minecraft:sugar_cane":796,"minecraft:wall_torch":1,"minecraft:oak_trapdoor":2,"minecraft:bee_nest":1,"minecraft:dirt":431,"minecraft:stone":40},"minecraft:custom":{"minecraft:interact_with_furnace":1,"minecraft:mob_kills":115,"minecraft:interact_with_anvil":1,"minecraft:inspect_hopper":3,"minecraft:interact_with_crafting_table":8,"minecraft:leave_game":15,"minecraft:time_since_death":8017,"minecraft:sleep_in_bed":37,"minecraft:climb_one_cm":19894,"minecraft:time_since_rest":4002,"minecraft:sprint_one_cm":380275,"minecraft:damage_taken":14940,"minecraft:walk_one_cm":516718,"minecraft:damage_blocked_by_shield":885,"minecraft:drop":751,"minecraft:damage_dealt":25906,"minecraft:swim_one_cm":369873,"minecraft:talked_to_villager":10,"minecraft:fly_one_cm":1139007,"minecraft:player_kills":5,"minecraft:open_chest":52,"minecraft:crouch_one_cm":71899,"minecraft:play_time":283148,"minecraft:deaths":42,"minecraft:sneak_time":16504,"minecraft:walk_under_water_one_cm":241277,"minecraft:jump":3340,"minecraft:walk_on_water_one_cm":119694,"minecraft:total_world_time":283148,"minecraft:fall_one_cm":39456},"minecraft:crafted":{"minecraft:iron_helmet":1,"minecraft:iron_sword":2,"minecraft:shield":1,"minecraft:stick":8,"minecraft:iron_shovel":3},"minecraft:killed_by":{"minecraft:player":7,"minecraft:creeper":1,"minecraft:iron_golem":34},"minecraft:used":{"minecraft:oak_trapdoor":2,"minecraft:water_bucket":18,"minecraft:iron_shovel":1084,"minecraft:ladder":34,"minecraft:oak_planks":2,"minecraft:iron_golem_spawn_egg":3,"minecraft:chest":33,"minecraft:shield":12,"minecraft:stone":52,"minecraft:iron_sword":228,"minecraft:cauldron":6,"minecraft:blue_bed":33,"minecraft:sugar_cane":78,"minecraft:oak_door":3,"minecraft:iron_chestplate":9,"minecraft:torch":5,"minecraft:dirt":11,"minecraft:anvil":2,"minecraft:oak_slab":712,"minecraft:hopper":31,"minecraft:white_bed":3,"minecraft:villager_spawn_egg":79,"minecraft:iron_axe":70,"minecraft:iron_pickaxe":74,"minecraft:iron_helmet":8,"minecraft:iron_boots":9,"minecraft:diamond_sword":145,"minecraft:cobblestone":2,"minecraft:bucket":4,"minecraft:cooked_beef":41,"minecraft:iron_leggings":9},"minecraft:broken":{"minecraft:iron_shovel":2},"minecraft:picked_up":{"minecraft:leather_chestplate":1,"minecraft:iron_chestplate":13,"minecraft:feather":1,"minecraft:cooked_beef":634,"minecraft:chicken":2,"minecraft:ladder":2,"minecraft:water_bucket":2,"minecraft:diamond_sword":6,"minecraft:name_tag":1,"minecraft:shield":9,"minecraft:gunpowder":2,"minecraft:acacia_boat":4,"minecraft:dirt":1038,"minecraft:string":4,"minecraft:oak_trapdoor":2,"minecraft:paper":250,"minecraft:iron_axe":12,"minecraft:iron_leggings":12,"minecraft:iron_shovel":2,"minecraft:bone":7,"minecraft:wheat_seeds":25,"minecraft:iron_ingot":190,"minecraft:poppy":11,"minecraft:iron_pickaxe":13,"minecraft:sugar_cane":1533,"minecraft:chest":1,"minecraft:iron_sword":6,"minecraft:oak_planks":29,"minecraft:iron_boots":13,"minecraft:oak_slab":56,"minecraft:stick":15,"minecraft:oak_door":4,"minecraft:torch":5,"minecraft:white_bed":8,"minecraft:carrot":10782,"minecraft:spider_eye":6,"minecraft:iron_hoe":1,"minecraft:arrow":10,"minecraft:rotten_flesh":8,"minecraft:iron_helmet":11,"minecraft:bone_meal":64,"minecraft:bread":3,"minecraft:gold_ingot":3,"minecraft:oak_sapling":8,"minecraft:white_wool":2,"minecraft:cobblestone":92}},"DataVersion":3953}