{"stats":{"minecraft:used":{"minecraft:stone_sword":128,"minecraft:shield":22,"minecraft:iron_sword":64,"minecraft:cooked_chicken":1,"minecraft:netherrack":95,"minecraft:iron_chestplate":1,"minecraft:oak_door":2,"minecraft:torch":1,"minecraft:dirt":5,"minecraft:iron_axe":3,"minecraft:iron_helmet":1,"minecraft:iron_boots":1,"minecraft:basalt":2,"minecraft:magma_block":3,"minecraft:cooked_beef":27,"minecraft:iron_leggings":1,"minecraft:stone_pickaxe":24,"minecraft:oak_planks":54,"minecraft:polished_blackstone_bricks":7,"minecraft:crafting_table":3,"minecraft:white_bed":1,"minecraft:diamond_pickaxe":1,"minecraft:cracked_polished_blackstone_bricks":6,"minecraft:iron_pickaxe":267,"minecraft:gravel":4,"minecraft:stone_axe":78,"minecraft:diamond_sword":9,"minecraft:cobblestone":22,"minecraft:smithing_table":1,"minecraft:andesite":3},"minecraft:picked_up":{"minecraft:crafting_table":2,"minecraft:chicken":6,"minecraft:smithing_table":1,"minecraft:gold_block":15,"minecraft:nether_brick":12,"minecraft:golden_sword":1,"minecraft:string":2,"minecraft:polished_blackstone_brick_stairs":3,"minecraft:blackstone":18,"minecraft:beef":25,"minecraft:iron_nugget":23,"minecraft:iron_pickaxe":1,"minecraft:light_gray_wool":1,"minecraft:raw_iron":7,"minecraft:torch":3,"minecraft:porkchop":16,"minecraft:polished_blackstone_bricks":48,"minecraft:arrow":2,"minecraft:rotten_flesh":6,"minecraft:hay_block":14,"minecraft:gold_ingot":23,"minecraft:mutton":17,"minecraft:cobblestone":46,"minecraft:white_wool":10,"minecraft:magma_block":3,"minecraft:cooked_beef":2,"minecraft:feather":6,"minecraft:basalt":2,"minecraft:andesite":3,"minecraft:leather":12,"minecraft:flint":1,"minecraft:oak_log":45,"minecraft:dirt":14,"minecraft:bone":1,"minecraft:stone_bricks":1,"minecraft:wheat_seeds":5,"minecraft:rabbit_hide":1,"minecraft:iron_ingot":7,"minecraft:rabbit":1,"minecraft:diamond_helmet":1,"minecraft:soul_sand":6,"minecraft:oak_planks":32,"minecraft:gravel":4,"minecraft:white_bed":1,"minecraft:crying_obsidian":3,"minecraft:spider_eye":2,"minecraft:stone_axe":1,"minecraft:cracked_polished_blackstone_bricks":6,"minecraft:gray_wool":1,"minecraft:netherrack":93,"minecraft:coal":48},"minecraft:custom":{"minecraft:interact_with_smithing_table":1,"minecraft:mob_kills":68,"minecraft:interact_with_crafting_table":19,"minecraft:leave_game":6,"minecraft:time_since_death":87224,"minecraft:sprint_one_cm":319296,"minecraft:walk_one_cm":156241,"minecraft:damage_blocked_by_shield":988,"minecraft:drop":60,"minecraft:play_time":154360,"minecraft:deaths":1,"minecraft:sneak_time":12407,"minecraft:walk_under_water_one_cm":8241,"minecraft:jump":2872,"minecraft:walk_on_water_one_cm":6149,"minecraft:total_world_time":154360,"minecraft:interact_with_furnace":43,"minecraft:sleep_in_bed":5,"minecraft:time_since_rest":11717,"minecraft:damage_taken":2160,"minecraft:damage_dealt":9588,"minecraft:swim_one_cm":13018,"minecraft:fly_one_cm":603113,"minecraft:open_chest":31,"minecraft:crouch_one_cm":43216,"minecraft:fall_one_cm":95044},"minecraft:killed":{"minecraft:zombified_piglin":9,"minecraft:spider":1,"minecraft:skeleton":1,"minecraft:chicken":7,"minecraft:cat":1,"minecraft:magma_cube":3,"minecraft:piglin":2,"minecraft:pig":5,"minecraft:rabbit":1,"minecraft:iron_golem":1,"minecraft:hoglin":1,"minecraft:creeper":1,"minecraft:sheep":11,"minecraft:zombie":6,"minecraft:cow":10},"minecraft:mined":{"minecraft:white_bed":1,"minecraft:grass_block":3,"minecraft:cracked_polished_blackstone_bricks":6,"minecraft:hay_block":14,"minecraft:polished_blackstone_bricks":48,"minecraft:magma_block":4,"minecraft:iron_ore":7,"minecraft:fire":1,"minecraft:andesite":3,"minecraft:gold_block":19,"minecraft:stone":29,"minecraft:smithing_table":1,"minecraft:blackstone":2,"minecraft:basalt":3,"minecraft:crafting_table":2,"minecraft:short_grass":3,"minecraft:tall_grass":1,"minecraft:cobblestone":4,"minecraft:oak_planks":33,"minecraft:polished_blackstone_brick_stairs":3,"minecraft:wall_torch":1,"minecraft:oak_log":46,"minecraft:coal_ore":48,"minecraft:gravel":5,"minecraft:dirt":2,"minecraft:stone_bricks":1,"minecraft:netherrack":113,"minecraft:oak_leaves":3},"minecraft:crafted":{"minecraft:oak_door":3,"minecraft:oak_planks":160,"minecraft:diamond_hoe":1,"minecraft:cooked_chicken":1,"minecraft:diamond_shovel":1,"minecraft:diamond_block":25,"minecraft:diamond":288,"minecraft:diamond_helmet":2,"minecraft:iron_boots":1,"minecraft:diamond_leggings":2,"minecraft:iron_axe":1,"minecraft:stone_pickaxe":1,"minecraft:diamond_boots":2,"minecraft:netherite_scrap":48,"minecraft:wheat":126,"minecraft:cooked_beef":33,"minecraft:diamond_sword":1,"minecraft:diamond_axe":1,"minecraft:crafting_table":1,"minecraft:iron_helmet":2,"minecraft:iron_sword":1,"minecraft:stone_axe":1,"minecraft:bread":42,"minecraft:air":0,"minecraft:iron_chestplate":1,"minecraft:diamond_pickaxe":1,"minecraft:shield":2,"minecraft:stick":24,"minecraft:iron_ingot":6,"minecraft:iron_pickaxe":1,"minecraft:stone_sword":1,"minecraft:iron_leggings":1,"minecraft:gold_ingot":306,"minecraft:netherite_ingot":12,"minecraft:torch":4,"minecraft:diamond_chestplate":2},"minecraft:dropped":{"minecraft:iron_ingot":5,"minecraft:bread":32,"minecraft:wheat_seeds":1,"minecraft:diamond_leggings":1,"minecraft:flint":1,"minecraft:dirt":8,"minecraft:diamond_helmet":2,"minecraft:string":2,"minecraft:gold_ingot":43,"minecraft:stone_axe":1,"minecraft:rotten_flesh":3,"minecraft:oak_planks":170,"minecraft:diamond_chestplate":1,"minecraft:spider_eye":2,"minecraft:diamond_boots":1}},"DataVersion":3953}