{"stats":{"minecraft:dropped":{"minecraft:spider_eye":1,"minecraft:gold_nugget":1,"minecraft:lime_dye":9,"minecraft:nether_wart":1,"minecraft:pink_dye":1},"minecraft:picked_up":{"minecraft:nether_wart":6,"minecraft:pumpkin_seeds":3,"minecraft:lime_dye":11,"minecraft:pumpkin":1,"minecraft:slime_ball":2,"minecraft:apple":19,"minecraft:gold_nugget":2,"minecraft:gunpowder":3,"minecraft:spider_eye":2,"minecraft:pink_dye":3},"minecraft:mined":{"minecraft:pumpkin":1},"minecraft:killed":{"minecraft:silverfish":2,"minecraft:rabbit":11,"minecraft:spider":2,"minecraft:magma_cube":4,"minecraft:zombified_piglin":3,"minecraft:slime":2,"minecraft:creeper":1},"minecraft:used":{"minecraft:bow":39,"minecraft:written_book":14,"minecraft:iron_axe":80,"minecraft:carrot_on_a_stick":10},"minecraft:custom":{"minecraft:time_since_rest":49250,"minecraft:open_chest":2,"minecraft:crouch_one_cm":391,"minecraft:sprint_one_cm":153021,"minecraft:play_time":49250,"minecraft:walk_one_cm":101922,"minecraft:sneak_time":92,"minecraft:mob_kills":48,"minecraft:drop":5,"minecraft:jump":606,"minecraft:damage_dealt":2199,"minecraft:leave_game":3,"minecraft:walk_on_water_one_cm":847,"minecraft:time_since_death":49250,"minecraft:climb_one_cm":1529,"minecraft:total_world_time":49250,"minecraft:damage_resisted":878,"minecraft:fly_one_cm":149993,"minecraft:talked_to_villager":2,"minecraft:fall_one_cm":7619}},"DataVersion":3120}