{"stats":{"minecraft:killed":{"minecraft:pig":3,"minecraft:sheep":6,"minecraft:chicken":1,"minecraft:cow":7},"minecraft:dropped":{"minecraft:wheat_seeds":13,"minecraft:wheat":5,"notreepunching:sandstone_loose_rock":1,"notreepunching:diorite_loose_rock":2,"notreepunching:stone_loose_rock":4,"minecraft:oak_sapling":2},"minecraft:crafted":{"minecraft:oak_planks":44,"minecraft:leather_boots":1,"minecraft:crafting_table":2,"travelersbackpack:white_sleeping_bag":1,"minecraft:stone_pickaxe":1},"minecraft:broken":{"minecraft:stone_shovel":1},"minecraft:picked_up":{"minecraft:stripped_oak_log":1,"minecraft:coarse_dirt":1,"minecraft:crafting_table":1,"minecraft:wheat":6,"minecraft:chicken":1,"minecraft:leather":7,"minecraft:potato":44,"minecraft:flint":13,"minecraft:oak_log":16,"minecraft:dirt":6,"minecraft:white_banner":1,"minecraft:wheat_seeds":13,"minecraft:beef":17,"minecraft:egg":4,"minecraft:stick":8,"minecraft:gravel":128,"minecraft:sand":124,"minecraft:porkchop":6,"minecraft:carrot":178,"travelersbackpack:white_sleeping_bag":3,"minecraft:stone_axe":1,"notreepunching:stone_loose_rock":5,"minecraft:oak_sapling":2,"minecraft:cobblestone":4,"minecraft:black_wool":1,"minecraft:mutton":9,"minecraft:white_wool":5,"minecraft:snowball":7,"notreepunching:sandstone_loose_rock":1,"notreepunching:diorite_loose_rock":2},"minecraft:mined":{"minecraft:crafting_table":1,"minecraft:grass_block":3,"notreepunching:stone_loose_rock":2,"travelersbackpack:white_sleeping_bag":3,"minecraft:spruce_leaves":1,"minecraft:coarse_dirt":1,"minecraft:carrots":64,"minecraft:wheat":3,"minecraft:fire":3,"minecraft:snow":7,"minecraft:white_wall_banner":1,"notreepunching:diorite_loose_rock":1,"minecraft:grass":3,"minecraft:potatoes":13,"minecraft:oak_log":16,"minecraft:vine":2,"minecraft:gravel":142,"minecraft:sand":124,"minecraft:dirt":4,"minecraft:stripped_oak_log":1,"minecraft:stone":4,"notreepunching:sandstone_loose_rock":1,"minecraft:oak_leaves":2},"minecraft:used":{"minecraft:water_bucket":21,"minecraft:leather_leggings":1,"minecraft:stone_pickaxe":104,"minecraft:stone_shovel":131,"minecraft:dirt":6,"minecraft:mutton":8,"minecraft:crafting_table":3,"minecraft:carrot":23,"minecraft:snowball":7,"minecraft:oak_log":1,"minecraft:chicken":1,"travelersbackpack:white_sleeping_bag":3,"minecraft:stone_axe":134,"minecraft:beef":2,"minecraft:porkchop":3,"minecraft:bucket":21,"minecraft:egg":4,"minecraft:potato":63,"minecraft:coarse_dirt":1},"minecraft:custom":{"minecraft:interact_with_furnace":1,"minecraft:mob_kills":17,"minecraft:interact_with_crafting_table":13,"minecraft:open_barrel":13,"minecraft:leave_game":5,"minecraft:time_since_death":73881,"minecraft:sleep_in_bed":8,"minecraft:climb_one_cm":1485,"minecraft:time_since_rest":106,"minecraft:waystone_activated":3,"minecraft:sprint_one_cm":313349,"minecraft:damage_taken":220,"minecraft:walk_one_cm":217197,"minecraft:drop":27,"minecraft:damage_dealt":1580,"minecraft:swim_one_cm":3214,"minecraft:fly_one_cm":512301,"minecraft:open_chest":25,"minecraft:crouch_one_cm":489,"minecraft:play_time":73881,"minecraft:sneak_time":331,"minecraft:walk_under_water_one_cm":21153,"minecraft:jump":2008,"minecraft:walk_on_water_one_cm":30947,"minecraft:total_world_time":73881,"minecraft:fall_one_cm":50971}},"DataVersion":3465}