{"stats":{"minecraft:picked_up":{"minecraft:crafting_table":3,"minecraft:raw_iron":4,"minecraft:leather":12,"minecraft:acacia_log":14,"minecraft:gravel":6,"minecraft:flint":1,"minecraft:acacia_boat":1,"minecraft:string":1,"minecraft:dirt":3,"minecraft:arrow":1,"minecraft:rotten_flesh":5,"minecraft:wheat_seeds":1,"minecraft:beef":26,"minecraft:light_gray_wool":1,"minecraft:mutton":3,"minecraft:coal":36,"minecraft:white_wool":2,"minecraft:cobblestone":81},"minecraft:killed":{"minecraft:skeleton":1,"minecraft:sheep":3,"minecraft:pillager":1,"minecraft:zombie":4,"minecraft:spider":1,"minecraft:cow":14},"minecraft:killed_by":{"minecraft:skeleton":1},"minecraft:custom":{"minecraft:time_since_rest":8582,"minecraft:interact_with_furnace":3,"minecraft:sprint_one_cm":76870,"minecraft:damage_taken":496,"minecraft:walk_one_cm":77866,"minecraft:damage_blocked_by_shield":630,"minecraft:mob_kills":24,"minecraft:drop":1,"minecraft:damage_dealt":3044,"minecraft:interact_with_crafting_table":10,"minecraft:swim_one_cm":9964,"minecraft:fly_one_cm":114232,"minecraft:crouch_one_cm":314,"minecraft:play_time":33914,"minecraft:deaths":1,"minecraft:sneak_time":269,"minecraft:walk_under_water_one_cm":6387,"minecraft:boat_one_cm":77326,"minecraft:jump":700,"minecraft:leave_game":3,"minecraft:walk_on_water_one_cm":17409,"minecraft:time_since_death":8551,"minecraft:total_world_time":33914,"minecraft:fall_one_cm":14124},"minecraft:crafted":{"minecraft:shield":1,"minecraft:leather_boots":1,"minecraft:crafting_table":3,"minecraft:stick":24,"minecraft:wooden_pickaxe":1,"minecraft:leather_chestplate":1,"minecraft:iron_ingot":1,"minecraft:stone_pickaxe":2,"minecraft:acacia_planks":56,"minecraft:torch":32,"minecraft:acacia_button":8,"minecraft:stone_axe":1,"minecraft:acacia_boat":1,"minecraft:air":0},"minecraft:mined":{"minecraft:acacia_leaves":4,"minecraft:iron_ore":4,"minecraft:crafting_table":3,"minecraft:short_grass":6,"minecraft:acacia_log":14,"minecraft:grass_block":3,"minecraft:coal_ore":38,"minecraft:gravel":7,"minecraft:tall_grass":1,"minecraft:cobblestone":1,"minecraft:stone":83,"minecraft:oak_leaves":1},"minecraft:dropped":{"minecraft:wooden_pickaxe":1},"minecraft:used":{"minecraft:acacia_boat":1,"minecraft:stone_pickaxe":124,"minecraft:shield":10,"minecraft:wooden_pickaxe":3,"minecraft:gravel":6,"minecraft:stone_axe":44,"minecraft:torch":14,"minecraft:dirt":3,"minecraft:cobblestone":36,"minecraft:beef":12,"minecraft:crafting_table":6,"minecraft:acacia_button":8}},"DataVersion":3955}