{"stats":{"minecraft:used":{"minecraft:wooden_axe":1,"minecraft:sand":2,"minecraft:wooden_pickaxe":1,"minecraft:spruce_log":2},"minecraft:mined":{"minecraft:podzol":1,"minecraft:sand":2,"minecraft:spruce_log":8,"minecraft:crafting_table":1},"minecraft:killed_by":{"minecraft:skeleton":1,"minecraft:creeper":1},"minecraft:custom":{"minecraft:time_since_rest":20,"minecraft:play_one_minute":18301,"minecraft:crouch_one_cm":98,"minecraft:sprint_one_cm":9574,"minecraft:deaths":4,"minecraft:damage_taken":2426,"minecraft:walk_one_cm":38017,"minecraft:sneak_time":175,"minecraft:jump":92,"minecraft:damage_dealt":39,"minecraft:leave_game":2,"minecraft:time_since_death":0,"minecraft:walk_on_water_one_cm":54,"minecraft:interact_with_crafting_table":1,"minecraft:fall_one_cm":1653,"minecraft:fly_one_cm":4167},"minecraft:picked_up":{"minecraft:wooden_axe":1,"minecraft:wooden_sword":2,"minecraft:stick":6,"minecraft:crafting_table":2,"minecraft:zombie_head":2,"minecraft:wooden_pickaxe":2,"minecraft:spruce_planks":4,"minecraft:sand":34,"minecraft:diorite":2,"minecraft:spruce_log":8,"minecraft:dirt":1},"minecraft:crafted":{"minecraft:wooden_sword":1,"minecraft:spruce_planks":16,"minecraft:stick":8,"minecraft:wooden_pickaxe":1,"minecraft:wooden_axe":1}},"DataVersion":2230}