{"stats":{"minecraft:mined":{"minecraft:smooth_red_sandstone":60},"minecraft:used":{"minecraft:smooth_red_sandstone":3,"minecraft:diamond_pickaxe":60},"minecraft:custom":{"minecraft:jump":126,"minecraft:time_since_rest":16466,"minecraft:crouch_one_cm":257,"minecraft:leave_game":1,"minecraft:play_time":16466,"minecraft:sprint_one_cm":39869,"minecraft:time_since_death":16466,"minecraft:walk_one_cm":67192,"minecraft:sneak_time":128,"minecraft:total_world_time":16466,"minecraft:talked_to_villager":1,"minecraft:fall_one_cm":1579,"minecraft:fly_one_cm":27191}},"DataVersion":3120}