{"stats":{"minecraft:used":{"minecraft:iron_bars":4,"minecraft:dead_bush":1,"minecraft:iron_shovel":3,"minecraft:armor_stand":1,"minecraft:chest":4,"minecraft:shield":1,"minecraft:white_terracotta":1,"minecraft:torch":1,"minecraft:dirt":67,"paraglider:goddess_statue":1,"minecraft:hopper":1,"minecraft:carrot":1,"minecraft:dark_oak_planks":4,"minecraft:stripped_spruce_log":1,"minecraft:lava_bucket":16,"minecraft:iron_axe":15,"paraglider:goron_goddess_statue":1,"minecraft:smooth_basalt":1,"minecraft:tripwire_hook":2,"minecraft:barrel":1,"minecraft:stone_bricks":4,"minecraft:item_frame":12,"minecraft:dark_oak_boat":1,"minecraft:goat_horn":6,"minecraft:light_gray_bed":7,"minecraft:egg":6,"tombstone:gift":9,"minecraft:brown_bed":1,"minecraft:water_bucket":16,"minecraft:diorite":15,"minecraft:spruce_door":1,"minecraft:stone_pickaxe":173,"minecraft:cobblestone_slab":4,"moremoreswords:emerald_sword":209,"notreepunching:flint_knife":33,"minecraft:cracked_stone_bricks":2,"minecraft:golden_apple":3,"minecraft:mossy_cobblestone":1,"minecraft:golden_hoe":12,"minecraft:crafting_table":9,"minecraft:red_bed":5,"minecraft:blast_furnace":1,"minecraft:white_bed":6,"notreepunching:stone_loose_rock":1,"minecraft:redstone_torch":4,"waystones:waystone":5,"notreepunching:flint_axe":28,"minecraft:oxeye_daisy":2,"minecraft:dark_oak_log":4,"minecraft:bread":46,"minecraft:iron_pickaxe":21,"tombstone:grave_key":3,"minecraft:gravel":21,"minecraft:stone_axe":22,"minecraft:porkchop":2,"minecraft:cobblestone":87,"minecraft:bucket":34,"minecraft:smithing_table":1,"minecraft:gray_wool":1},"minecraft:mined":{"minecraft:white_bed":4,"minecraft:mossy_cobblestone":1,"minecraft:dark_oak_log":12,"minecraft:potted_dead_bush":2,"minecraft:dark_oak_pressure_plate":1,"minecraft:granite":4,"minecraft:grass_block":54,"paraglider:goron_goddess_statue":1,"notreepunching:stone_loose_rock":5,"minecraft:light_gray_bed":7,"minecraft:rooted_dirt":1,"minecraft:hay_block":11,"minecraft:tall_seagrass":1,"minecraft:furnace":1,"minecraft:iron_ore":9,"minecraft:fire":13,"minecraft:stripped_spruce_log":6,"minecraft:gold_block":8,"minecraft:brown_bed":1,"notreepunching:diorite_loose_rock":1,"minecraft:bookshelf":2,"minecraft:vine":4,"minecraft:water_cauldron":1,"minecraft:cobblestone_slab":3,"minecraft:iron_bars":4,"minecraft:stone":41,"minecraft:white_wool":4,"minecraft:potted_allium":1,"minecraft:smithing_table":1,"minecraft:glass_pane":15,"minecraft:red_bed":5,"minecraft:clay":2,"minecraft:crafting_table":7,"minecraft:blast_furnace":1,"minecraft:light_gray_wall_banner":1,"minecraft:chest":1,"minecraft:cobblestone":55,"minecraft:diorite":15,"minecraft:skeleton_skull":1,"minecraft:white_terracotta":1,"minecraft:birch_planks":2,"minecraft:grass":70,"minecraft:oak_log":16,"minecraft:gravel":34,"minecraft:sand":12,"minecraft:dirt":32,"structure_gel:dynamic_spawner":5,"minecraft:smooth_basalt":1,"minecraft:cracked_stone_bricks":3,"minecraft:stone_bricks":4,"minecraft:mossy_stone_bricks":1,"minecraft:oak_leaves":10,"paraglider:goddess_statue":3},"minecraft:custom":{"minecraft:mob_kills":50,"minecraft:inspect_hopper":3,"minecraft:interact_with_crafting_table":43,"minecraft:open_barrel":13,"minecraft:bell_ring":4,"minecraft:damage_dealt_resisted":6039,"minecraft:leave_game":9,"minecraft:time_since_death":27392,"minecraft:climb_one_cm":3595,"minecraft:sprint_one_cm":639563,"minecraft:walk_one_cm":447094,"minecraft:damage_blocked_by_shield":195,"minecraft:drop":92,"minecraft:damage_dealt_absorbed":3396,"minecraft:talked_to_villager":4,"minecraft:play_time":203515,"minecraft:sneak_time":9736,"minecraft:deaths":61,"minecraft:walk_under_water_one_cm":33600,"minecraft:boat_one_cm":74345,"tombstone:tomb_raiding":5,"minecraft:jump":4090,"minecraft:interact_with_blast_furnace":5,"minecraft:total_world_time":203515,"minecraft:walk_on_water_one_cm":27995,"minecraft:interact_with_furnace":12,"tombstone:raider_killed":9,"minecraft:raid_trigger":1,"minecraft:interact_with_grindstone":1,"minecraft:sleep_in_bed":25,"minecraft:time_since_rest":226,"minecraft:waystone_activated":10,"minecraft:damage_absorbed":39,"minecraft:damage_taken":21855,"tombstone:sneak_grave":2,"minecraft:damage_dealt":12977,"minecraft:swim_one_cm":41405,"minecraft:fly_one_cm":985431,"minecraft:player_kills":6,"minecraft:open_chest":100,"minecraft:crouch_one_cm":18671,"tombstone:undead_killed":18,"tombstone:villager_killed":1,"minecraft:fall_one_cm":104822},"minecraft:killed_by":{"illager_additions:new_samurai":2,"minecraft:creeper":3,"minecraft:spider":3,"illager_additions:spearman":2,"minecraft:pillager":6,"minecraft:enderman":3,"minecraft:cave_spider":6,"minecraft:skeleton":8,"minecraft:zombie":21,"majruszsdifficulty:cursed_armor":1,"minecraft:vex":5},"minecraft:killed":{"minecraft:cave_spider":2,"minecraft:spider":3,"minecraft:horse":1,"minecraft:skeleton":7,"majruszsdifficulty:creeperling":1,"minecraft:pig":2,"minecraft:zombie_villager":1,"minecraft:creeper":2,"minecraft:sheep":5,"minecraft:pillager":9,"minecraft:zombie":10,"minecraft:villager":1,"minecraft:enderman":2,"minecraft:cow":2},"minecraft:broken":{"minecraft:leather_helmet":1,"minecraft:chainmail_leggings":1,"moremoreswords:emerald_sword":1,"minecraft:golden_leggings":1,"minecraft:shield":1},"minecraft:dropped":{"minecraft:birch_planks":1,"minecraft:wheat_seeds":59,"minecraft:oak_log":1,"minecraft:poisonous_potato":5,"minecraft:feather":2,"minecraft:leather":1,"minecraft:granite":4,"minecraft:grass_block":1,"minecraft:cod":6,"minecraft:item_frame":3,"minecraft:stick":5,"minecraft:oxeye_daisy":4,"minecraft:cobweb":8,"minecraft:dirt":59,"minecraft:gray_wool":1,"minecraft:dark_oak_log":2,"minecraft:ink_sac":6,"tombstone:grave_key":4,"minecraft:mutton":1,"minecraft:zombie_head":1,"minecraft:gold_nugget":4,"minecraft:sand":7,"minecraft:string":9,"minecraft:dark_oak_planks":1,"tombstone:voodoo_poppet":4,"minecraft:white_wool":6,"minecraft:dandelion":2,"minecraft:bone":4,"minecraft:gravel":15,"minecraft:stone_axe":1,"minecraft:sugar_cane":2,"minecraft:wheat":9,"minecraft:clay_ball":2,"minecraft:pumpkin_seeds":2,"minecraft:carrot":3,"minecraft:poppy":2,"minecraft:cobblestone_slab":10,"minecraft:shield":1,"minecraft:allium":1,"minecraft:mossy_stone_bricks":1,"minecraft:oak_sapling":16,"notreepunching:stone_loose_rock":7,"minecraft:spider_eye":3,"minecraft:stone_bricks":2,"minecraft:iron_bars":1,"minecraft:arrow":6,"minecraft:beef":4,"minecraft:stone_pickaxe":1},"minecraft:crafted":{"minecraft:oak_planks":32,"minecraft:cobblestone_slab":6,"minecraft:dark_oak_boat":1,"minecraft:glass":12,"minecraft:hopper":1,"minecraft:diamond":1,"travelersbackpack:white_sleeping_bag":1,"moremoreswords:emerald_sword":2,"minecraft:stone_pickaxe":1,"minecraft:chest":5,"minecraft:dark_oak_planks":22,"notreepunching:flint_knife":1,"minecraft:wheat":91,"minecraft:crafting_table":3,"minecraft:spruce_planks":10,"travelersbackpack:backpack_tank":2,"travelersbackpack:standard":1,"minecraft:bucket":2,"minecraft:bread":33,"minecraft:air":0,"minecraft:stick":8,"minecraft:iron_ingot":3,"minecraft:iron_shovel":1,"minecraft:white_bed":1,"notreepunching:flint_axe":1,"notreepunching:plant_string":1,"tombstone:voodoo_poppet":1,"paraglider:goron_goddess_statue":2,"minecraft:golden_hoe":1},"minecraft:picked_up":{"minecraft:crafting_table":7,"minecraft:wheat":13,"minecraft:allium":1,"minecraft:clay_ball":4,"minecraft:creeper_head":1,"minecraft:flower_pot":3,"minecraft:smithing_table":1,"minecraft:brown_bed":1,"minecraft:gold_block":8,"tombstone:grave_key":3,"minecraft:shield":2,"minecraft:golden_sword":1,"minecraft:dark_oak_pressure_plate":1,"paraglider:goddess_statue":3,"minecraft:string":12,"minecraft:red_bed":5,"minecraft:wooden_sword":1,"minecraft:item_frame":4,"minecraft:armor_stand":1,"minecraft:zombie_head":1,"minecraft:cracked_stone_bricks":2,"minecraft:beef":4,"minecraft:redstone_torch":4,"minecraft:cobblestone_slab":3,"minecraft:poppy":1,"notreepunching:plant_fiber":8,"minecraft:chest":1,"minecraft:furnace":1,"minecraft:egg":3,"notreepunching:flint_shard":12,"minecraft:raw_iron":9,"minecraft:stick":8,"minecraft:torch":1,"minecraft:porkchop":2,"tombstone:grave_dust":4,"minecraft:diorite":15,"minecraft:carrot":4,"minecraft:light_gray_banner":1,"minecraft:cauldron":1,"tombstone:scroll_of_purification":1,"minecraft:stone_sword":1,"minecraft:arrow":6,"minecraft:light_gray_bed":7,"minecraft:stone_shovel":1,"minecraft:rotten_flesh":8,"minecraft:hay_block":11,"minecraft:white_terracotta":1,"minecraft:oxeye_daisy":6,"minecraft:white_wool":12,"minecraft:mutton":6,"minecraft:iron_bars":5,"minecraft:cod":1,"minecraft:skeleton_skull":1,"notreepunching:diorite_loose_rock":1,"minecraft:cobblestone":130,"paraglider:goron_goddess_statue":1,"minecraft:tripwire_hook":2,"minecraft:salmon":1,"minecraft:leather":3,"minecraft:dark_oak_boat":1,"minecraft:birch_planks":1,"minecraft:flint":4,"minecraft:oak_log":17,"tombstone:voodoo_poppet":4,"minecraft:dirt":86,"minecraft:white_banner":1,"minecraft:bone":4,"minecraft:apple":1,"minecraft:stone_bricks":6,"minecraft:bow":1,"minecraft:wheat_seeds":35,"minecraft:iron_ingot":1,"minecraft:stone_pickaxe":1,"minecraft:mossy_stone_bricks":1,"minecraft:book":6,"minecraft:smooth_basalt":1,"minecraft:dandelion":1,"minecraft:gravel":39,"minecraft:lava_bucket":1,"minecraft:sand":12,"minecraft:stripped_spruce_log":6,"minecraft:ink_sac":6,"minecraft:blast_furnace":1,"minecraft:white_bed":4,"minecraft:dead_bush":2,"minecraft:spider_eye":4,"minecraft:dark_oak_log":18,"minecraft:spruce_door":1,"minecraft:mossy_cobblestone":1,"notreepunching:flint_knife":1,"minecraft:pumpkin_seeds":1,"minecraft:stone_axe":2,"waystones:waystone":5,"minecraft:chainmail_leggings":1,"minecraft:granite":8,"notreepunching:stone_loose_rock":6,"minecraft:gray_wool":2,"minecraft:emerald":4,"minecraft:rooted_dirt":1,"minecraft:oak_sapling":13}},"DataVersion":3465}