{"stats":{"minecraft:mined":{"minecraft:smooth_red_sandstone":60},"minecraft:used":{"minecraft:smooth_red_sandstone":3,"minecraft:diamond_pickaxe":60},"minecraft:custom":{"minecraft:jump":123,"minecraft:time_since_rest":14883,"minecraft:crouch_one_cm":257,"minecraft:leave_game":1,"minecraft:sprint_one_cm":39869,"minecraft:play_time":14883,"minecraft:time_since_death":14883,"minecraft:walk_one_cm":66660,"minecraft:sneak_time":128,"minecraft:total_world_time":14883,"minecraft:talked_to_villager":1,"minecraft:fall_one_cm":1579,"minecraft:fly_one_cm":27191}},"DataVersion":3120}