{"stats":{"minecraft:broken":{"minecraft:iron_pickaxe":1},"minecraft:used":{"minecraft:water_bucket":3,"minecraft:flint_and_steel":2,"minecraft:stone_pickaxe":158,"minecraft:wooden_pickaxe":31,"minecraft:netherrack":7,"minecraft:iron_chestplate":1,"minecraft:torch":20,"minecraft:dirt":21,"minecraft:crafting_table":7,"minecraft:golden_chestplate":1,"minecraft:granite":14,"minecraft:obsidian":10,"minecraft:wooden_axe":10,"minecraft:diamond_pickaxe":640,"minecraft:lava_bucket":10,"minecraft:iron_axe":33,"minecraft:iron_pickaxe":252,"minecraft:gravel":2,"minecraft:stone_axe":20,"minecraft:cobblestone":12,"minecraft:furnace":8,"minecraft:cooked_porkchop":8,"minecraft:porkchop":5,"minecraft:bucket":17,"minecraft:oak_boat":2,"minecraft:cobbled_deepslate":28},"minecraft:picked_up":{"minecraft:wooden_axe":1,"minecraft:crafting_table":7,"minecraft:basalt":73,"minecraft:andesite":1,"minecraft:leather":5,"minecraft:golden_leggings":1,"minecraft:wooden_pickaxe":1,"minecraft:flint":6,"minecraft:oak_log":30,"minecraft:ancient_debris":19,"minecraft:golden_boots":1,"minecraft:lapis_lazuli":49,"minecraft:dirt":45,"minecraft:string":8,"minecraft:raw_copper":7,"minecraft:bone":2,"minecraft:blackstone":8,"minecraft:bow":1,"minecraft:wheat_seeds":1,"minecraft:gold_nugget":10,"minecraft:cobbled_deepslate":45,"minecraft:raw_gold":8,"minecraft:beef":7,"minecraft:iron_pickaxe":1,"minecraft:furnace":6,"minecraft:stick":7,"minecraft:raw_iron":29,"minecraft:cooked_porkchop":6,"minecraft:torch":2,"minecraft:quartz":35,"minecraft:gravel":49,"minecraft:porkchop":18,"minecraft:rotten_flesh":3,"minecraft:diamond":11,"minecraft:granite":37,"minecraft:oak_sapling":3,"minecraft:obsidian":6,"minecraft:netherrack":398,"minecraft:mutton":4,"minecraft:coal":3,"minecraft:white_wool":1,"minecraft:cobblestone":78},"minecraft:custom":{"minecraft:interact_with_furnace":44,"minecraft:mob_kills":21,"minecraft:interact_with_crafting_table":23,"minecraft:leave_game":5,"minecraft:time_since_death":72423,"minecraft:time_since_rest":72456,"minecraft:sprint_one_cm":170048,"minecraft:damage_taken":869,"minecraft:walk_one_cm":93988,"minecraft:drop":20,"minecraft:damage_dealt":2518,"minecraft:swim_one_cm":6720,"minecraft:fly_one_cm":145263,"minecraft:open_chest":1,"minecraft:crouch_one_cm":45489,"minecraft:play_time":105528,"minecraft:deaths":1,"minecraft:sneak_time":16611,"minecraft:walk_under_water_one_cm":10179,"minecraft:boat_one_cm":61869,"minecraft:jump":1051,"minecraft:walk_on_water_one_cm":14232,"minecraft:total_world_time":105528,"minecraft:fall_one_cm":17253},"minecraft:killed":{"minecraft:cave_spider":2,"minecraft:pig":7,"minecraft:spider":3,"minecraft:skeleton":1,"minecraft:sheep":2,"minecraft:zombie":2,"minecraft:cow":4},"minecraft:mined":{"minecraft:nether_gold_ore":2,"minecraft:tuff":1,"minecraft:blackstone":10,"minecraft:deepslate_diamond_ore":11,"minecraft:basalt":75,"minecraft:obsidian":6,"minecraft:crafting_table":7,"minecraft:torch":2,"minecraft:granite":37,"minecraft:short_grass":5,"minecraft:grass_block":13,"minecraft:nether_quartz_ore":47,"minecraft:copper_ore":2,"minecraft:cobblestone":4,"minecraft:lapis_ore":3,"minecraft:deepslate_gold_ore":8,"minecraft:furnace":6,"minecraft:iron_ore":15,"minecraft:cobbled_deepslate":1,"minecraft:andesite":1,"minecraft:deepslate_lapis_ore":5,"minecraft:coal_ore":3,"minecraft:oak_log":30,"minecraft:deepslate_iron_ore":14,"minecraft:gravel":52,"minecraft:dirt":32,"minecraft:stone":74,"minecraft:netherrack":620,"minecraft:ancient_debris":19,"minecraft:oak_leaves":4,"minecraft:deepslate":46},"minecraft:crafted":{"minecraft:oak_planks":120,"minecraft:cooked_porkchop":12,"minecraft:crafting_table":2,"minecraft:wooden_pickaxe":2,"minecraft:furnace":2,"minecraft:bucket":2,"minecraft:stone_axe":1,"minecraft:cooked_mutton":4,"minecraft:air":0,"minecraft:oak_boat":2,"minecraft:iron_chestplate":1,"minecraft:iron_boots":1,"minecraft:diamond_pickaxe":1,"minecraft:iron_axe":1,"minecraft:stick":16,"minecraft:iron_ingot":29,"minecraft:iron_pickaxe":1,"minecraft:stone_pickaxe":2,"minecraft:wooden_axe":1,"minecraft:iron_leggings":1},"minecraft:dropped":{"minecraft:golden_boots":2,"minecraft:wheat_seeds":1,"minecraft:cooked_porkchop":6,"minecraft:cobblestone":1,"minecraft:rotten_flesh":3,"minecraft:dirt":2,"minecraft:andesite":1,"minecraft:golden_leggings":2,"minecraft:oak_sapling":3,"minecraft:wooden_pickaxe":1,"minecraft:iron_pickaxe":1,"minecraft:netherrack":8,"minecraft:white_wool":1,"minecraft:bone":2}},"DataVersion":3953}