{"stats":{"minecraft:broken":{"minecraft:iron_pickaxe":1},"minecraft:used":{"minecraft:enchanting_table":1,"minecraft:flint_and_steel":4,"minecraft:netherrack":168,"minecraft:iron_chestplate":1,"minecraft:torch":20,"minecraft:dirt":21,"minecraft:golden_chestplate":1,"minecraft:granite":14,"minecraft:obsidian":20,"minecraft:wooden_axe":10,"minecraft:lava_bucket":14,"minecraft:iron_axe":35,"minecraft:furnace":10,"minecraft:cobbled_deepslate":28,"minecraft:cooked_mutton":4,"minecraft:water_bucket":6,"minecraft:stone_pickaxe":158,"minecraft:wooden_pickaxe":31,"minecraft:diamond_axe":32,"minecraft:crafting_table":11,"minecraft:white_bed":1,"minecraft:diamond_pickaxe":1244,"minecraft:diamond_shovel":24,"minecraft:bread":4,"minecraft:iron_pickaxe":252,"minecraft:gravel":2,"minecraft:stone_axe":20,"minecraft:cobblestone":12,"minecraft:porkchop":5,"minecraft:cooked_porkchop":16,"minecraft:smithing_table":1,"minecraft:bucket":26,"minecraft:oak_boat":13},"minecraft:picked_up":{"minecraft:wooden_axe":1,"minecraft:crafting_table":11,"minecraft:smithing_table":1,"minecraft:wooden_pickaxe":1,"minecraft:gold_block":1,"minecraft:string":8,"minecraft:raw_copper":7,"minecraft:blackstone":9,"minecraft:gold_nugget":10,"minecraft:cobbled_deepslate":119,"minecraft:bucket":1,"minecraft:beef":7,"minecraft:oak_boat":11,"minecraft:iron_pickaxe":1,"minecraft:sugar_cane":31,"minecraft:furnace":10,"minecraft:stick":7,"minecraft:raw_iron":29,"minecraft:torch":2,"minecraft:porkchop":25,"minecraft:diorite":2,"minecraft:tnt":1,"minecraft:rotten_flesh":3,"minecraft:obsidian":30,"minecraft:mutton":4,"minecraft:white_wool":1,"minecraft:cobblestone":124,"minecraft:enchanting_table":1,"minecraft:basalt":74,"minecraft:andesite":1,"minecraft:leather":6,"minecraft:golden_leggings":1,"minecraft:flint":6,"minecraft:oak_log":30,"minecraft:ancient_debris":19,"minecraft:golden_boots":1,"minecraft:lapis_lazuli":49,"minecraft:dirt":61,"minecraft:bone":2,"minecraft:bow":1,"minecraft:wheat_seeds":3,"minecraft:raw_gold":8,"minecraft:cooked_porkchop":6,"minecraft:quartz":128,"minecraft:gravel":49,"minecraft:white_bed":2,"minecraft:diamond":45,"minecraft:granite":47,"minecraft:oak_sapling":3,"minecraft:netherrack":440,"minecraft:coal":3},"minecraft:custom":{"minecraft:interact_with_smithing_table":2,"minecraft:mob_kills":30,"minecraft:interact_with_crafting_table":41,"minecraft:leave_game":10,"minecraft:time_since_death":173948,"minecraft:sprint_one_cm":350956,"minecraft:walk_one_cm":210044,"minecraft:drop":53,"minecraft:play_time":207053,"minecraft:deaths":1,"minecraft:sneak_time":28675,"minecraft:walk_under_water_one_cm":22159,"minecraft:boat_one_cm":718525,"minecraft:jump":2739,"minecraft:interact_with_blast_furnace":1,"minecraft:walk_on_water_one_cm":28388,"minecraft:total_world_time":207053,"minecraft:interact_with_furnace":62,"minecraft:sleep_in_bed":1,"minecraft:time_since_rest":22714,"minecraft:damage_taken":1595,"minecraft:damage_dealt":3863,"minecraft:swim_one_cm":55156,"minecraft:fly_one_cm":511197,"minecraft:open_chest":13,"minecraft:crouch_one_cm":68039,"minecraft:fall_one_cm":59664},"minecraft:killed":{"minecraft:cave_spider":2,"minecraft:spider":3,"minecraft:horse":2,"minecraft:skeleton":1,"minecraft:pig":10,"minecraft:sheep":2,"minecraft:zombie":2,"minecraft:ghast":1,"minecraft:cow":7},"minecraft:mined":{"minecraft:nether_gold_ore":2,"minecraft:tuff":1,"minecraft:white_bed":2,"minecraft:deepslate_diamond_ore":45,"minecraft:obsidian":30,"minecraft:granite":47,"minecraft:grass_block":17,"minecraft:spruce_leaves":3,"minecraft:furnace":10,"minecraft:iron_ore":15,"minecraft:cobbled_deepslate":1,"minecraft:fire":8,"minecraft:snow":17,"minecraft:andesite":3,"minecraft:deepslate_lapis_ore":5,"minecraft:enchanting_table":1,"minecraft:gold_block":1,"minecraft:deepslate_iron_ore":14,"minecraft:packed_ice":1,"minecraft:stone":120,"minecraft:smithing_table":1,"minecraft:blackstone":11,"minecraft:basalt":76,"minecraft:crafting_table":11,"minecraft:torch":2,"minecraft:short_grass":18,"minecraft:nether_quartz_ore":204,"minecraft:copper_ore":2,"minecraft:cobblestone":4,"minecraft:deepslate_gold_ore":8,"minecraft:lapis_ore":3,"minecraft:sugar_cane":7,"minecraft:diorite":2,"minecraft:ice":3,"minecraft:coal_ore":3,"minecraft:oak_log":30,"minecraft:gravel":52,"minecraft:dirt":45,"minecraft:ancient_debris":19,"minecraft:netherrack":744,"minecraft:oak_leaves":4,"minecraft:deepslate":223},"minecraft:crafted":{"minecraft:oak_planks":120,"minecraft:furnace":2,"minecraft:diamond_shovel":1,"minecraft:cooked_mutton":4,"minecraft:diamond_helmet":1,"minecraft:iron_boots":1,"minecraft:diamond_leggings":1,"minecraft:iron_axe":1,"minecraft:stone_pickaxe":2,"minecraft:diamond_boots":1,"minecraft:netherite_scrap":17,"minecraft:cooked_porkchop":19,"minecraft:diamond_axe":1,"minecraft:crafting_table":2,"minecraft:enchanting_table":1,"minecraft:wooden_pickaxe":2,"minecraft:smithing_table":1,"minecraft:bucket":2,"minecraft:stone_axe":1,"minecraft:air":0,"minecraft:oak_boat":3,"minecraft:iron_chestplate":1,"minecraft:book":1,"minecraft:paper":3,"minecraft:diamond_pickaxe":1,"minecraft:stick":20,"minecraft:iron_ingot":29,"minecraft:iron_pickaxe":1,"minecraft:wooden_axe":1,"minecraft:snow_block":5,"minecraft:iron_leggings":1,"minecraft:gold_ingot":9,"minecraft:netherite_ingot":1,"minecraft:diamond_chestplate":1},"minecraft:dropped":{"minecraft:golden_boots":2,"minecraft:porkchop":1,"minecraft:wheat_seeds":3,"minecraft:tnt":1,"minecraft:cooked_porkchop":6,"minecraft:cobblestone":1,"minecraft:granite":10,"minecraft:flint":6,"minecraft:dirt":18,"minecraft:diorite":2,"minecraft:snowball":6,"minecraft:fire_charge":1,"minecraft:iron_leggings":1,"minecraft:gold_nugget":1,"minecraft:golden_hoe":1,"minecraft:iron_axe":1,"minecraft:iron_pickaxe":1,"minecraft:glistering_melon_slice":8,"minecraft:string":8,"minecraft:white_wool":1,"minecraft:bone":2,"minecraft:blackstone":9,"minecraft:golden_chestplate":1,"minecraft:cobbled_deepslate":27,"minecraft:rotten_flesh":3,"minecraft:iron_boots":1,"minecraft:iron_chestplate":1,"minecraft:andesite":1,"minecraft:golden_leggings":2,"minecraft:oak_sapling":3,"minecraft:basalt":74,"minecraft:wooden_pickaxe":1,"minecraft:stone_pickaxe":1,"minecraft:quartz":64,"minecraft:netherrack":202}},"DataVersion":3953}