{"stats":{"minecraft:mined":{"minecraft:smooth_red_sandstone":481},"minecraft:used":{"minecraft:smooth_red_sandstone":14,"minecraft:diamond_pickaxe":481,"minecraft:bow":40},"minecraft:custom":{"minecraft:jump":272,"minecraft:time_since_rest":41720,"minecraft:crouch_one_cm":16142,"minecraft:leave_game":4,"minecraft:play_time":41720,"minecraft:sprint_one_cm":72812,"minecraft:time_since_death":41720,"minecraft:walk_one_cm":160928,"minecraft:sneak_time":3630,"minecraft:total_world_time":41720,"minecraft:mob_kills":24,"minecraft:talked_to_villager":1,"minecraft:fall_one_cm":2632,"minecraft:fly_one_cm":61773}},"DataVersion":3120}