{"stats":{"minecraft:dropped":{"minecraft:nether_wart":2,"minecraft:pink_dye":2,"minecraft:gold_nugget":3,"minecraft:spider_eye":1,"minecraft:apple":1,"minecraft:pumpkin":1,"minecraft:slime_ball":1,"minecraft:lime_dye":3,"minecraft:pumpkin_seeds":1},"minecraft:picked_up":{"minecraft:nether_wart":3,"minecraft:pumpkin":1,"minecraft:gunpowder":2,"minecraft:golden_sword":1,"minecraft:spider_eye":4,"minecraft:lime_dye":6,"minecraft:pumpkin_seeds":2,"minecraft:slime_ball":2,"minecraft:apple":23,"minecraft:gold_nugget":5,"minecraft:pink_dye":3},"minecraft:mined":{"minecraft:pumpkin":1,"minecraft:smooth_red_sandstone":481},"minecraft:killed":{"minecraft:zombified_piglin":5,"minecraft:rabbit":6,"minecraft:silverfish":2,"minecraft:spider":3,"minecraft:slime":2,"minecraft:creeper":1},"minecraft:used":{"minecraft:diamond_pickaxe":481,"minecraft:iron_axe":42,"minecraft:carrot_on_a_stick":8,"minecraft:bow":40,"minecraft:written_book":15,"minecraft:smooth_red_sandstone":14},"minecraft:custom":{"minecraft:time_since_rest":54655,"minecraft:sprint_one_cm":136300,"minecraft:walk_one_cm":193324,"minecraft:mob_kills":43,"minecraft:drop":15,"minecraft:damage_dealt":2280,"minecraft:talked_to_villager":1,"minecraft:fly_one_cm":141543,"minecraft:play_time":54655,"minecraft:crouch_one_cm":17459,"minecraft:sneak_time":3899,"minecraft:jump":581,"minecraft:leave_game":4,"minecraft:walk_on_water_one_cm":2310,"minecraft:time_since_death":54655,"minecraft:climb_one_cm":3476,"minecraft:total_world_time":54655,"minecraft:damage_resisted":470,"minecraft:fall_one_cm":12732}},"DataVersion":3120}