{"stats":{"minecraft:dropped":{"minecraft:iron_sword":1,"minecraft:lapis_lazuli":63,"minecraft:cooked_beef":1,"minecraft:diamond":9,"minecraft:leather":12,"minecraft:rail":24,"minecraft:flint":7,"minecraft:dirt":22,"minecraft:sand":1,"minecraft:iron_pickaxe":1,"minecraft:white_wool":2,"minecraft:bone":5,"minecraft:oak_door":2,"minecraft:gravel":8,"minecraft:stone_axe":1,"minecraft:sugar_cane":195,"minecraft:cobbled_deepslate":279,"minecraft:wheat":6,"minecraft:rotten_flesh":9,"minecraft:oak_planks":17,"minecraft:poppy":1,"minecraft:gunpowder":11,"minecraft:arrow":14,"minecraft:golden_boots":3,"minecraft:iron_ingot":16,"minecraft:bread":70,"minecraft:wheat_seeds":2,"minecraft:diamond_leggings":3,"minecraft:iron_helmet":1,"minecraft:feather":1,"minecraft:cobblestone":26,"minecraft:coal":17,"minecraft:stick":2,"minecraft:gray_wool":2,"minecraft:diamond_helmet":3,"minecraft:green_carpet":1,"minecraft:iron_leggings":2,"minecraft:iron_axe":2,"minecraft:paper":1,"minecraft:string":14,"minecraft:acacia_planks":9,"minecraft:polished_deepslate":33,"minecraft:dandelion":18,"minecraft:chicken":3,"minecraft:iron_boots":1,"minecraft:white_terracotta":79,"minecraft:flint_and_steel":2,"minecraft:diamond_sword":5,"minecraft:potato":6,"minecraft:shield":2,"minecraft:diamond_chestplate":2,"minecraft:spruce_planks":11,"minecraft:iron_chestplate":2,"minecraft:diamond_pickaxe":3,"minecraft:andesite":12,"minecraft:oak_sapling":4,"minecraft:golden_sword":1,"minecraft:spider_eye":1,"minecraft:diamond_boots":3,"minecraft:bow":2,"minecraft:stone_pickaxe":2,"minecraft:terracotta":1},"minecraft:picked_up":{"minecraft:iron_chestplate":11,"minecraft:wheat":6,"minecraft:diamond_sword":7,"minecraft:potion":7,"minecraft:enchanted_book":3,"minecraft:polished_deepslate":196,"minecraft:string":72,"minecraft:iron_leggings":11,"minecraft:diamond_leggings":7,"minecraft:cobbled_deepslate":470,"minecraft:bucket":6,"minecraft:spruce_planks":8,"minecraft:iron_pickaxe":22,"minecraft:furnace":3,"minecraft:iron_boots":4,"minecraft:stick":11,"minecraft:polished_deepslate_stairs":13,"minecraft:oak_fence":12,"minecraft:torch":48,"minecraft:acacia_log":5,"minecraft:porkchop":27,"minecraft:pointed_dripstone":1,"minecraft:diorite":22,"minecraft:rotten_flesh":55,"minecraft:iron_block":12,"minecraft:white_terracotta":324,"minecraft:cobblestone":516,"minecraft:pink_petals":34,"minecraft:feather":1,"minecraft:cooked_beef":104,"minecraft:water_bucket":4,"minecraft:andesite":18,"minecraft:potato":69,"minecraft:flint":10,"minecraft:lapis_lazuli":6,"minecraft:dirt":142,"minecraft:bone":66,"minecraft:acacia_planks":21,"minecraft:bow":7,"minecraft:wheat_seeds":62,"minecraft:deepslate_brick_slab":30,"minecraft:grindstone":1,"minecraft:diamond_helmet":6,"minecraft:oak_planks":116,"minecraft:cooked_porkchop":4,"minecraft:sand":1,"minecraft:stripped_spruce_log":32,"minecraft:dark_oak_log":28,"minecraft:sugar":8,"minecraft:diamond":95,"minecraft:crossbow":5,"minecraft:granite":8,"minecraft:emerald":93,"minecraft:bread":105,"minecraft:oak_sapling":4,"minecraft:diamond_pickaxe":8,"minecraft:crafting_table":60,"minecraft:chicken":3,"minecraft:chest_minecart":1,"minecraft:wooden_pickaxe":4,"minecraft:gold_block":8,"minecraft:shield":15,"minecraft:iron_axe":14,"minecraft:flint_and_steel":3,"minecraft:detector_rail":3,"minecraft:beef":26,"minecraft:oak_boat":2,"minecraft:poppy":1,"minecraft:sugar_cane":261,"minecraft:chest":8,"minecraft:raw_iron":54,"minecraft:polished_deepslate_slab":34,"minecraft:oak_door":5,"minecraft:carrot":5,"minecraft:redstone":28,"minecraft:dark_oak_planks":3,"minecraft:arrow":307,"minecraft:diamond_chestplate":5,"minecraft:diamond_boots":9,"minecraft:deepslate_bricks":27,"minecraft:cracked_deepslate_bricks":7,"minecraft:glow_berries":57,"minecraft:mutton":36,"minecraft:white_wool":50,"minecraft:rail":87,"minecraft:leather":116,"minecraft:carrot_on_a_stick":2,"minecraft:oak_log":504,"minecraft:golden_boots":4,"minecraft:gunpowder":30,"minecraft:paper":1,"minecraft:cooked_mutton":2,"minecraft:iron_ingot":90,"minecraft:stone_pickaxe":13,"minecraft:iron_sword":15,"minecraft:dandelion":140,"minecraft:gravel":8,"minecraft:white_bed":8,"minecraft:spruce_log":242,"minecraft:spruce_door":5,"minecraft:green_carpet":6,"minecraft:spider_eye":7,"minecraft:stone_axe":8,"minecraft:iron_helmet":11,"minecraft:diamond_axe":1,"minecraft:gray_wool":7,"minecraft:terracotta":1,"minecraft:baked_potato":27,"minecraft:black_wool":2,"minecraft:coal":75},"minecraft:killed_by":{"minecraft:creeper":2,"minecraft:pillager":2,"minecraft:zombie":1,"minecraft:player":1,"minecraft:spider":1,"minecraft:skeleton":9},"minecraft:mined":{"minecraft:spruce_planks":1,"minecraft:white_bed":8,"minecraft:granite":1,"minecraft:acacia_log":5,"minecraft:grass_block":4,"minecraft:deepslate_bricks":6,"minecraft:iron_ore":24,"minecraft:cobbled_deepslate":10,"minecraft:pointed_dripstone":1,"minecraft:polished_deepslate_slab":1,"minecraft:dirt_path":7,"minecraft:green_carpet":4,"minecraft:tripwire":1,"minecraft:polished_deepslate_stairs":6,"minecraft:chest":1,"minecraft:glass":1,"minecraft:cobblestone":30,"minecraft:oak_planks":35,"minecraft:grindstone":1,"minecraft:sugar_cane":401,"minecraft:wall_torch":3,"minecraft:pink_petals":15,"minecraft:white_terracotta":188,"minecraft:wheat":1,"minecraft:oak_log":9,"minecraft:sand":2,"minecraft:dirt":13,"minecraft:oak_leaves":3,"minecraft:deepslate":147,"minecraft:tuff":8,"minecraft:deepslate_diamond_ore":5,"minecraft:oak_door":4,"minecraft:deepslate_brick_slab":3,"minecraft:furnace":3,"minecraft:andesite":3,"minecraft:stripped_spruce_log":32,"minecraft:gold_block":5,"minecraft:polished_deepslate":92,"minecraft:potatoes":12,"minecraft:deepslate_iron_ore":2,"minecraft:rail":1,"minecraft:stone":198,"minecraft:spruce_door":5,"minecraft:dandelion":57,"minecraft:oak_fence":4,"minecraft:crafting_table":18,"minecraft:short_grass":34,"minecraft:tall_grass":8,"minecraft:cracked_deepslate_bricks":7,"minecraft:diorite":11,"minecraft:spruce_log":243,"minecraft:coal_ore":17,"minecraft:gravel":6,"minecraft:terracotta":1,"minecraft:infested_stone":43},"minecraft:custom":{"minecraft:interact_with_crafting_table":118,"minecraft:open_barrel":18,"minecraft:leave_game":13,"minecraft:time_since_death":1129,"minecraft:sprint_one_cm":1115842,"minecraft:damage_blocked_by_shield":3421,"minecraft:drop":158,"minecraft:talked_to_villager":1,"minecraft:play_time":438119,"minecraft:deaths":18,"minecraft:jump":7655,"minecraft:interact_with_brewingstand":1,"minecraft:walk_on_water_one_cm":158357,"minecraft:enchant_item":43,"minecraft:interact_with_furnace":155,"minecraft:sleep_in_bed":20,"minecraft:damage_dealt":34518,"minecraft:player_kills":24,"minecraft:crouch_one_cm":170677,"minecraft:interact_with_anvil":22,"minecraft:mob_kills":457,"minecraft:damage_dealt_resisted":770,"minecraft:climb_one_cm":1873,"minecraft:walk_one_cm":606341,"minecraft:sneak_time":66492,"minecraft:walk_under_water_one_cm":301216,"minecraft:boat_one_cm":208854,"minecraft:total_world_time":438119,"minecraft:interact_with_grindstone":16,"minecraft:time_since_rest":1192,"minecraft:damage_taken":15374,"minecraft:swim_one_cm":780960,"minecraft:fly_one_cm":1718790,"minecraft:open_chest":149,"minecraft:fall_one_cm":148305},"minecraft:killed":{"minecraft:cave_spider":4,"minecraft:witch":1,"minecraft:spider":3,"minecraft:skeleton":15,"minecraft:chicken":3,"minecraft:silverfish":339,"minecraft:pig":12,"minecraft:zombie_villager":2,"minecraft:iron_golem":4,"minecraft:creeper":5,"minecraft:sheep":17,"minecraft:pillager":8,"minecraft:zombie":25,"minecraft:cow":4},"minecraft:crafted":{"minecraft:oak_planks":300,"minecraft:cooked_mutton":12,"minecraft:diamond_helmet":2,"minecraft:diamond_leggings":2,"minecraft:iron_boots":1,"minecraft:chest":4,"minecraft:deepslate":138,"minecraft:cooked_porkchop":7,"minecraft:diamond_axe":1,"minecraft:crafting_table":366,"minecraft:spruce_planks":1096,"minecraft:wooden_pickaxe":1,"minecraft:baked_potato":85,"minecraft:iron_helmet":1,"minecraft:spruce_door":3,"minecraft:cracked_deepslate_bricks":124,"minecraft:polished_deepslate_slab":78,"minecraft:iron_chestplate":2,"minecraft:diamond_pickaxe":1,"minecraft:stick":24,"minecraft:iron_ingot":17,"minecraft:deepslate_bricks":280,"minecraft:cherry_planks":156,"minecraft:oak_door":3,"minecraft:polished_deepslate_stairs":16,"minecraft:furnace":7,"minecraft:polished_deepslate":600,"minecraft:iron_axe":2,"minecraft:stone_pickaxe":2,"minecraft:diamond_boots":4,"minecraft:dark_oak_planks":8,"minecraft:cooked_beef":10,"minecraft:diamond_sword":2,"minecraft:deepslate_brick_slab":78,"minecraft:iron_sword":1,"minecraft:bucket":1,"minecraft:stone_axe":1,"minecraft:air":0,"minecraft:oak_boat":1,"minecraft:iron_leggings":1,"minecraft:white_bed":2,"minecraft:acacia_planks":20,"minecraft:torch":8,"minecraft:diamond_chestplate":2},"minecraft:used":{"minecraft:polished_deepslate":233,"minecraft:chest":4,"minecraft:shield":57,"minecraft:white_terracotta":143,"minecraft:iron_sword":132,"minecraft:rotten_flesh":31,"minecraft:iron_chestplate":3,"minecraft:mutton":16,"minecraft:carrot":3,"minecraft:deepslate_brick_slab":54,"minecraft:polished_deepslate_stairs":15,"minecraft:iron_helmet":5,"minecraft:furnace":10,"minecraft:gold_block":5,"minecraft:potato":23,"minecraft:diorite":11,"minecraft:diamond_boots":10,"minecraft:spruce_door":7,"minecraft:stone_pickaxe":200,"minecraft:oak_planks":51,"minecraft:wooden_pickaxe":14,"minecraft:diamond_axe":369,"minecraft:sugar_cane":5,"minecraft:white_wool":1,"minecraft:glow_berries":21,"minecraft:bread":35,"minecraft:string":1,"minecraft:deepslate":10,"minecraft:diamond_sword":240,"minecraft:grindstone":1,"minecraft:oak_boat":3,"minecraft:cracked_deepslate_bricks":105,"minecraft:oak_door":5,"minecraft:torch":24,"minecraft:dirt":81,"minecraft:diamond_helmet":3,"minecraft:granite":5,"minecraft:dark_oak_planks":1,"minecraft:iron_axe":158,"minecraft:iron_boots":2,"minecraft:diamond_chestplate":1,"minecraft:beef":13,"minecraft:cobbled_deepslate":25,"minecraft:cooked_beef":32,"minecraft:acacia_planks":2,"minecraft:iron_leggings":3,"minecraft:pointed_dripstone":1,"minecraft:cooked_mutton":12,"minecraft:water_bucket":24,"minecraft:baked_potato":58,"minecraft:deepslate_bricks":100,"minecraft:polished_deepslate_slab":46,"minecraft:rail":3,"minecraft:crafting_table":424,"minecraft:white_bed":10,"minecraft:diamond_pickaxe":556,"minecraft:iron_pickaxe":66,"minecraft:detector_rail":3,"minecraft:stone_axe":56,"minecraft:green_carpet":4,"minecraft:cobblestone":143,"minecraft:cooked_porkchop":7,"minecraft:porkchop":14,"minecraft:bucket":26,"minecraft:dandelion":51,"minecraft:diamond_leggings":3},"minecraft:broken":{"minecraft:stone_pickaxe":1,"minecraft:shield":1,"minecraft:iron_helmet":1}},"DataVersion":3953}