{"stats":{"minecraft:dropped":{"minecraft:bread":70,"minecraft:golden_boots":3,"minecraft:iron_ingot":16,"minecraft:iron_sword":1,"minecraft:wheat_seeds":2,"minecraft:diamond":9,"minecraft:diamond_leggings":3,"minecraft:feather":1,"minecraft:cobblestone":13,"minecraft:iron_helmet":1,"minecraft:leather":12,"minecraft:rail":24,"minecraft:coal":17,"minecraft:stick":2,"minecraft:flint":7,"minecraft:dirt":16,"minecraft:gray_wool":2,"minecraft:diamond_helmet":3,"minecraft:green_carpet":1,"minecraft:iron_leggings":2,"minecraft:sand":1,"minecraft:iron_axe":1,"minecraft:iron_pickaxe":1,"minecraft:string":14,"minecraft:acacia_planks":9,"minecraft:white_wool":2,"minecraft:bone":5,"minecraft:dandelion":18,"minecraft:oak_door":2,"minecraft:gravel":8,"minecraft:stone_axe":1,"minecraft:sugar_cane":195,"minecraft:cobbled_deepslate":279,"minecraft:wheat":6,"minecraft:chicken":3,"minecraft:rotten_flesh":8,"minecraft:oak_planks":2,"minecraft:iron_boots":1,"minecraft:white_terracotta":79,"minecraft:flint_and_steel":1,"minecraft:poppy":1,"minecraft:diamond_sword":4,"minecraft:potato":6,"minecraft:shield":2,"minecraft:gunpowder":10,"minecraft:diamond_chestplate":2,"minecraft:spruce_planks":11,"minecraft:diamond_pickaxe":3,"minecraft:iron_chestplate":2,"minecraft:andesite":12,"minecraft:oak_sapling":4,"minecraft:golden_sword":1,"minecraft:spider_eye":1,"minecraft:diamond_boots":3,"minecraft:arrow":14,"minecraft:bow":2,"minecraft:stone_pickaxe":2,"minecraft:terracotta":1},"minecraft:picked_up":{"minecraft:iron_chestplate":11,"minecraft:crafting_table":60,"minecraft:wheat":6,"minecraft:chicken":3,"minecraft:chest_minecart":1,"minecraft:diamond_sword":6,"minecraft:wooden_pickaxe":4,"minecraft:gold_block":8,"minecraft:potion":7,"minecraft:shield":14,"minecraft:polished_deepslate":43,"minecraft:string":72,"minecraft:iron_axe":11,"minecraft:flint_and_steel":3,"minecraft:iron_leggings":11,"minecraft:diamond_leggings":6,"minecraft:detector_rail":3,"minecraft:cobbled_deepslate":461,"minecraft:bucket":4,"minecraft:spruce_planks":8,"minecraft:beef":26,"minecraft:oak_boat":2,"minecraft:poppy":1,"minecraft:iron_pickaxe":22,"minecraft:sugar_cane":261,"minecraft:chest":8,"minecraft:iron_boots":4,"minecraft:furnace":3,"minecraft:stick":11,"minecraft:raw_iron":54,"minecraft:oak_door":5,"minecraft:oak_fence":12,"minecraft:polished_deepslate_stairs":6,"minecraft:torch":44,"minecraft:acacia_log":5,"minecraft:porkchop":25,"minecraft:pointed_dripstone":1,"minecraft:diorite":22,"minecraft:carrot":5,"minecraft:redstone":28,"minecraft:dark_oak_planks":3,"minecraft:diamond_chestplate":5,"minecraft:arrow":305,"minecraft:rotten_flesh":51,"minecraft:diamond_boots":6,"minecraft:iron_block":12,"minecraft:white_terracotta":324,"minecraft:glow_berries":57,"minecraft:mutton":36,"minecraft:rail":87,"minecraft:white_wool":50,"minecraft:cobblestone":503,"minecraft:pink_petals":34,"minecraft:feather":1,"minecraft:cooked_beef":64,"minecraft:water_bucket":4,"minecraft:andesite":18,"minecraft:leather":116,"minecraft:carrot_on_a_stick":2,"minecraft:potato":69,"minecraft:flint":10,"minecraft:oak_log":502,"minecraft:golden_boots":4,"minecraft:gunpowder":29,"minecraft:dirt":136,"minecraft:cooked_mutton":2,"minecraft:bone":64,"minecraft:acacia_planks":21,"minecraft:bow":7,"minecraft:wheat_seeds":62,"minecraft:iron_ingot":90,"minecraft:stone_pickaxe":13,"minecraft:diamond_helmet":5,"minecraft:iron_sword":15,"minecraft:oak_planks":101,"minecraft:cooked_porkchop":4,"minecraft:dandelion":106,"minecraft:gravel":8,"minecraft:sand":1,"minecraft:stripped_spruce_log":32,"minecraft:white_bed":8,"minecraft:spruce_log":242,"minecraft:green_carpet":6,"minecraft:dark_oak_log":28,"minecraft:spider_eye":7,"minecraft:spruce_door":5,"minecraft:sugar":8,"minecraft:diamond":90,"minecraft:stone_axe":8,"minecraft:iron_helmet":11,"minecraft:granite":8,"minecraft:crossbow":5,"minecraft:diamond_axe":1,"minecraft:gray_wool":7,"minecraft:emerald":62,"minecraft:bread":105,"minecraft:terracotta":1,"minecraft:baked_potato":27,"minecraft:oak_sapling":4,"minecraft:black_wool":2,"minecraft:coal":75,"minecraft:diamond_pickaxe":7},"minecraft:killed_by":{"minecraft:creeper":2,"minecraft:spider":1,"minecraft:pillager":2,"minecraft:skeleton":9,"minecraft:zombie":1},"minecraft:mined":{"minecraft:tuff":8,"minecraft:spruce_planks":1,"minecraft:white_bed":7,"minecraft:deepslate_diamond_ore":5,"minecraft:oak_door":4,"minecraft:granite":1,"minecraft:acacia_log":5,"minecraft:grass_block":4,"minecraft:furnace":3,"minecraft:iron_ore":24,"minecraft:cobbled_deepslate":9,"minecraft:andesite":3,"minecraft:stripped_spruce_log":32,"minecraft:gold_block":5,"minecraft:polished_deepslate":44,"minecraft:potatoes":12,"minecraft:pointed_dripstone":1,"minecraft:deepslate_iron_ore":2,"minecraft:rail":1,"minecraft:green_carpet":4,"minecraft:stone":178,"minecraft:tripwire":1,"minecraft:polished_deepslate_stairs":6,"minecraft:spruce_door":5,"minecraft:dandelion":57,"minecraft:oak_fence":4,"minecraft:crafting_table":18,"minecraft:short_grass":34,"minecraft:chest":1,"minecraft:cobblestone":30,"minecraft:glass":1,"minecraft:tall_grass":8,"minecraft:sugar_cane":401,"minecraft:oak_planks":19,"minecraft:diorite":11,"minecraft:wall_torch":3,"minecraft:pink_petals":15,"minecraft:white_terracotta":188,"minecraft:wheat":1,"minecraft:spruce_log":243,"minecraft:coal_ore":17,"minecraft:oak_log":7,"minecraft:gravel":6,"minecraft:sand":2,"minecraft:dirt":13,"minecraft:terracotta":1,"minecraft:infested_stone":5,"minecraft:oak_leaves":3,"minecraft:deepslate":139},"minecraft:killed":{"minecraft:cave_spider":4,"minecraft:witch":1,"minecraft:spider":3,"minecraft:skeleton":14,"minecraft:chicken":3,"minecraft:silverfish":86,"minecraft:pig":12,"minecraft:zombie_villager":2,"minecraft:iron_golem":4,"minecraft:creeper":4,"minecraft:sheep":17,"minecraft:pillager":8,"minecraft:zombie":22,"minecraft:cow":4},"minecraft:custom":{"minecraft:mob_kills":188,"minecraft:interact_with_anvil":2,"minecraft:interact_with_crafting_table":98,"minecraft:open_barrel":18,"minecraft:damage_dealt_resisted":770,"minecraft:leave_game":12,"minecraft:time_since_death":63130,"minecraft:climb_one_cm":1873,"minecraft:sprint_one_cm":902842,"minecraft:walk_one_cm":473821,"minecraft:damage_blocked_by_shield":3421,"minecraft:drop":139,"minecraft:talked_to_villager":1,"minecraft:play_time":330436,"minecraft:deaths":17,"minecraft:sneak_time":50944,"minecraft:walk_under_water_one_cm":221711,"minecraft:boat_one_cm":208854,"minecraft:jump":6152,"minecraft:interact_with_brewingstand":1,"minecraft:walk_on_water_one_cm":109800,"minecraft:total_world_time":330436,"minecraft:interact_with_furnace":109,"minecraft:sleep_in_bed":16,"minecraft:time_since_rest":5847,"minecraft:damage_taken":13891,"minecraft:damage_dealt":28721,"minecraft:swim_one_cm":699406,"minecraft:fly_one_cm":1300491,"minecraft:player_kills":24,"minecraft:open_chest":102,"minecraft:crouch_one_cm":123551,"minecraft:fall_one_cm":127764},"minecraft:crafted":{"minecraft:cherry_planks":156,"minecraft:oak_door":3,"minecraft:oak_planks":292,"minecraft:polished_deepslate_stairs":16,"minecraft:furnace":7,"minecraft:cooked_mutton":12,"minecraft:diamond_helmet":1,"minecraft:diamond_leggings":1,"minecraft:iron_boots":1,"minecraft:polished_deepslate":152,"minecraft:iron_axe":2,"minecraft:stone_pickaxe":2,"minecraft:chest":3,"minecraft:diamond_boots":1,"minecraft:dark_oak_planks":8,"minecraft:cooked_beef":10,"minecraft:cooked_porkchop":7,"minecraft:diamond_axe":1,"minecraft:crafting_table":366,"minecraft:spruce_planks":1096,"minecraft:wooden_pickaxe":1,"minecraft:baked_potato":85,"minecraft:iron_helmet":1,"minecraft:iron_sword":1,"minecraft:spruce_door":3,"minecraft:bucket":1,"minecraft:stone_axe":1,"minecraft:air":0,"minecraft:oak_boat":1,"minecraft:iron_chestplate":2,"minecraft:diamond_pickaxe":1,"minecraft:stick":24,"minecraft:iron_ingot":17,"minecraft:iron_leggings":1,"minecraft:white_bed":2,"minecraft:torch":8,"minecraft:acacia_planks":20,"minecraft:diamond_chestplate":1},"minecraft:used":{"minecraft:polished_deepslate":141,"minecraft:chest":3,"minecraft:shield":57,"minecraft:white_terracotta":143,"minecraft:iron_sword":132,"minecraft:rotten_flesh":31,"minecraft:oak_door":5,"minecraft:iron_chestplate":3,"minecraft:torch":8,"minecraft:dirt":81,"minecraft:mutton":16,"minecraft:carrot":3,"minecraft:diamond_helmet":1,"minecraft:granite":5,"minecraft:polished_deepslate_stairs":15,"minecraft:dark_oak_planks":1,"minecraft:iron_axe":136,"minecraft:iron_helmet":5,"minecraft:iron_boots":2,"minecraft:beef":13,"minecraft:furnace":10,"minecraft:gold_block":5,"minecraft:cooked_beef":13,"minecraft:potato":23,"minecraft:acacia_planks":2,"minecraft:cobbled_deepslate":24,"minecraft:iron_leggings":3,"minecraft:pointed_dripstone":1,"minecraft:cooked_mutton":12,"minecraft:water_bucket":24,"minecraft:diorite":11,"minecraft:diamond_boots":3,"minecraft:spruce_door":7,"minecraft:stone_pickaxe":200,"minecraft:oak_planks":51,"minecraft:baked_potato":58,"minecraft:wooden_pickaxe":14,"minecraft:sugar_cane":5,"minecraft:diamond_axe":369,"minecraft:white_wool":1,"minecraft:glow_berries":21,"minecraft:rail":3,"minecraft:crafting_table":422,"minecraft:white_bed":10,"minecraft:diamond_pickaxe":421,"minecraft:bread":33,"minecraft:string":1,"minecraft:iron_pickaxe":66,"minecraft:detector_rail":3,"minecraft:stone_axe":56,"minecraft:green_carpet":4,"minecraft:diamond_sword":137,"minecraft:cobblestone":143,"minecraft:porkchop":14,"minecraft:cooked_porkchop":7,"minecraft:bucket":26,"minecraft:oak_boat":3,"minecraft:dandelion":51,"minecraft:diamond_leggings":1},"minecraft:broken":{"minecraft:stone_pickaxe":1,"minecraft:shield":1,"minecraft:iron_helmet":1}},"DataVersion":3953}