{"stats":{"minecraft:killed_by":{"minecraft:player":2,"minecraft:creeper":1},"minecraft:crafted":{"minecraft:crafting_table":4,"minecraft:spruce_planks":76,"minecraft:wooden_pickaxe":2,"minecraft:spruce_door":6,"minecraft:furnace":1,"minecraft:air":0,"minecraft:jungle_planks":4,"minecraft:iron_axe":1,"minecraft:stick":24,"minecraft:iron_ingot":4,"minecraft:iron_pickaxe":1,"minecraft:stone_pickaxe":4,"minecraft:chest":2,"minecraft:spruce_boat":2,"minecraft:stone_hoe":1},"minecraft:dropped":{"minecraft:iron_nugget":3,"minecraft:poisonous_potato":8,"minecraft:cobblestone":10,"minecraft:rotten_flesh":3,"minecraft:fern":2,"minecraft:spruce_door":1,"minecraft:spruce_stairs":1,"minecraft:stick":10,"minecraft:wooden_pickaxe":2,"minecraft:spruce_sapling":1},"minecraft:custom":{"minecraft:interact_with_furnace":12,"minecraft:mob_kills":4,"minecraft:interact_with_crafting_table":22,"minecraft:play_one_minute":80147,"minecraft:interact_with_campfire":4,"minecraft:interact_with_stonecutter":1,"minecraft:leave_game":4,"minecraft:time_since_death":15033,"minecraft:sleep_in_bed":2,"minecraft:time_since_rest":15053,"minecraft:sprint_one_cm":116225,"minecraft:damage_taken":2895,"minecraft:walk_one_cm":78557,"minecraft:drop":11,"minecraft:damage_dealt":1289,"minecraft:swim_one_cm":2487,"minecraft:fly_one_cm":108527,"minecraft:player_kills":2,"minecraft:open_chest":14,"minecraft:crouch_one_cm":9911,"minecraft:deaths":6,"minecraft:sneak_time":8324,"minecraft:walk_under_water_one_cm":26103,"minecraft:boat_one_cm":705626,"minecraft:jump":578,"minecraft:walk_on_water_one_cm":32151,"minecraft:fall_one_cm":9534},"minecraft:used":{"minecraft:wheat_seeds":3,"minecraft:spruce_door":14,"minecraft:stone_pickaxe":23,"minecraft:baked_potato":4,"minecraft:oak_planks":1,"minecraft:spruce_planks":1,"minecraft:chest":2,"minecraft:wooden_pickaxe":27,"minecraft:iron_sword":9,"minecraft:blue_bed":1,"minecraft:rotten_flesh":1,"minecraft:dirt":8,"minecraft:sand":18,"minecraft:crafting_table":6,"minecraft:jungle_planks":11,"minecraft:spruce_stairs":1,"minecraft:spruce_boat":2,"minecraft:iron_axe":79,"minecraft:iron_pickaxe":3,"minecraft:cobblestone":4,"minecraft:sweet_berries":3,"minecraft:furnace":1,"minecraft:pumpkin_pie":1},"minecraft:broken":{"minecraft:stone_pickaxe":2},"minecraft:mined":{"minecraft:spruce_planks":9,"minecraft:brown_mushroom":6,"minecraft:farmland":1,"minecraft:kelp_plant":45,"minecraft:jack_o_lantern":1,"minecraft:crafting_table":3,"minecraft:grass_block":2,"minecraft:jungle_planks":7,"minecraft:jungle_log":1,"minecraft:dead_bush":1,"minecraft:spruce_leaves":2,"minecraft:oak_planks":5,"minecraft:sugar_cane":5,"minecraft:kelp":45,"minecraft:diorite":2,"minecraft:blue_bed":2,"minecraft:spruce_stairs":1,"minecraft:large_fern":2,"minecraft:seagrass":1,"minecraft:iron_ore":10,"minecraft:wheat":5,"minecraft:spruce_log":19,"minecraft:pumpkin":5,"minecraft:grass":21,"minecraft:oak_stairs":3,"minecraft:oak_log":1,"minecraft:coal_ore":1,"minecraft:dirt":6,"minecraft:sand":35,"minecraft:stone":38,"minecraft:fern":31},"minecraft:picked_up":{"minecraft:crafting_table":4,"minecraft:suspicious_stew":2,"minecraft:jungle_log":1,"minecraft:brown_mushroom":26,"minecraft:fern":5,"minecraft:wooden_pickaxe":1,"minecraft:oak_stairs":3,"minecraft:potato":8,"minecraft:filled_map":1,"minecraft:blue_bed":3,"minecraft:dirt":11,"minecraft:paper":10,"minecraft:cooked_salmon":3,"minecraft:iron_axe":3,"minecraft:kelp":159,"minecraft:wheat_seeds":10,"minecraft:heart_of_the_sea":1,"minecraft:spruce_planks":47,"minecraft:iron_ingot":8,"minecraft:stone_pickaxe":1,"minecraft:iron_ore":10,"minecraft:iron_nugget":9,"minecraft:iron_pickaxe":3,"minecraft:sugar_cane":21,"minecraft:iron_sword":1,"minecraft:oak_planks":3,"minecraft:stick":16,"minecraft:sandstone":5,"minecraft:pumpkin":10,"minecraft:sweet_berries":5,"minecraft:poisonous_potato":16,"minecraft:spruce_stairs":2,"minecraft:sand":64,"minecraft:jungle_planks":7,"minecraft:spruce_sapling":13,"minecraft:diorite":2,"minecraft:spruce_log":20,"minecraft:leather_helmet":1,"minecraft:spruce_door":11,"minecraft:cooked_cod":3,"minecraft:pumpkin_seeds":17,"minecraft:diamond":2,"minecraft:rotten_flesh":8,"minecraft:stone_axe":2,"minecraft:pumpkin_pie":1,"minecraft:bread":2,"minecraft:gold_ingot":4,"minecraft:baked_potato":4,"minecraft:jack_o_lantern":2,"minecraft:coal":12,"minecraft:cobblestone":48},"minecraft:killed":{"minecraft:zombie":1,"minecraft:drowned":3}},"DataVersion":2230}