{"stats":{"minecraft:killed":{"minecraft:spider":4,"minecraft:skeleton":7,"minecraft:bee":1,"minecraft:chicken":4,"minecraft:pig":1,"minecraft:zombie_villager":1,"minecraft:iron_golem":1,"minecraft:creeper":5,"minecraft:sheep":4,"minecraft:zombie":13,"minecraft:enderman":1,"minecraft:cow":11},"minecraft:dropped":{"minecraft:wheat_seeds":46,"minecraft:cooked_beef":40,"minecraft:feather":3,"minecraft:book":1,"minecraft:coal":4,"minecraft:stick":1,"minecraft:dirt":4,"minecraft:gold_nugget":1,"minecraft:sand":1,"minecraft:smooth_stone":1,"minecraft:sugar_cane":2,"minecraft:rotten_flesh":1,"minecraft:name_tag":1,"minecraft:carrot":1445,"minecraft:poppy":1,"minecraft:potato":5,"minecraft:gunpowder":2,"minecraft:diamond_pickaxe":2,"minecraft:spider_eye":1,"minecraft:arrow":1,"minecraft:bow":1,"minecraft:golden_boots":1},"minecraft:mined":{"minecraft:white_bed":2,"minecraft:oak_sapling":1,"minecraft:mossy_cobblestone":18,"minecraft:oak_door":4,"minecraft:cherry_log":2,"minecraft:cobblestone_stairs":8,"minecraft:brewing_stand":1,"minecraft:ladder":9,"minecraft:acacia_log":9,"minecraft:grass_block":53,"minecraft:jungle_planks":1,"minecraft:hay_block":6,"minecraft:smooth_stone":12,"minecraft:furnace":3,"minecraft:carrots":28,"minecraft:iron_ore":6,"minecraft:andesite":2,"minecraft:bell":1,"minecraft:potatoes":32,"minecraft:water_cauldron":4,"minecraft:oak_stairs":1,"minecraft:lantern":2,"minecraft:green_carpet":2,"minecraft:stone":66,"minecraft:white_wool":3,"minecraft:acacia_leaves":2,"minecraft:glass_pane":2,"minecraft:dandelion":2,"minecraft:oak_fence":10,"minecraft:crafting_table":6,"minecraft:torch":13,"minecraft:short_grass":52,"minecraft:chest":2,"minecraft:cobblestone":211,"minecraft:glass":11,"minecraft:tall_grass":5,"minecraft:lapis_ore":4,"minecraft:oak_planks":8,"minecraft:blue_bed":17,"minecraft:wall_torch":32,"minecraft:white_terracotta":4,"minecraft:wheat":22,"minecraft:stripped_oak_wood":3,"minecraft:yellow_stained_glass_pane":2,"minecraft:coal_ore":49,"minecraft:oak_log":46,"minecraft:beetroots":1,"minecraft:sand":355,"minecraft:dirt":273,"minecraft:acacia_planks":4,"minecraft:oak_leaves":30},"minecraft:custom":{"minecraft:mob_kills":54,"minecraft:interact_with_anvil":7,"minecraft:interact_with_crafting_table":53,"minecraft:open_barrel":2,"minecraft:fill_cauldron":2,"minecraft:bell_ring":49,"minecraft:damage_dealt_resisted":48,"minecraft:leave_game":3,"minecraft:time_since_death":48780,"minecraft:climb_one_cm":22156,"minecraft:sprint_one_cm":657017,"minecraft:walk_one_cm":1151900,"minecraft:damage_blocked_by_shield":3825,"minecraft:drop":896,"minecraft:talked_to_villager":33,"minecraft:play_time":450143,"minecraft:deaths":36,"minecraft:sneak_time":5112,"minecraft:walk_under_water_one_cm":456029,"minecraft:boat_one_cm":373256,"minecraft:jump":5750,"minecraft:interact_with_brewingstand":1,"minecraft:walk_on_water_one_cm":373103,"minecraft:total_world_time":450143,"minecraft:interact_with_furnace":86,"minecraft:interact_with_cartography_table":2,"minecraft:traded_with_villager":3,"minecraft:interact_with_grindstone":1,"minecraft:interact_with_stonecutter":1,"minecraft:sleep_in_bed":24,"minecraft:time_since_rest":21403,"minecraft:damage_taken":14310,"minecraft:damage_dealt":8168,"minecraft:swim_one_cm":116377,"minecraft:fly_one_cm":857483,"minecraft:open_chest":406,"minecraft:crouch_one_cm":13808,"minecraft:fall_one_cm":103873,"minecraft:interact_with_smithing_table":2},"minecraft:crafted":{"minecraft:cherry_planks":8,"minecraft:wooden_sword":2,"minecraft:oak_planks":60,"minecraft:fishing_rod":2,"minecraft:cooked_chicken":1,"minecraft:furnace":1,"minecraft:diamond_shovel":1,"minecraft:cooked_mutton":7,"minecraft:glass":240,"minecraft:diamond_helmet":1,"minecraft:bow":1,"minecraft:diamond_leggings":1,"minecraft:iron_boots":1,"minecraft:stone_pickaxe":2,"minecraft:chest":1,"minecraft:diamond_boots":1,"minecraft:cooked_beef":23,"minecraft:crossbow":1,"minecraft:diamond_sword":2,"minecraft:arrow":16,"minecraft:crafting_table":4,"minecraft:wooden_pickaxe":1,"minecraft:iron_helmet":1,"minecraft:iron_sword":3,"minecraft:leather_helmet":1,"minecraft:bucket":1,"minecraft:stone_axe":1,"minecraft:enchanted_book":1,"minecraft:bread":2,"minecraft:acacia_boat":1,"minecraft:iron_chestplate":1,"minecraft:diamond_pickaxe":3,"minecraft:shield":2,"minecraft:stick":28,"minecraft:iron_pickaxe":2,"minecraft:iron_ingot":2,"minecraft:wooden_axe":1,"minecraft:iron_leggings":1,"minecraft:acacia_planks":32,"minecraft:torch":28,"minecraft:carrot_on_a_stick":1,"minecraft:diamond_chestplate":1},"minecraft:killed_by":{"minecraft:player":20,"minecraft:creeper":1,"minecraft:spider":1,"minecraft:enderman":1,"minecraft:iron_golem":3,"minecraft:trader_llama":1,"minecraft:skeleton":5,"minecraft:zombie":4},"minecraft:used":{"minecraft:beetroot":1,"minecraft:oak_fence":10,"minecraft:oak_trapdoor":1,"minecraft:spruce_slab":3,"minecraft:ladder":14,"minecraft:chest":3,"minecraft:shield":75,"minecraft:white_terracotta":4,"minecraft:iron_sword":156,"minecraft:bell":1,"minecraft:rotten_flesh":5,"minecraft:oak_door":5,"minecraft:iron_chestplate":1,"minecraft:torch":59,"minecraft:brewing_stand":2,"minecraft:dirt":272,"minecraft:mutton":2,"minecraft:carrot":53,"minecraft:diamond_helmet":2,"minecraft:golden_shovel":15,"minecraft:azure_bluet":2,"minecraft:glass":247,"minecraft:wooden_axe":40,"minecraft:lava_bucket":2,"minecraft:iron_axe":25,"minecraft:lantern":14,"minecraft:oak_stairs":1,"minecraft:iron_helmet":1,"minecraft:iron_boots":1,"minecraft:item_frame":3,"minecraft:diamond_chestplate":1,"minecraft:golden_sword":30,"minecraft:bow":44,"minecraft:hay_block":5,"minecraft:furnace":3,"minecraft:oak_sapling":2,"minecraft:egg":4,"minecraft:cooked_beef":18,"minecraft:potato":34,"minecraft:acacia_planks":25,"minecraft:iron_leggings":3,"minecraft:cooked_mutton":7,"minecraft:acacia_boat":2,"minecraft:water_bucket":3,"minecraft:diamond_boots":1,"minecraft:cobblestone_stairs":8,"minecraft:stone_pickaxe":113,"minecraft:baked_potato":2,"minecraft:oak_planks":21,"minecraft:sugar_cane":15,"minecraft:wooden_pickaxe":107,"minecraft:leather_boots":2,"minecraft:blue_bed":16,"minecraft:cauldron":2,"minecraft:mossy_cobblestone":20,"minecraft:sand":78,"minecraft:crafting_table":9,"minecraft:crossbow":7,"minecraft:white_bed":1,"minecraft:diamond_pickaxe":143,"minecraft:apple":7,"minecraft:diamond_shovel":378,"minecraft:chicken":1,"minecraft:bread":17,"minecraft:iron_pickaxe":55,"minecraft:leather_helmet":2,"minecraft:golden_leggings":5,"minecraft:stone_axe":14,"minecraft:green_carpet":2,"minecraft:fishing_rod":44,"minecraft:diamond_sword":22,"minecraft:wooden_sword":70,"minecraft:cobblestone":409,"minecraft:cooked_porkchop":3,"minecraft:stripped_oak_wood":3,"minecraft:bucket":5,"minecraft:oak_boat":1,"minecraft:dandelion":3,"minecraft:smooth_stone":6,"minecraft:diamond_leggings":1},"minecraft:broken":{"minecraft:leather_helmet":1,"minecraft:iron_chestplate":1,"minecraft:golden_shovel":1,"minecraft:iron_leggings":1,"minecraft:wooden_pickaxe":1,"minecraft:golden_leggings":1,"minecraft:stone_pickaxe":1,"minecraft:shield":1,"minecraft:golden_sword":1,"minecraft:leather_boots":1,"minecraft:wooden_sword":1,"minecraft:bow":1},"minecraft:picked_up":{"minecraft:fishing_rod":1,"minecraft:crafting_table":7,"minecraft:iron_chestplate":1,"minecraft:wheat":31,"minecraft:chicken":4,"minecraft:ladder":15,"minecraft:lead":2,"minecraft:diamond_sword":4,"minecraft:wooden_pickaxe":2,"minecraft:oak_stairs":1,"minecraft:brewing_stand":2,"minecraft:golden_sword":1,"minecraft:shield":4,"minecraft:string":25,"minecraft:iron_axe":5,"minecraft:wooden_sword":2,"minecraft:iron_leggings":6,"minecraft:item_frame":2,"minecraft:beetroot":1,"minecraft:diamond_leggings":1,"minecraft:gold_nugget":1,"minecraft:smooth_stone":11,"minecraft:beef":33,"minecraft:oak_boat":1,"minecraft:poppy":3,"minecraft:iron_pickaxe":4,"minecraft:sugar_cane":23,"minecraft:chest":2,"minecraft:furnace":4,"minecraft:iron_boots":4,"minecraft:egg":5,"minecraft:stick":21,"minecraft:raw_iron":6,"minecraft:oak_door":5,"minecraft:oak_fence":10,"minecraft:torch":168,"minecraft:acacia_log":8,"minecraft:porkchop":5,"minecraft:cherry_log":2,"minecraft:carrot":1592,"minecraft:cauldron":7,"minecraft:rotten_flesh":24,"minecraft:arrow":81,"minecraft:diamond_chestplate":3,"minecraft:beetroot_seeds":4,"minecraft:hay_block":5,"minecraft:diamond_boots":1,"minecraft:white_terracotta":4,"minecraft:mutton":6,"minecraft:white_wool":13,"minecraft:cobblestone":289,"minecraft:feather":6,"minecraft:cooked_beef":58,"minecraft:water_bucket":3,"minecraft:andesite":30,"minecraft:leather":41,"minecraft:golden_leggings":5,"minecraft:carrot_on_a_stick":4,"minecraft:potato":147,"minecraft:golden_boots":1,"minecraft:oak_log":46,"minecraft:cobblestone_stairs":8,"minecraft:gunpowder":11,"minecraft:acacia_boat":1,"minecraft:dirt":482,"minecraft:lapis_lazuli":19,"minecraft:blue_bed":17,"minecraft:lantern":4,"minecraft:leather_boots":3,"minecraft:bone":14,"minecraft:acacia_planks":4,"minecraft:bow":3,"minecraft:wheat_seeds":157,"minecraft:bell":1,"minecraft:stone_pickaxe":3,"minecraft:iron_ingot":6,"minecraft:stripped_oak_wood":3,"minecraft:diamond_helmet":4,"minecraft:oak_planks":16,"minecraft:iron_sword":10,"minecraft:cooked_porkchop":8,"minecraft:dandelion":3,"minecraft:jungle_planks":1,"minecraft:gravel":3,"minecraft:sand":353,"minecraft:white_bed":2,"minecraft:green_carpet":2,"minecraft:spider_eye":3,"minecraft:leather_helmet":3,"minecraft:mossy_cobblestone":17,"minecraft:diamond_shovel":1,"minecraft:iron_helmet":4,"minecraft:crossbow":1,"minecraft:bone_meal":1,"minecraft:emerald":93,"minecraft:baked_potato":6,"minecraft:oak_sapling":5,"minecraft:coal":77,"minecraft:diamond_pickaxe":7}},"DataVersion":3953}