{"stats":{"minecraft:broken":{"minecraft:golden_shovel":4,"minecraft:iron_pickaxe":1},"minecraft:used":{"minecraft:iron_shovel":139,"minecraft:flint_and_steel":1,"minecraft:chest":6,"minecraft:shield":1,"minecraft:iron_sword":34,"minecraft:netherrack":104,"minecraft:iron_chestplate":1,"minecraft:torch":4,"minecraft:dirt":10,"minecraft:golden_shovel":129,"minecraft:obsidian":1,"minecraft:lava_bucket":10,"minecraft:magma_block":2,"minecraft:furnace":6,"minecraft:gold_block":2,"minecraft:cooked_beef":4,"minecraft:iron_leggings":1,"minecraft:cooked_mutton":4,"minecraft:water_bucket":15,"minecraft:diorite":7,"minecraft:stone_pickaxe":101,"minecraft:oak_planks":1,"minecraft:blackstone":18,"minecraft:wooden_pickaxe":22,"minecraft:polished_blackstone_bricks":15,"minecraft:white_wool":5,"minecraft:crafting_table":5,"minecraft:white_bed":3,"minecraft:oak_log":1,"minecraft:bread":20,"minecraft:iron_pickaxe":250,"minecraft:stone_axe":74,"minecraft:cobblestone":56,"minecraft:andesite":4,"minecraft:bucket":26,"minecraft:yellow_bed":1},"minecraft:picked_up":{"minecraft:crafting_table":3,"minecraft:azure_bluet":4,"minecraft:chicken":2,"minecraft:gold_block":5,"minecraft:potion":2,"minecraft:golden_shovel":1,"minecraft:nether_brick":30,"minecraft:cornflower":2,"minecraft:string":25,"minecraft:raw_copper":7,"minecraft:blackstone":80,"minecraft:gold_nugget":1,"minecraft:cobbled_deepslate":5,"minecraft:beef":15,"minecraft:iron_nugget":23,"minecraft:iron_pickaxe":1,"minecraft:furnace":1,"minecraft:iron_boots":2,"minecraft:raw_iron":45,"minecraft:fire_charge":3,"minecraft:porkchop":2,"minecraft:polished_blackstone_bricks":15,"minecraft:diorite":7,"minecraft:rotten_flesh":9,"minecraft:hay_block":8,"minecraft:gold_ingot":56,"minecraft:obsidian":3,"minecraft:mutton":7,"minecraft:cobblestone":126,"minecraft:white_wool":8,"minecraft:magma_block":2,"minecraft:feather":2,"minecraft:andesite":4,"minecraft:leather":18,"minecraft:flint":1,"minecraft:oak_log":35,"minecraft:yellow_bed":1,"minecraft:lapis_lazuli":7,"minecraft:dirt":267,"minecraft:wheat_seeds":6,"minecraft:raw_gold":1,"minecraft:iron_ingot":5,"minecraft:soul_sand":35,"minecraft:oak_planks":175,"minecraft:iron_sword":1,"minecraft:quartz":12,"minecraft:gravel":17,"minecraft:white_bed":2,"minecraft:crying_obsidian":9,"minecraft:spectral_arrow":17,"minecraft:spider_eye":1,"minecraft:bread":32,"minecraft:netherrack":110,"minecraft:coal":52,"minecraft:ender_pearl":3},"minecraft:custom":{"minecraft:mob_kills":35,"minecraft:interact_with_crafting_table":34,"minecraft:leave_game":3,"minecraft:time_since_death":121740,"minecraft:sprint_one_cm":203205,"minecraft:walk_one_cm":239969,"minecraft:damage_blocked_by_shield":54,"minecraft:drop":106,"minecraft:talked_to_villager":1,"minecraft:play_time":121740,"minecraft:sneak_time":11608,"minecraft:walk_under_water_one_cm":15519,"minecraft:jump":1526,"minecraft:walk_on_water_one_cm":13032,"minecraft:total_world_time":121740,"minecraft:interact_with_furnace":43,"minecraft:sleep_in_bed":7,"minecraft:time_since_rest":1338,"minecraft:damage_taken":1388,"minecraft:damage_dealt":4591,"minecraft:swim_one_cm":29410,"minecraft:fly_one_cm":240740,"minecraft:open_chest":37,"minecraft:crouch_one_cm":21806,"minecraft:fall_one_cm":44608},"minecraft:killed":{"minecraft:zombified_piglin":3,"minecraft:spider":2,"minecraft:chicken":2,"minecraft:magma_cube":2,"minecraft:pig":2,"minecraft:creeper":1,"minecraft:sheep":7,"minecraft:zombie":5,"minecraft:cow":8},"minecraft:mined":{"minecraft:white_bed":2,"minecraft:granite":1,"minecraft:grass_block":264,"minecraft:hay_block":8,"minecraft:polished_blackstone_bricks":15,"minecraft:magma_block":3,"minecraft:furnace":1,"minecraft:iron_ore":36,"minecraft:fire":1,"minecraft:deepslate_lapis_ore":1,"minecraft:gold_block":1,"minecraft:deepslate_iron_ore":9,"minecraft:stone":123,"minecraft:white_wool":2,"minecraft:basalt":1,"minecraft:crafting_table":3,"minecraft:short_grass":18,"minecraft:copper_ore":2,"minecraft:cobblestone":2,"minecraft:deepslate_gold_ore":1,"minecraft:oak_planks":1,"minecraft:diorite":7,"minecraft:yellow_bed":1,"minecraft:oak_log":35,"minecraft:coal_ore":52,"minecraft:dirt":11,"minecraft:netherrack":108,"minecraft:oak_leaves":1,"minecraft:deepslate":5},"minecraft:crafted":{"minecraft:oak_planks":132,"minecraft:furnace":5,"minecraft:cooked_mutton":4,"minecraft:flint_and_steel":1,"minecraft:iron_boots":1,"minecraft:iron_axe":1,"minecraft:stone_pickaxe":1,"minecraft:chest":6,"minecraft:wheat":72,"minecraft:cooked_beef":6,"minecraft:crafting_table":2,"minecraft:wooden_pickaxe":1,"minecraft:iron_helmet":1,"minecraft:iron_sword":1,"minecraft:copper_ingot":7,"minecraft:golden_shovel":4,"minecraft:bucket":1,"minecraft:stone_axe":1,"minecraft:bread":24,"minecraft:air":0,"minecraft:iron_chestplate":1,"minecraft:shield":1,"minecraft:stick":28,"minecraft:iron_ingot":34,"minecraft:iron_pickaxe":3,"minecraft:iron_leggings":1,"minecraft:iron_shovel":1,"minecraft:gold_ingot":36,"minecraft:white_bed":1,"minecraft:torch":16},"minecraft:dropped":{"minecraft:iron_ingot":3,"minecraft:iron_sword":1,"minecraft:cooked_beef":2,"minecraft:oak_log":1,"minecraft:cobblestone":5,"minecraft:iron_pickaxe":2,"minecraft:gold_ingot":91,"minecraft:golden_shovel":1}},"DataVersion":3953}