{"stats":{"minecraft:killed":{"minecraft:spider":5,"minecraft:skeleton":9,"minecraft:chicken":1,"minecraft:piglin":1,"minecraft:pig":19,"minecraft:zombie_villager":1,"minecraft:salmon":1,"minecraft:iron_golem":3,"minecraft:creeper":1,"minecraft:sheep":12,"minecraft:trader_llama":2,"minecraft:zombie":17,"minecraft:stray":14,"minecraft:cow":15,"minecraft:drowned":1,"minecraft:husk":8,"minecraft:breeze":8,"minecraft:villager":10},"minecraft:dropped":{"minecraft:iron_sword":2,"minecraft:cooked_beef":3,"minecraft:oak_log":16,"minecraft:baked_potato":1,"minecraft:cooked_porkchop":1,"minecraft:dirt":2,"minecraft:iron_pickaxe":2,"minecraft:oak_door":1,"minecraft:gravel":13,"minecraft:sugar_cane":30,"minecraft:lever":1,"minecraft:rotten_flesh":30,"minecraft:leather_boots":1,"minecraft:beef":3,"minecraft:iron_ingot":2,"minecraft:wheat_seeds":8,"minecraft:poisonous_potato":2,"minecraft:iron_helmet":1,"minecraft:feather":2,"minecraft:cobblestone":68,"minecraft:coal":9,"minecraft:wooden_axe":3,"minecraft:iron_leggings":3,"minecraft:iron_axe":2,"minecraft:iron_boots":1,"minecraft:shield":1,"minecraft:iron_chestplate":1,"minecraft:oak_sapling":1,"minecraft:spider_eye":1,"minecraft:stone_pickaxe":2,"minecraft:wooden_pickaxe":3},"minecraft:mined":{"minecraft:spruce_planks":11,"minecraft:white_bed":6,"minecraft:cherry_log":59,"minecraft:granite":6,"minecraft:grass_block":66,"minecraft:tuff_bricks":1,"minecraft:spawner":1,"minecraft:smooth_stone":2,"minecraft:tall_seagrass":1,"minecraft:barrel":4,"minecraft:iron_ore":112,"minecraft:fire":51,"minecraft:deepslate_lapis_ore":15,"minecraft:pointed_dripstone":3,"minecraft:cave_vines":1,"minecraft:dirt_path":17,"minecraft:iron_block":1,"minecraft:spruce_slab":35,"minecraft:deepslate_redstone_ore":22,"minecraft:smoker":2,"minecraft:amethyst_cluster":2,"minecraft:cobblestone":4,"minecraft:oak_planks":118,"minecraft:sugar_cane":1,"minecraft:bricks":2,"minecraft:wall_torch":3,"minecraft:dark_oak_door":3,"minecraft:birch_log":7,"minecraft:stripped_oak_wood":2,"minecraft:oak_log":86,"minecraft:sand":6,"minecraft:dirt":34,"minecraft:stonecutter":1,"minecraft:netherrack":3,"minecraft:deepslate":409,"minecraft:oak_leaves":19,"minecraft:nether_gold_ore":11,"minecraft:diamond_ore":9,"minecraft:tuff":57,"minecraft:deepslate_diamond_ore":113,"minecraft:dark_oak_log":3,"minecraft:decorated_pot":4,"minecraft:spruce_leaves":31,"minecraft:hay_block":26,"minecraft:furnace":2,"minecraft:spruce_sapling":55,"minecraft:andesite":39,"minecraft:stripped_spruce_log":38,"minecraft:potatoes":122,"minecraft:deepslate_iron_ore":60,"minecraft:stone":609,"minecraft:oak_slab":21,"minecraft:spruce_door":1,"minecraft:oak_fence":6,"minecraft:crafting_table":12,"minecraft:short_grass":43,"minecraft:tall_grass":27,"minecraft:copper_ore":16,"minecraft:deepslate_coal_ore":25,"minecraft:deepslate_gold_ore":7,"minecraft:lapis_ore":1,"minecraft:diorite":27,"minecraft:blue_bed":33,"minecraft:spruce_stairs":4,"minecraft:spruce_log":346,"minecraft:birch_leaves":14,"minecraft:yellow_bed":3,"minecraft:coal_ore":226,"minecraft:cherry_leaves":8,"minecraft:gravel":16,"minecraft:sunflower":4,"minecraft:dripstone_block":9,"minecraft:cobweb":25,"minecraft:gold_ore":22},"minecraft:custom":{"minecraft:interact_with_crafting_table":63,"minecraft:open_barrel":15,"minecraft:eat_cake_slice":1,"minecraft:leave_game":4,"minecraft:time_since_death":49572,"minecraft:damage_resisted":6,"minecraft:sprint_one_cm":707070,"minecraft:damage_blocked_by_shield":5814,"minecraft:drop":54,"minecraft:talked_to_villager":3,"minecraft:play_time":464776,"minecraft:deaths":9,"minecraft:jump":7527,"minecraft:walk_on_water_one_cm":101373,"minecraft:enchant_item":7,"minecraft:interact_with_furnace":67,"minecraft:sleep_in_bed":18,"minecraft:damage_dealt":23410,"minecraft:player_kills":2,"minecraft:crouch_one_cm":86944,"minecraft:interact_with_smoker":29,"minecraft:inspect_dispenser":1,"minecraft:mob_kills":132,"minecraft:interact_with_anvil":1,"minecraft:damage_dealt_resisted":617,"minecraft:climb_one_cm":12071,"minecraft:walk_one_cm":932728,"minecraft:sneak_time":27098,"minecraft:walk_under_water_one_cm":81419,"minecraft:boat_one_cm":225869,"minecraft:interact_with_blast_furnace":1,"minecraft:total_world_time":464776,"minecraft:interact_with_stonecutter":1,"minecraft:time_since_rest":28964,"minecraft:damage_taken":9311,"minecraft:fly_one_cm":1240073,"minecraft:swim_one_cm":397063,"minecraft:open_chest":268,"minecraft:fall_one_cm":158834},"minecraft:crafted":{"minecraft:oak_planks":76,"minecraft:barrel":6,"minecraft:stone":208,"minecraft:lever":1,"minecraft:dark_oak_door":3,"minecraft:diamond_helmet":1,"minecraft:diamond_leggings":1,"minecraft:iron_boots":3,"minecraft:raw_iron_block":10,"minecraft:oak_slab":372,"minecraft:cooked_porkchop":31,"minecraft:diamond_axe":1,"minecraft:crafting_table":6,"minecraft:spruce_planks":644,"minecraft:wooden_pickaxe":2,"minecraft:baked_potato":120,"minecraft:iron_helmet":3,"minecraft:spruce_door":3,"minecraft:iron_chestplate":3,"minecraft:diamond_pickaxe":1,"minecraft:shield":4,"minecraft:stick":60,"minecraft:iron_ingot":22,"minecraft:iron_pickaxe":7,"minecraft:shears":1,"minecraft:furnace":2,"minecraft:bone_meal":45,"minecraft:spruce_stairs":12,"minecraft:iron_axe":4,"minecraft:spruce_slab":576,"minecraft:stone_pickaxe":2,"minecraft:diamond_boots":1,"minecraft:spruce_boat":1,"minecraft:redstone_block":11,"minecraft:dark_oak_planks":12,"minecraft:wheat":234,"minecraft:cooked_beef":7,"minecraft:coal_block":2,"minecraft:diamond_sword":1,"minecraft:iron_sword":2,"minecraft:stone_axe":3,"minecraft:air":0,"minecraft:bread":64,"minecraft:white_wool":6,"minecraft:wooden_axe":2,"minecraft:oak_stairs":8,"minecraft:iron_shovel":2,"minecraft:iron_leggings":2,"minecraft:white_bed":3,"minecraft:torch":48,"minecraft:lapis_block":10,"minecraft:diamond_chestplate":1},"minecraft:killed_by":{"minecraft:creeper":1,"minecraft:cave_spider":1,"minecraft:zombie":1,"minecraft:husk":1,"minecraft:player":2,"minecraft:skeleton":1},"minecraft:used":{"minecraft:tuff_bricks":1,"minecraft:iron_shovel":14,"minecraft:spruce_slab":222,"minecraft:poppy":1,"minecraft:shield":67,"minecraft:stone":2,"minecraft:iron_sword":221,"minecraft:rotten_flesh":2,"minecraft:mutton":16,"minecraft:stripped_spruce_log":38,"minecraft:spruce_boat":1,"minecraft:bricks":2,"minecraft:iron_helmet":2,"minecraft:stone_bricks":32,"minecraft:oak_sapling":1,"minecraft:furnace":4,"minecraft:potato":198,"minecraft:spruce_door":4,"minecraft:stone_pickaxe":32,"minecraft:oak_planks":36,"minecraft:wooden_pickaxe":29,"minecraft:blue_bed":36,"minecraft:diamond_axe":3,"minecraft:sugar_cane":3,"minecraft:white_wool":1,"minecraft:glow_berries":2,"minecraft:dripstone_block":4,"minecraft:bread":12,"minecraft:string":5,"minecraft:diamond_sword":103,"minecraft:bone_meal":45,"minecraft:spruce_planks":286,"minecraft:trial_key":1,"minecraft:torch":55,"minecraft:dirt":125,"minecraft:spruce_stairs":12,"minecraft:golden_shovel":66,"minecraft:granite":6,"minecraft:wooden_axe":45,"minecraft:iron_axe":734,"minecraft:iron_boots":2,"minecraft:barrel":10,"minecraft:beef":15,"minecraft:cobbled_deepslate":143,"minecraft:cooked_beef":6,"minecraft:acacia_planks":1,"minecraft:iron_leggings":2,"minecraft:pointed_dripstone":1,"minecraft:water_bucket":9,"minecraft:baked_potato":58,"minecraft:stonecutter":1,"minecraft:salmon":1,"minecraft:oak_slab":284,"minecraft:crafting_table":17,"minecraft:white_bed":7,"minecraft:spruce_log":219,"minecraft:cake":1,"minecraft:smoker":2,"minecraft:dark_oak_door":4,"minecraft:diamond_pickaxe":1170,"minecraft:apple":1,"minecraft:wind_charge":4,"minecraft:chicken":1,"minecraft:suspicious_stew":3,"minecraft:iron_pickaxe":628,"minecraft:spruce_sapling":68,"minecraft:stone_axe":210,"minecraft:cobblestone":72,"minecraft:cooked_porkchop":31,"minecraft:bucket":9,"minecraft:yellow_bed":3,"minecraft:dandelion":2},"minecraft:broken":{"minecraft:stone_axe":1,"minecraft:shield":1,"minecraft:iron_axe":3,"minecraft:iron_pickaxe":1},"minecraft:picked_up":{"minecraft:wooden_axe":1,"minecraft:iron_chestplate":1,"minecraft:lead":2,"minecraft:string":29,"minecraft:raw_copper":58,"minecraft:iron_leggings":3,"minecraft:cobbled_deepslate":412,"minecraft:gold_nugget":42,"minecraft:smooth_stone":2,"minecraft:spruce_planks":21,"minecraft:trial_key":1,"minecraft:iron_pickaxe":5,"minecraft:iron_boots":1,"minecraft:furnace":6,"minecraft:dark_oak_door":3,"minecraft:tipped_arrow":7,"minecraft:stick":33,"minecraft:oak_fence":6,"minecraft:torch":12,"minecraft:spruce_stairs":4,"minecraft:porkchop":61,"minecraft:cherry_log":58,"minecraft:pointed_dripstone":20,"minecraft:diorite":3,"minecraft:rotten_flesh":68,"minecraft:iron_block":1,"minecraft:cobblestone":484,"minecraft:birch_log":7,"minecraft:feather":2,"minecraft:cooked_beef":6,"minecraft:smoker":3,"minecraft:potato":468,"minecraft:flint":2,"minecraft:tuff":63,"minecraft:dirt":152,"minecraft:lapis_lazuli":153,"minecraft:leather_boots":1,"minecraft:bone":37,"minecraft:acacia_planks":20,"minecraft:stonecutter":1,"minecraft:wheat_seeds":8,"minecraft:raw_gold":29,"minecraft:oak_planks":118,"minecraft:cooked_porkchop":1,"minecraft:poisonous_potato":3,"minecraft:sand":6,"minecraft:stripped_spruce_log":38,"minecraft:dark_oak_log":3,"minecraft:barrel":4,"minecraft:diamond":154,"minecraft:breeze_rod":13,"minecraft:granite":11,"minecraft:emerald":4,"minecraft:bread":4,"minecraft:oak_sapling":4,"minecraft:netherrack":5,"minecraft:bricks":2,"minecraft:crafting_table":13,"minecraft:chicken":1,"minecraft:wooden_pickaxe":1,"minecraft:shield":2,"minecraft:brick":18,"minecraft:wind_charge":3,"minecraft:iron_axe":3,"minecraft:iron_shovel":1,"minecraft:beef":62,"minecraft:poppy":28,"minecraft:spruce_slab":156,"minecraft:sugar_cane":97,"minecraft:birch_sapling":2,"minecraft:raw_iron":174,"minecraft:stone":128,"minecraft:oak_door":4,"minecraft:carrot":1,"minecraft:redstone":100,"minecraft:arrow":35,"minecraft:hay_block":37,"minecraft:tuff_bricks":2,"minecraft:glow_berries":20,"minecraft:mutton":21,"minecraft:rail":12,"minecraft:white_wool":13,"minecraft:salmon":1,"minecraft:leather":41,"minecraft:oak_log":321,"minecraft:waxed_copper_block":1,"minecraft:yellow_bed":3,"minecraft:blue_bed":34,"minecraft:apple":6,"minecraft:iron_ingot":21,"minecraft:stone_pickaxe":1,"minecraft:cooked_chicken":4,"minecraft:stripped_oak_wood":2,"minecraft:iron_sword":6,"minecraft:oak_slab":21,"minecraft:dandelion":4,"minecraft:dripstone_block":12,"minecraft:gravel":13,"minecraft:amethyst_shard":8,"minecraft:spruce_sapling":98,"minecraft:white_bed":7,"minecraft:spruce_log":528,"minecraft:spider_eye":3,"minecraft:spruce_door":1,"minecraft:polished_tuff":1,"minecraft:iron_helmet":2,"minecraft:cherry_sapling":2,"minecraft:gray_wool":1,"minecraft:baked_potato":11,"minecraft:black_wool":1,"minecraft:coal":402,"minecraft:sunflower":4}},"DataVersion":3953}