{"stats":{"minecraft:killed":{"minecraft:spider":2,"minecraft:skeleton":7,"minecraft:drowned":1,"minecraft:piglin":1,"minecraft:pig":19,"minecraft:zombie_villager":1,"minecraft:salmon":1,"minecraft:iron_golem":3,"minecraft:creeper":1,"minecraft:sheep":9,"minecraft:trader_llama":2,"minecraft:zombie":13,"minecraft:stray":1,"minecraft:villager":10,"minecraft:cow":15},"minecraft:dropped":{"minecraft:iron_ingot":2,"minecraft:iron_sword":2,"minecraft:wheat_seeds":5,"minecraft:cooked_beef":3,"minecraft:oak_log":16,"minecraft:cooked_porkchop":1,"minecraft:cobblestone":3,"minecraft:coal":9,"minecraft:wooden_axe":3,"minecraft:iron_leggings":2,"minecraft:iron_axe":2,"minecraft:iron_pickaxe":1,"minecraft:gravel":13,"minecraft:sugar_cane":30,"minecraft:lever":1,"minecraft:rotten_flesh":7,"minecraft:shield":1,"minecraft:oak_sapling":1,"minecraft:wooden_pickaxe":3,"minecraft:beef":3,"minecraft:stone_pickaxe":2},"minecraft:mined":{"minecraft:nether_gold_ore":11,"minecraft:diamond_ore":3,"minecraft:tuff":57,"minecraft:spruce_planks":11,"minecraft:white_bed":5,"minecraft:deepslate_diamond_ore":107,"minecraft:cherry_log":59,"minecraft:dark_oak_log":3,"minecraft:granite":6,"minecraft:grass_block":55,"minecraft:spruce_leaves":31,"minecraft:spawner":1,"minecraft:hay_block":26,"minecraft:smooth_stone":2,"minecraft:tall_seagrass":1,"minecraft:spruce_sapling":55,"minecraft:furnace":2,"minecraft:barrel":3,"minecraft:iron_ore":51,"minecraft:fire":51,"minecraft:stripped_spruce_log":38,"minecraft:deepslate_lapis_ore":14,"minecraft:potatoes":122,"minecraft:pointed_dripstone":3,"minecraft:cave_vines":1,"minecraft:deepslate_iron_ore":50,"minecraft:dirt_path":17,"minecraft:stone":361,"minecraft:iron_block":1,"minecraft:spruce_slab":35,"minecraft:deepslate_redstone_ore":22,"minecraft:oak_slab":21,"minecraft:smoker":2,"minecraft:amethyst_cluster":2,"minecraft:spruce_door":1,"minecraft:oak_fence":6,"minecraft:crafting_table":10,"minecraft:short_grass":26,"minecraft:cobblestone":3,"minecraft:copper_ore":16,"minecraft:tall_grass":17,"minecraft:sugar_cane":1,"minecraft:oak_planks":114,"minecraft:diorite":11,"minecraft:blue_bed":31,"minecraft:wall_torch":3,"minecraft:spruce_stairs":4,"minecraft:dark_oak_door":3,"minecraft:birch_log":6,"minecraft:spruce_log":344,"minecraft:birch_leaves":14,"minecraft:stripped_oak_wood":2,"minecraft:yellow_bed":2,"minecraft:coal_ore":101,"minecraft:oak_log":86,"minecraft:dripstone_block":3,"minecraft:gravel":15,"minecraft:cherry_leaves":8,"minecraft:sunflower":4,"minecraft:sand":6,"minecraft:dirt":11,"minecraft:cobweb":25,"minecraft:deepslate":386,"minecraft:stonecutter":1,"minecraft:netherrack":3,"minecraft:oak_leaves":19},"minecraft:custom":{"minecraft:mob_kills":88,"minecraft:interact_with_crafting_table":58,"minecraft:open_barrel":2,"minecraft:leave_game":3,"minecraft:time_since_death":56853,"minecraft:climb_one_cm":6887,"minecraft:sprint_one_cm":537605,"minecraft:walk_one_cm":725739,"minecraft:damage_blocked_by_shield":3787,"minecraft:drop":35,"minecraft:talked_to_villager":3,"minecraft:play_time":351472,"minecraft:deaths":7,"minecraft:sneak_time":26457,"minecraft:walk_under_water_one_cm":68219,"minecraft:boat_one_cm":225869,"minecraft:jump":5491,"minecraft:walk_on_water_one_cm":64518,"minecraft:total_world_time":351472,"minecraft:interact_with_furnace":63,"minecraft:interact_with_stonecutter":1,"minecraft:sleep_in_bed":14,"minecraft:time_since_rest":52092,"minecraft:damage_taken":6580,"minecraft:damage_dealt":16555,"minecraft:player_kills":2,"minecraft:swim_one_cm":363349,"minecraft:fly_one_cm":889204,"minecraft:open_chest":200,"minecraft:crouch_one_cm":86121,"minecraft:interact_with_smoker":28,"minecraft:fall_one_cm":111289},"minecraft:crafted":{"minecraft:oak_planks":76,"minecraft:barrel":6,"minecraft:furnace":2,"minecraft:stone":208,"minecraft:lever":1,"minecraft:bone_meal":45,"minecraft:dark_oak_door":3,"minecraft:spruce_stairs":12,"minecraft:diamond_leggings":1,"minecraft:diamond_helmet":1,"minecraft:iron_boots":3,"minecraft:iron_axe":4,"minecraft:spruce_slab":576,"minecraft:stone_pickaxe":2,"minecraft:diamond_boots":1,"minecraft:spruce_boat":1,"minecraft:dark_oak_planks":12,"minecraft:cooked_beef":7,"minecraft:oak_slab":372,"minecraft:cooked_porkchop":31,"minecraft:crafting_table":6,"minecraft:spruce_planks":644,"minecraft:wooden_pickaxe":2,"minecraft:baked_potato":81,"minecraft:iron_helmet":3,"minecraft:iron_sword":2,"minecraft:spruce_door":3,"minecraft:stone_axe":3,"minecraft:air":0,"minecraft:diamond_pickaxe":1,"minecraft:white_wool":6,"minecraft:iron_chestplate":2,"minecraft:shield":4,"minecraft:stick":48,"minecraft:iron_ingot":22,"minecraft:iron_pickaxe":5,"minecraft:oak_stairs":8,"minecraft:wooden_axe":2,"minecraft:iron_shovel":2,"minecraft:iron_leggings":2,"minecraft:white_bed":3,"minecraft:torch":48,"minecraft:shears":1,"minecraft:diamond_chestplate":1},"minecraft:killed_by":{"minecraft:player":1,"minecraft:creeper":1,"minecraft:cave_spider":1,"minecraft:skeleton":1,"minecraft:zombie":1},"minecraft:used":{"minecraft:iron_shovel":6,"minecraft:spruce_slab":222,"minecraft:poppy":1,"minecraft:spruce_planks":286,"minecraft:shield":43,"minecraft:stone":2,"minecraft:iron_sword":204,"minecraft:rotten_flesh":2,"minecraft:torch":55,"minecraft:dirt":102,"minecraft:mutton":15,"minecraft:spruce_stairs":12,"minecraft:golden_shovel":66,"minecraft:granite":6,"minecraft:stripped_spruce_log":38,"minecraft:spruce_boat":1,"minecraft:wooden_axe":45,"minecraft:iron_axe":729,"minecraft:iron_helmet":1,"minecraft:iron_boots":1,"minecraft:barrel":9,"minecraft:stone_bricks":32,"minecraft:beef":15,"minecraft:furnace":4,"minecraft:oak_sapling":1,"minecraft:cooked_beef":6,"minecraft:potato":198,"minecraft:cobbled_deepslate":138,"minecraft:acacia_planks":1,"minecraft:pointed_dripstone":1,"minecraft:iron_leggings":1,"minecraft:water_bucket":8,"minecraft:spruce_door":4,"minecraft:oak_planks":36,"minecraft:stone_pickaxe":32,"minecraft:baked_potato":21,"minecraft:wooden_pickaxe":29,"minecraft:stonecutter":1,"minecraft:blue_bed":34,"minecraft:sugar_cane":3,"minecraft:salmon":1,"minecraft:glow_berries":2,"minecraft:oak_slab":284,"minecraft:crafting_table":16,"minecraft:white_bed":6,"minecraft:dripstone_block":1,"minecraft:smoker":2,"minecraft:dark_oak_door":4,"minecraft:spruce_log":219,"minecraft:diamond_pickaxe":585,"minecraft:bread":1,"minecraft:string":3,"minecraft:iron_pickaxe":606,"minecraft:suspicious_stew":3,"minecraft:spruce_sapling":68,"minecraft:stone_axe":210,"minecraft:cobblestone":16,"minecraft:cooked_porkchop":31,"minecraft:bucket":9,"minecraft:yellow_bed":2,"minecraft:dandelion":2,"minecraft:bone_meal":45},"minecraft:broken":{"minecraft:shield":1,"minecraft:iron_axe":3,"minecraft:stone_axe":1,"minecraft:iron_pickaxe":1},"minecraft:picked_up":{"minecraft:wooden_axe":1,"minecraft:crafting_table":12,"minecraft:iron_chestplate":1,"minecraft:lead":2,"minecraft:wooden_pickaxe":1,"minecraft:shield":2,"minecraft:string":27,"minecraft:iron_axe":3,"minecraft:raw_copper":53,"minecraft:iron_leggings":3,"minecraft:gold_nugget":42,"minecraft:cobbled_deepslate":387,"minecraft:smooth_stone":2,"minecraft:spruce_planks":21,"minecraft:beef":62,"minecraft:poppy":28,"minecraft:iron_pickaxe":4,"minecraft:spruce_slab":156,"minecraft:sugar_cane":97,"minecraft:birch_sapling":2,"minecraft:iron_boots":1,"minecraft:furnace":6,"minecraft:dark_oak_door":3,"minecraft:tipped_arrow":1,"minecraft:stick":33,"minecraft:raw_iron":103,"minecraft:stone":128,"minecraft:oak_door":3,"minecraft:oak_fence":6,"minecraft:torch":12,"minecraft:spruce_stairs":4,"minecraft:porkchop":61,"minecraft:cherry_log":58,"minecraft:pointed_dripstone":20,"minecraft:carrot":1,"minecraft:redstone":100,"minecraft:rotten_flesh":26,"minecraft:arrow":14,"minecraft:hay_block":37,"minecraft:iron_block":1,"minecraft:mutton":15,"minecraft:glow_berries":20,"minecraft:rail":12,"minecraft:white_wool":9,"minecraft:cobblestone":359,"minecraft:birch_log":6,"minecraft:cooked_beef":6,"minecraft:salmon":1,"minecraft:leather":41,"minecraft:smoker":3,"minecraft:potato":450,"minecraft:flint":2,"minecraft:tuff":57,"minecraft:oak_log":321,"minecraft:lapis_lazuli":90,"minecraft:yellow_bed":2,"minecraft:blue_bed":32,"minecraft:dirt":116,"minecraft:bone":18,"minecraft:acacia_planks":20,"minecraft:apple":4,"minecraft:stonecutter":1,"minecraft:wheat_seeds":5,"minecraft:iron_ingot":21,"minecraft:stone_pickaxe":1,"minecraft:stripped_oak_wood":2,"minecraft:oak_planks":114,"minecraft:iron_sword":6,"minecraft:oak_slab":21,"minecraft:cooked_porkchop":1,"minecraft:gravel":13,"minecraft:dandelion":2,"minecraft:dripstone_block":12,"minecraft:poisonous_potato":1,"minecraft:sand":6,"minecraft:amethyst_shard":8,"minecraft:barrel":3,"minecraft:stripped_spruce_log":38,"minecraft:spruce_sapling":98,"minecraft:white_bed":6,"minecraft:spruce_log":526,"minecraft:spider_eye":2,"minecraft:dark_oak_log":3,"minecraft:spruce_door":1,"minecraft:diamond":110,"minecraft:iron_helmet":2,"minecraft:granite":6,"minecraft:cherry_sapling":2,"minecraft:gray_wool":1,"minecraft:bread":2,"minecraft:baked_potato":10,"minecraft:netherrack":5,"minecraft:oak_sapling":4,"minecraft:black_wool":1,"minecraft:coal":243,"minecraft:sunflower":4}},"DataVersion":3953}