{"stats":{"minecraft:used":{"minecraft:spruce_boat":3,"minecraft:jack_o_lantern":2,"minecraft:bread":2,"minecraft:spruce_planks":170,"minecraft:blue_bed":1,"minecraft:torch":2,"minecraft:dirt":23,"minecraft:sand":3,"minecraft:cobblestone":1,"minecraft:crafting_table":3,"minecraft:sweet_berries":4,"minecraft:spruce_stairs":13,"minecraft:pumpkin":1},"minecraft:mined":{"minecraft:podzol":1,"minecraft:spruce_stairs":4,"minecraft:spruce_planks":17,"minecraft:sweet_berry_bush":2,"minecraft:spruce_log":71,"minecraft:jack_o_lantern":2,"minecraft:pumpkin":1,"minecraft:torch":6,"minecraft:grass_block":12,"minecraft:dirt":2,"minecraft:sand":3,"minecraft:spruce_leaves":3,"minecraft:blue_bed":1,"minecraft:wall_torch":2},"minecraft:killed_by":{"minecraft:skeleton":3},"minecraft:picked_up":{"minecraft:stick":4,"minecraft:sandstone":2,"minecraft:pumpkin":1,"minecraft:sweet_berries":4,"minecraft:torch":12,"minecraft:spruce_stairs":10,"minecraft:sand":21,"minecraft:oak_log":419,"minecraft:spruce_log":71,"minecraft:dirt":37,"minecraft:blue_bed":1,"minecraft:spruce_boat":1,"minecraft:wheat_seeds":2,"minecraft:spruce_planks":204,"minecraft:bread":4,"minecraft:jack_o_lantern":3,"minecraft:cobblestone":2},"minecraft:custom":{"minecraft:time_since_rest":31443,"minecraft:sprint_one_cm":79451,"minecraft:damage_taken":1421,"minecraft:walk_one_cm":106731,"minecraft:damage_dealt":39,"minecraft:interact_with_crafting_table":7,"minecraft:swim_one_cm":1785,"minecraft:fly_one_cm":62873,"minecraft:open_chest":1,"minecraft:play_one_minute":48693,"minecraft:crouch_one_cm":24369,"minecraft:deaths":6,"minecraft:walk_under_water_one_cm":3400,"minecraft:sneak_time":9702,"minecraft:boat_one_cm":288102,"minecraft:jump":482,"minecraft:leave_game":1,"minecraft:time_since_death":31423,"minecraft:walk_on_water_one_cm":12511,"minecraft:fall_one_cm":8203},"minecraft:crafted":{"minecraft:oak_planks":56,"minecraft:spruce_stairs":12,"minecraft:crafting_table":3,"minecraft:spruce_planks":264,"minecraft:stick":28,"minecraft:spruce_boat":2,"minecraft:oak_fence":27}},"DataVersion":2230}