{"stats":{"minecraft:broken":{"minecraft:stone_pickaxe":1,"minecraft:wooden_axe":1},"minecraft:mined":{"minecraft:hay_block":16,"minecraft:cobblestone_stairs":2,"minecraft:oak_fence":2,"minecraft:oak_log":10,"minecraft:oak_planks":1,"minecraft:oak_leaves":71},"minecraft:killed_by":{"minecraft:skeleton":2,"minecraft:creeper":1,"minecraft:zombie":1},"minecraft:crafted":{"minecraft:oak_planks":60,"minecraft:crafting_table":2,"minecraft:stick":4,"minecraft:stone_pickaxe":1,"minecraft:wooden_axe":1,"minecraft:chest":1},"minecraft:custom":{"minecraft:time_since_rest":1996,"minecraft:sprint_one_cm":53447,"minecraft:damage_taken":2683,"minecraft:walk_one_cm":44396,"minecraft:damage_dealt":4,"minecraft:interact_with_crafting_table":2,"minecraft:swim_one_cm":827,"minecraft:talked_to_villager":1,"minecraft:fly_one_cm":29839,"minecraft:open_chest":5,"minecraft:crouch_one_cm":6001,"minecraft:play_one_minute":24837,"minecraft:deaths":5,"minecraft:sneak_time":3826,"minecraft:walk_under_water_one_cm":1051,"minecraft:jump":166,"minecraft:leave_game":1,"minecraft:walk_on_water_one_cm":1372,"minecraft:time_since_death":1976,"minecraft:sleep_in_bed":1,"minecraft:fall_one_cm":4685},"minecraft:picked_up":{"minecraft:wooden_axe":3,"minecraft:stick":16,"minecraft:oak_fence":2,"minecraft:diamond_horse_armor":1,"minecraft:oak_log":45,"minecraft:cobblestone_stairs":2,"minecraft:dirt":32,"minecraft:apple":1,"minecraft:iron_helmet":1,"minecraft:hay_block":32,"minecraft:iron_ingot":10,"minecraft:stone_pickaxe":3,"minecraft:bread":8,"minecraft:oak_sapling":16,"minecraft:oak_planks":30,"minecraft:cobblestone":3},"minecraft:used":{"minecraft:oak_fence":2,"minecraft:wooden_axe":12,"minecraft:apple":2,"minecraft:cobblestone_stairs":2,"minecraft:bread":3,"minecraft:stone_pickaxe":2,"minecraft:oak_planks":4,"minecraft:chest":1,"minecraft:dirt":32,"minecraft:crafting_table":2}},"DataVersion":2230}