{"stats":{"minecraft:dropped":{"minecraft:iron_sword":2,"minecraft:cooked_beef":3,"minecraft:oak_log":16,"minecraft:baked_potato":1,"minecraft:diamond":160,"minecraft:cooked_porkchop":1,"minecraft:flint":1,"minecraft:dirt":2,"minecraft:iron_pickaxe":2,"minecraft:oak_door":1,"minecraft:gravel":13,"minecraft:sugar_cane":30,"minecraft:lever":1,"minecraft:cobbled_deepslate":1,"minecraft:rotten_flesh":36,"minecraft:leather_boots":1,"minecraft:arrow":3,"minecraft:beef":3,"minecraft:enchanted_book":2,"minecraft:iron_ingot":2,"minecraft:wheat_seeds":8,"minecraft:poisonous_potato":2,"minecraft:feather":2,"minecraft:iron_helmet":1,"minecraft:cobblestone":68,"minecraft:granite":11,"minecraft:coal":9,"minecraft:wooden_axe":3,"minecraft:iron_leggings":3,"minecraft:iron_axe":2,"minecraft:string":2,"minecraft:iron_boots":1,"minecraft:diamond_sword":1,"minecraft:shield":1,"minecraft:diamond_chestplate":1,"minecraft:diamond_pickaxe":3,"minecraft:iron_chestplate":1,"minecraft:andesite":4,"minecraft:oak_sapling":1,"minecraft:spider_eye":1,"minecraft:stone_pickaxe":2,"minecraft:wooden_pickaxe":3},"minecraft:picked_up":{"minecraft:wooden_axe":1,"minecraft:iron_chestplate":3,"minecraft:wheat":42,"minecraft:anvil":1,"minecraft:lead":2,"minecraft:diamond_sword":3,"minecraft:enchanted_book":1,"minecraft:golden_shovel":1,"minecraft:polished_deepslate":2,"minecraft:string":32,"minecraft:raw_copper":58,"minecraft:iron_leggings":5,"minecraft:diamond_leggings":2,"minecraft:cobbled_deepslate":1025,"minecraft:gold_nugget":42,"minecraft:smooth_stone":2,"minecraft:spruce_planks":22,"minecraft:trial_key":1,"minecraft:iron_pickaxe":21,"minecraft:furnace":9,"minecraft:iron_boots":5,"minecraft:dark_oak_door":3,"minecraft:tipped_arrow":7,"minecraft:stick":51,"minecraft:oak_fence":6,"minecraft:torch":13,"minecraft:spruce_stairs":4,"minecraft:porkchop":61,"minecraft:cherry_log":58,"minecraft:pointed_dripstone":20,"minecraft:diorite":25,"minecraft:rotten_flesh":180,"minecraft:iron_block":1,"minecraft:white_terracotta":2,"minecraft:cobblestone":1014,"minecraft:birch_log":7,"minecraft:feather":2,"minecraft:cooked_beef":6,"minecraft:andesite":57,"minecraft:smoker":3,"minecraft:potato":501,"minecraft:flint":5,"minecraft:tuff":87,"minecraft:dirt":170,"minecraft:lapis_lazuli":376,"minecraft:leather_boots":1,"minecraft:bone":49,"minecraft:acacia_planks":20,"minecraft:stonecutter":1,"minecraft:wheat_seeds":8,"minecraft:raw_gold":166,"minecraft:diamond_helmet":2,"minecraft:oak_planks":134,"minecraft:cooked_porkchop":1,"minecraft:poisonous_potato":3,"minecraft:sand":8,"minecraft:stripped_spruce_log":38,"minecraft:dark_oak_log":3,"minecraft:barrel":4,"minecraft:diamond":373,"minecraft:granite":65,"minecraft:breeze_rod":13,"minecraft:bread":259,"minecraft:emerald":4,"minecraft:oak_sapling":4,"minecraft:netherrack":5,"minecraft:bricks":3,"minecraft:diamond_pickaxe":5,"minecraft:crafting_table":19,"minecraft:chicken":1,"minecraft:wooden_pickaxe":1,"minecraft:gold_block":1,"minecraft:brick":18,"minecraft:shield":3,"minecraft:wind_charge":3,"minecraft:iron_axe":3,"minecraft:iron_shovel":8,"minecraft:beef":62,"minecraft:poppy":28,"minecraft:spruce_slab":156,"minecraft:sugar_cane":161,"minecraft:chest":2,"minecraft:birch_sapling":2,"minecraft:raw_iron":565,"minecraft:stone":128,"minecraft:oak_door":4,"minecraft:carrot":1,"minecraft:redstone":121,"minecraft:arrow":40,"minecraft:diamond_chestplate":3,"minecraft:diamond_boots":1,"minecraft:hay_block":37,"minecraft:cracked_deepslate_bricks":1,"minecraft:tuff_bricks":2,"minecraft:glow_berries":20,"minecraft:mutton":27,"minecraft:white_wool":13,"minecraft:rail":12,"minecraft:salmon":1,"minecraft:leather":45,"minecraft:oak_log":364,"minecraft:waxed_copper_block":1,"minecraft:yellow_bed":3,"minecraft:blue_bed":34,"minecraft:apple":8,"minecraft:iron_ingot":47,"minecraft:stone_pickaxe":1,"minecraft:cooked_chicken":4,"minecraft:stripped_oak_wood":2,"minecraft:iron_sword":8,"minecraft:oak_slab":21,"minecraft:smooth_basalt":2,"minecraft:dandelion":52,"minecraft:dripstone_block":12,"minecraft:gravel":23,"minecraft:amethyst_shard":48,"minecraft:spruce_sapling":98,"minecraft:white_bed":9,"minecraft:spruce_log":528,"minecraft:polished_tuff":1,"minecraft:spruce_door":1,"minecraft:green_carpet":1,"minecraft:spider_eye":3,"minecraft:iron_helmet":7,"minecraft:cherry_sapling":2,"minecraft:gray_wool":1,"minecraft:damaged_anvil":1,"minecraft:baked_potato":17,"minecraft:black_wool":1,"minecraft:coal":772,"minecraft:sunflower":4},"minecraft:killed_by":{"minecraft:creeper":2,"minecraft:cave_spider":1,"minecraft:zombie":19,"minecraft:husk":1,"minecraft:player":5,"minecraft:skeleton":1},"minecraft:mined":{"minecraft:spruce_planks":11,"minecraft:white_bed":8,"minecraft:cherry_log":59,"minecraft:granite":60,"minecraft:grass_block":69,"minecraft:tuff_bricks":1,"minecraft:spawner":1,"minecraft:smooth_stone":2,"minecraft:tall_seagrass":1,"minecraft:fire":51,"minecraft:barrel":4,"minecraft:iron_ore":206,"minecraft:cobbled_deepslate":4,"minecraft:deepslate_lapis_ore":25,"minecraft:anvil":1,"minecraft:pointed_dripstone":3,"minecraft:cave_vines":1,"minecraft:dirt_path":17,"minecraft:green_carpet":1,"minecraft:pink_tulip":1,"minecraft:iron_block":1,"minecraft:spruce_slab":35,"minecraft:tripwire":1,"minecraft:deepslate_redstone_ore":23,"minecraft:smoker":2,"minecraft:amethyst_cluster":6,"minecraft:cobblestone":14,"minecraft:sugar_cane":1,"minecraft:oak_planks":118,"minecraft:damaged_anvil":1,"minecraft:bricks":3,"minecraft:wall_torch":4,"minecraft:white_terracotta":2,"minecraft:dark_oak_door":3,"minecraft:birch_log":7,"minecraft:stripped_oak_wood":2,"minecraft:oak_log":95,"minecraft:sand":6,"minecraft:dirt":46,"minecraft:smooth_basalt":2,"minecraft:stonecutter":1,"minecraft:netherrack":3,"minecraft:oak_leaves":21,"minecraft:deepslate":833,"minecraft:nether_gold_ore":11,"minecraft:diamond_ore":11,"minecraft:tuff":71,"minecraft:deepslate_diamond_ore":205,"minecraft:dark_oak_log":3,"minecraft:decorated_pot":4,"minecraft:spruce_leaves":31,"minecraft:hay_block":26,"minecraft:furnace":4,"minecraft:spruce_sapling":55,"minecraft:andesite":96,"minecraft:stripped_spruce_log":38,"minecraft:polished_deepslate":2,"minecraft:potatoes":122,"minecraft:deepslate_iron_ore":85,"minecraft:stone":968,"minecraft:oak_slab":21,"minecraft:dandelion":2,"minecraft:spruce_door":1,"minecraft:oak_fence":6,"minecraft:crafting_table":18,"minecraft:short_grass":44,"minecraft:copper_ore":16,"minecraft:tall_grass":30,"minecraft:deepslate_coal_ore":25,"minecraft:lapis_ore":10,"minecraft:deepslate_gold_ore":21,"minecraft:blue_bed":33,"minecraft:diorite":49,"minecraft:spruce_stairs":4,"minecraft:spruce_log":346,"minecraft:birch_leaves":14,"minecraft:yellow_bed":3,"minecraft:coal_ore":363,"minecraft:cherry_leaves":8,"minecraft:sunflower":4,"minecraft:gravel":26,"minecraft:dripstone_block":9,"minecraft:cobweb":25,"minecraft:gold_ore":34,"minecraft:infested_stone":1},"minecraft:killed":{"minecraft:spider":6,"minecraft:skeleton":15,"minecraft:chicken":1,"minecraft:silverfish":2,"minecraft:piglin":1,"minecraft:pig":19,"minecraft:zombie_villager":1,"minecraft:salmon":1,"minecraft:iron_golem":3,"minecraft:creeper":3,"minecraft:sheep":12,"minecraft:trader_llama":2,"minecraft:zombie":46,"minecraft:stray":14,"minecraft:cow":15,"minecraft:horse":1,"minecraft:drowned":1,"minecraft:husk":8,"minecraft:breeze":8,"minecraft:villager":10},"minecraft:custom":{"minecraft:interact_with_crafting_table":96,"minecraft:open_barrel":19,"minecraft:eat_cake_slice":1,"minecraft:leave_game":10,"minecraft:time_since_death":48639,"minecraft:damage_resisted":6,"minecraft:sprint_one_cm":845857,"minecraft:damage_blocked_by_shield":8914,"minecraft:drop":78,"minecraft:talked_to_villager":4,"minecraft:play_time":645803,"minecraft:deaths":31,"minecraft:jump":9557,"minecraft:walk_on_water_one_cm":161998,"minecraft:enchant_item":7,"minecraft:interact_with_furnace":82,"minecraft:sleep_in_bed":21,"minecraft:open_enderchest":1,"minecraft:damage_dealt":31636,"minecraft:player_kills":2,"minecraft:crouch_one_cm":89542,"minecraft:interact_with_smoker":41,"minecraft:use_cauldron":2,"minecraft:inspect_dispenser":1,"minecraft:mob_kills":174,"minecraft:interact_with_anvil":9,"minecraft:damage_dealt_resisted":617,"minecraft:climb_one_cm":14233,"minecraft:walk_one_cm":1359444,"minecraft:sneak_time":29619,"minecraft:walk_under_water_one_cm":112705,"minecraft:boat_one_cm":225869,"minecraft:interact_with_blast_furnace":1,"minecraft:total_world_time":645803,"minecraft:interact_with_stonecutter":1,"minecraft:time_since_rest":48693,"minecraft:damage_taken":19050,"minecraft:swim_one_cm":608966,"minecraft:fly_one_cm":1423073,"minecraft:open_chest":365,"minecraft:fall_one_cm":188232},"minecraft:crafted":{"minecraft:oak_planks":228,"minecraft:barrel":6,"minecraft:stone":208,"minecraft:lever":1,"minecraft:dark_oak_door":3,"minecraft:diamond_helmet":2,"minecraft:diamond_leggings":2,"minecraft:iron_boots":3,"minecraft:chest":2,"minecraft:raw_iron_block":31,"minecraft:smoker":1,"minecraft:oak_slab":372,"minecraft:cooked_porkchop":31,"minecraft:diamond_axe":1,"minecraft:crafting_table":8,"minecraft:spruce_planks":652,"minecraft:wooden_pickaxe":2,"minecraft:baked_potato":250,"minecraft:iron_helmet":3,"minecraft:raw_gold_block":6,"minecraft:spruce_door":3,"minecraft:birch_planks":4,"minecraft:tnt":1,"minecraft:iron_chestplate":3,"minecraft:diamond_pickaxe":2,"minecraft:shield":7,"minecraft:stick":76,"minecraft:iron_ingot":53,"minecraft:iron_pickaxe":10,"minecraft:iron_block":3,"minecraft:shears":1,"minecraft:raw_iron":189,"minecraft:coal":288,"minecraft:furnace":3,"minecraft:bone_meal":45,"minecraft:diamond_block":22,"minecraft:flint_and_steel":1,"minecraft:diamond":198,"minecraft:spruce_stairs":12,"minecraft:iron_axe":4,"minecraft:spruce_slab":576,"minecraft:stone_pickaxe":2,"minecraft:diamond_boots":2,"minecraft:spruce_boat":1,"minecraft:redstone_block":11,"minecraft:dark_oak_planks":12,"minecraft:wheat":234,"minecraft:cooked_beef":7,"minecraft:coal_block":34,"minecraft:diamond_sword":2,"minecraft:iron_sword":2,"minecraft:bucket":1,"minecraft:stone_axe":3,"minecraft:air":0,"minecraft:bread":78,"minecraft:white_wool":6,"minecraft:raw_gold":54,"minecraft:oak_stairs":8,"minecraft:wooden_axe":2,"minecraft:iron_shovel":2,"minecraft:iron_leggings":2,"minecraft:anvil":1,"minecraft:white_bed":4,"minecraft:torch":56,"minecraft:lapis_lazuli":171,"minecraft:lapis_block":29,"minecraft:diamond_chestplate":2},"minecraft:used":{"minecraft:tuff_bricks":1,"minecraft:iron_shovel":34,"minecraft:polished_deepslate":2,"minecraft:spruce_slab":222,"minecraft:poppy":1,"minecraft:chest":4,"minecraft:shield":117,"minecraft:white_terracotta":1,"minecraft:stone":2,"minecraft:iron_sword":344,"minecraft:rotten_flesh":2,"minecraft:iron_chestplate":2,"minecraft:mutton":16,"minecraft:tuff":2,"minecraft:stripped_spruce_log":38,"minecraft:spruce_boat":1,"minecraft:lava_bucket":1,"minecraft:bricks":3,"minecraft:iron_helmet":4,"minecraft:stone_bricks":32,"minecraft:furnace":6,"minecraft:oak_sapling":1,"minecraft:potato":225,"minecraft:diorite":7,"minecraft:diamond_boots":1,"minecraft:spruce_door":4,"minecraft:stone_pickaxe":32,"minecraft:oak_planks":36,"minecraft:wooden_pickaxe":29,"minecraft:blue_bed":36,"minecraft:diamond_axe":3,"minecraft:sugar_cane":3,"minecraft:white_wool":1,"minecraft:glow_berries":2,"minecraft:sand":3,"minecraft:dripstone_block":4,"minecraft:bread":44,"minecraft:string":5,"minecraft:gravel":8,"minecraft:diamond_sword":144,"minecraft:andesite":7,"minecraft:bone_meal":45,"minecraft:flint_and_steel":2,"minecraft:spruce_planks":287,"minecraft:trial_key":1,"minecraft:torch":58,"minecraft:dirt":143,"minecraft:anvil":2,"minecraft:spruce_stairs":12,"minecraft:diamond_helmet":2,"minecraft:golden_shovel":70,"minecraft:granite":7,"minecraft:wooden_axe":45,"minecraft:iron_axe":734,"minecraft:iron_boots":3,"minecraft:barrel":10,"minecraft:diamond_chestplate":2,"minecraft:beef":15,"minecraft:acacia_planks":1,"minecraft:cooked_beef":6,"minecraft:cobbled_deepslate":183,"minecraft:iron_leggings":3,"minecraft:pointed_dripstone":1,"minecraft:water_bucket":10,"minecraft:baked_potato":70,"minecraft:stonecutter":1,"minecraft:salmon":1,"minecraft:tnt":1,"minecraft:oak_slab":284,"minecraft:crafting_table":23,"minecraft:white_bed":10,"minecraft:smoker":4,"minecraft:cake":1,"minecraft:spruce_log":219,"minecraft:dark_oak_door":4,"minecraft:diamond_pickaxe":1200,"minecraft:apple":2,"minecraft:wind_charge":4,"minecraft:chicken":1,"minecraft:suspicious_stew":3,"minecraft:iron_pickaxe":1977,"minecraft:spruce_sapling":68,"minecraft:stone_axe":210,"minecraft:cobblestone":116,"minecraft:cooked_porkchop":31,"minecraft:bucket":12,"minecraft:yellow_bed":3,"minecraft:dandelion":30,"minecraft:diamond_leggings":2},"minecraft:broken":{"minecraft:stone_axe":1,"minecraft:shield":2,"minecraft:iron_axe":3,"minecraft:iron_pickaxe":4}},"DataVersion":3953}