{"stats":{"minecraft:mined":{"minecraft:smooth_red_sandstone":197},"minecraft:used":{"minecraft:smooth_red_sandstone":10,"minecraft:diamond_pickaxe":197},"minecraft:custom":{"minecraft:jump":121,"minecraft:open_chest":1,"minecraft:time_since_rest":43203,"minecraft:leave_game":1,"minecraft:sprint_one_cm":35762,"minecraft:play_time":43203,"minecraft:time_since_death":43203,"minecraft:walk_one_cm":88863,"minecraft:total_world_time":43203,"minecraft:fall_one_cm":2005,"minecraft:fly_one_cm":22029}},"DataVersion":3120}