{"stats":{"minecraft:dropped":{"minecraft:nether_wart":6,"minecraft:pink_dye":1,"minecraft:pumpkin":1,"minecraft:spider_eye":1,"minecraft:gold_nugget":2,"minecraft:apple":3,"minecraft:slime_ball":1,"minecraft:lime_dye":2,"minecraft:pumpkin_seeds":1},"minecraft:picked_up":{"minecraft:nether_wart":11,"minecraft:pumpkin":1,"minecraft:gunpowder":2,"minecraft:spider_eye":3,"minecraft:lime_dye":4,"minecraft:pumpkin_seeds":1,"minecraft:apple":6,"minecraft:slime_ball":1,"minecraft:gold_nugget":3,"minecraft:pink_dye":2},"minecraft:mined":{"minecraft:pumpkin":1,"minecraft:smooth_red_sandstone":197},"minecraft:killed":{"minecraft:zombified_piglin":3,"minecraft:silverfish":1,"minecraft:rabbit":5,"minecraft:spider":3,"minecraft:slime":1,"minecraft:creeper":2},"minecraft:used":{"minecraft:diamond_pickaxe":197,"minecraft:iron_axe":29,"minecraft:carrot_on_a_stick":12,"minecraft:written_book":5,"minecraft:smooth_red_sandstone":10},"minecraft:custom":{"minecraft:time_since_rest":13955,"minecraft:sprint_one_cm":70422,"minecraft:damage_taken":280,"minecraft:walk_one_cm":130611,"minecraft:mob_kills":15,"minecraft:drop":12,"minecraft:damage_dealt":1486,"minecraft:fly_one_cm":75664,"minecraft:open_chest":1,"minecraft:play_time":59843,"minecraft:deaths":1,"minecraft:walk_under_water_one_cm":217,"minecraft:jump":366,"minecraft:leave_game":3,"minecraft:time_since_death":13916,"minecraft:walk_on_water_one_cm":559,"minecraft:total_world_time":59843,"minecraft:damage_resisted":1027,"minecraft:fall_one_cm":8967}},"DataVersion":3120}