{"stats":{"minecraft:killed":{"minecraft:spider":4,"minecraft:skeleton":9,"minecraft:drowned":1,"minecraft:piglin":1,"minecraft:husk":3,"minecraft:pig":19,"minecraft:zombie_villager":1,"minecraft:salmon":1,"minecraft:iron_golem":3,"minecraft:creeper":1,"minecraft:sheep":9,"minecraft:trader_llama":2,"minecraft:zombie":17,"minecraft:stray":5,"minecraft:breeze":1,"minecraft:villager":10,"minecraft:cow":15},"minecraft:dropped":{"minecraft:iron_ingot":2,"minecraft:iron_sword":2,"minecraft:wheat_seeds":7,"minecraft:cooked_beef":3,"minecraft:oak_log":16,"minecraft:cooked_porkchop":1,"minecraft:iron_helmet":1,"minecraft:cobblestone":68,"minecraft:coal":9,"minecraft:dirt":2,"minecraft:wooden_axe":3,"minecraft:iron_leggings":3,"minecraft:iron_axe":2,"minecraft:iron_pickaxe":1,"minecraft:gravel":13,"minecraft:sugar_cane":30,"minecraft:lever":1,"minecraft:rotten_flesh":7,"minecraft:iron_boots":1,"minecraft:shield":1,"minecraft:iron_chestplate":1,"minecraft:oak_sapling":1,"minecraft:wooden_pickaxe":3,"minecraft:beef":3,"minecraft:stone_pickaxe":2},"minecraft:mined":{"minecraft:nether_gold_ore":11,"minecraft:diamond_ore":9,"minecraft:tuff":57,"minecraft:spruce_planks":11,"minecraft:white_bed":5,"minecraft:deepslate_diamond_ore":113,"minecraft:cherry_log":59,"minecraft:dark_oak_log":3,"minecraft:granite":6,"minecraft:grass_block":59,"minecraft:decorated_pot":4,"minecraft:spruce_leaves":31,"minecraft:spawner":1,"minecraft:hay_block":26,"minecraft:smooth_stone":2,"minecraft:tall_seagrass":1,"minecraft:spruce_sapling":55,"minecraft:furnace":2,"minecraft:barrel":4,"minecraft:iron_ore":112,"minecraft:fire":51,"minecraft:andesite":39,"minecraft:stripped_spruce_log":38,"minecraft:deepslate_lapis_ore":15,"minecraft:potatoes":122,"minecraft:pointed_dripstone":3,"minecraft:cave_vines":1,"minecraft:deepslate_iron_ore":60,"minecraft:dirt_path":17,"minecraft:stone":606,"minecraft:iron_block":1,"minecraft:spruce_slab":35,"minecraft:deepslate_redstone_ore":22,"minecraft:oak_slab":21,"minecraft:smoker":2,"minecraft:amethyst_cluster":2,"minecraft:spruce_door":1,"minecraft:oak_fence":6,"minecraft:crafting_table":11,"minecraft:short_grass":33,"minecraft:bricks":1,"minecraft:cobblestone":3,"minecraft:copper_ore":16,"minecraft:tall_grass":17,"minecraft:deepslate_coal_ore":25,"minecraft:lapis_ore":1,"minecraft:deepslate_gold_ore":7,"minecraft:sugar_cane":1,"minecraft:oak_planks":118,"minecraft:diorite":27,"minecraft:blue_bed":31,"minecraft:wall_torch":3,"minecraft:spruce_stairs":4,"minecraft:dark_oak_door":3,"minecraft:birch_log":6,"minecraft:spruce_log":344,"minecraft:birch_leaves":14,"minecraft:stripped_oak_wood":2,"minecraft:yellow_bed":2,"minecraft:coal_ore":222,"minecraft:oak_log":86,"minecraft:dripstone_block":9,"minecraft:gravel":16,"minecraft:cherry_leaves":8,"minecraft:sunflower":4,"minecraft:sand":6,"minecraft:dirt":23,"minecraft:cobweb":25,"minecraft:gold_ore":22,"minecraft:deepslate":409,"minecraft:stonecutter":1,"minecraft:netherrack":3,"minecraft:oak_leaves":19},"minecraft:custom":{"minecraft:interact_with_anvil":1,"minecraft:mob_kills":105,"minecraft:interact_with_crafting_table":60,"minecraft:open_barrel":9,"minecraft:leave_game":3,"minecraft:time_since_death":104853,"minecraft:climb_one_cm":8354,"minecraft:sprint_one_cm":580657,"minecraft:walk_one_cm":834063,"minecraft:damage_blocked_by_shield":4634,"minecraft:drop":44,"minecraft:talked_to_villager":3,"minecraft:play_time":399472,"minecraft:deaths":7,"minecraft:sneak_time":26742,"minecraft:walk_under_water_one_cm":74262,"minecraft:boat_one_cm":225869,"minecraft:jump":6292,"minecraft:interact_with_blast_furnace":1,"minecraft:walk_on_water_one_cm":80042,"minecraft:enchant_item":7,"minecraft:total_world_time":399472,"minecraft:interact_with_furnace":66,"minecraft:interact_with_stonecutter":1,"minecraft:sleep_in_bed":14,"minecraft:time_since_rest":100092,"minecraft:damage_taken":7290,"minecraft:damage_dealt":19119,"minecraft:player_kills":2,"minecraft:swim_one_cm":373631,"minecraft:fly_one_cm":1004927,"minecraft:open_chest":215,"minecraft:crouch_one_cm":86380,"minecraft:interact_with_smoker":29,"minecraft:fall_one_cm":126420},"minecraft:crafted":{"minecraft:oak_planks":76,"minecraft:barrel":6,"minecraft:furnace":2,"minecraft:stone":208,"minecraft:lever":1,"minecraft:bone_meal":45,"minecraft:dark_oak_door":3,"minecraft:spruce_stairs":12,"minecraft:diamond_leggings":1,"minecraft:diamond_helmet":1,"minecraft:iron_boots":3,"minecraft:iron_axe":4,"minecraft:spruce_slab":576,"minecraft:stone_pickaxe":2,"minecraft:diamond_boots":1,"minecraft:spruce_boat":1,"minecraft:redstone_block":11,"minecraft:dark_oak_planks":12,"minecraft:raw_iron_block":10,"minecraft:cooked_beef":7,"minecraft:coal_block":2,"minecraft:oak_slab":372,"minecraft:diamond_sword":1,"minecraft:cooked_porkchop":31,"minecraft:diamond_axe":1,"minecraft:crafting_table":6,"minecraft:spruce_planks":644,"minecraft:wooden_pickaxe":2,"minecraft:baked_potato":120,"minecraft:iron_helmet":3,"minecraft:iron_sword":2,"minecraft:spruce_door":3,"minecraft:stone_axe":3,"minecraft:air":0,"minecraft:diamond_pickaxe":1,"minecraft:white_wool":6,"minecraft:iron_chestplate":2,"minecraft:shield":4,"minecraft:stick":56,"minecraft:iron_ingot":22,"minecraft:iron_pickaxe":5,"minecraft:oak_stairs":8,"minecraft:wooden_axe":2,"minecraft:iron_shovel":2,"minecraft:iron_leggings":2,"minecraft:white_bed":3,"minecraft:torch":48,"minecraft:lapis_block":10,"minecraft:shears":1,"minecraft:diamond_chestplate":1},"minecraft:killed_by":{"minecraft:player":1,"minecraft:creeper":1,"minecraft:cave_spider":1,"minecraft:skeleton":1,"minecraft:zombie":1},"minecraft:used":{"minecraft:iron_shovel":14,"minecraft:spruce_slab":222,"minecraft:poppy":1,"minecraft:spruce_planks":286,"minecraft:shield":51,"minecraft:stone":2,"minecraft:iron_sword":214,"minecraft:rotten_flesh":2,"minecraft:torch":55,"minecraft:dirt":107,"minecraft:mutton":15,"minecraft:spruce_stairs":12,"minecraft:golden_shovel":66,"minecraft:granite":6,"minecraft:stripped_spruce_log":38,"minecraft:spruce_boat":1,"minecraft:wooden_axe":45,"minecraft:bricks":1,"minecraft:iron_axe":734,"minecraft:iron_helmet":1,"minecraft:iron_boots":1,"minecraft:barrel":10,"minecraft:stone_bricks":32,"minecraft:beef":15,"minecraft:furnace":4,"minecraft:oak_sapling":1,"minecraft:cooked_beef":6,"minecraft:potato":198,"minecraft:cobbled_deepslate":142,"minecraft:acacia_planks":1,"minecraft:pointed_dripstone":1,"minecraft:iron_leggings":1,"minecraft:water_bucket":8,"minecraft:spruce_door":4,"minecraft:oak_planks":36,"minecraft:stone_pickaxe":32,"minecraft:baked_potato":36,"minecraft:diamond_axe":1,"minecraft:wooden_pickaxe":29,"minecraft:stonecutter":1,"minecraft:blue_bed":34,"minecraft:sugar_cane":3,"minecraft:white_wool":1,"minecraft:salmon":1,"minecraft:glow_berries":2,"minecraft:oak_slab":284,"minecraft:crafting_table":17,"minecraft:white_bed":6,"minecraft:dripstone_block":4,"minecraft:smoker":2,"minecraft:dark_oak_door":4,"minecraft:spruce_log":219,"minecraft:diamond_pickaxe":1165,"minecraft:wind_charge":1,"minecraft:bread":1,"minecraft:string":3,"minecraft:iron_pickaxe":620,"minecraft:suspicious_stew":3,"minecraft:spruce_sapling":68,"minecraft:stone_axe":210,"minecraft:diamond_sword":39,"minecraft:cobblestone":20,"minecraft:cooked_porkchop":31,"minecraft:bucket":9,"minecraft:yellow_bed":2,"minecraft:dandelion":2,"minecraft:bone_meal":45},"minecraft:broken":{"minecraft:shield":1,"minecraft:iron_axe":3,"minecraft:stone_axe":1,"minecraft:iron_pickaxe":1},"minecraft:picked_up":{"minecraft:wooden_axe":1,"minecraft:crafting_table":12,"minecraft:iron_chestplate":1,"minecraft:lead":2,"minecraft:wooden_pickaxe":1,"minecraft:brick":18,"minecraft:shield":2,"minecraft:string":27,"minecraft:iron_axe":3,"minecraft:raw_copper":58,"minecraft:iron_leggings":3,"minecraft:gold_nugget":42,"minecraft:cobbled_deepslate":412,"minecraft:smooth_stone":2,"minecraft:spruce_planks":21,"minecraft:beef":62,"minecraft:trial_key":1,"minecraft:poppy":28,"minecraft:iron_pickaxe":4,"minecraft:spruce_slab":156,"minecraft:sugar_cane":97,"minecraft:birch_sapling":2,"minecraft:iron_boots":1,"minecraft:furnace":6,"minecraft:dark_oak_door":3,"minecraft:tipped_arrow":2,"minecraft:stick":33,"minecraft:raw_iron":174,"minecraft:stone":128,"minecraft:oak_door":3,"minecraft:oak_fence":6,"minecraft:torch":12,"minecraft:spruce_stairs":4,"minecraft:porkchop":61,"minecraft:cherry_log":58,"minecraft:pointed_dripstone":20,"minecraft:diorite":3,"minecraft:carrot":1,"minecraft:redstone":100,"minecraft:rotten_flesh":40,"minecraft:arrow":20,"minecraft:hay_block":37,"minecraft:iron_block":1,"minecraft:tuff_bricks":1,"minecraft:mutton":17,"minecraft:glow_berries":20,"minecraft:rail":12,"minecraft:white_wool":10,"minecraft:cobblestone":477,"minecraft:birch_log":6,"minecraft:cooked_beef":6,"minecraft:salmon":1,"minecraft:leather":41,"minecraft:smoker":3,"minecraft:waxed_copper_block":1,"minecraft:potato":450,"minecraft:flint":2,"minecraft:tuff":63,"minecraft:oak_log":321,"minecraft:lapis_lazuli":153,"minecraft:yellow_bed":2,"minecraft:blue_bed":32,"minecraft:dirt":134,"minecraft:bone":29,"minecraft:acacia_planks":20,"minecraft:apple":4,"minecraft:stonecutter":1,"minecraft:wheat_seeds":7,"minecraft:cooked_chicken":4,"minecraft:raw_gold":29,"minecraft:iron_ingot":21,"minecraft:stone_pickaxe":1,"minecraft:stripped_oak_wood":2,"minecraft:oak_planks":118,"minecraft:iron_sword":6,"minecraft:oak_slab":21,"minecraft:cooked_porkchop":1,"minecraft:polished_tuff":1,"minecraft:gravel":13,"minecraft:dandelion":4,"minecraft:dripstone_block":12,"minecraft:poisonous_potato":1,"minecraft:sand":6,"minecraft:amethyst_shard":8,"minecraft:barrel":4,"minecraft:stripped_spruce_log":38,"minecraft:spruce_sapling":98,"minecraft:white_bed":6,"minecraft:spruce_log":526,"minecraft:spider_eye":2,"minecraft:dark_oak_log":3,"minecraft:spruce_door":1,"minecraft:diamond":154,"minecraft:breeze_rod":2,"minecraft:emerald":4,"minecraft:iron_helmet":2,"minecraft:bricks":1,"minecraft:granite":11,"minecraft:cherry_sapling":2,"minecraft:gray_wool":1,"minecraft:bread":4,"minecraft:baked_potato":10,"minecraft:netherrack":5,"minecraft:oak_sapling":4,"minecraft:black_wool":1,"minecraft:coal":389,"minecraft:sunflower":4}},"DataVersion":3953}