{"stats":{"minecraft:dropped":{"minecraft:iron_sword":2,"minecraft:lapis_lazuli":4,"minecraft:cooked_beef":3,"minecraft:oak_log":16,"minecraft:baked_potato":1,"minecraft:diamond":160,"minecraft:cooked_porkchop":1,"minecraft:flint":1,"minecraft:dirt":2,"minecraft:black_shulker_box":1,"minecraft:gold_nugget":5,"minecraft:iron_pickaxe":2,"minecraft:oak_door":1,"minecraft:gravel":13,"minecraft:blackstone":64,"minecraft:sugar_cane":30,"minecraft:ancient_debris":2,"minecraft:lever":1,"minecraft:cobbled_deepslate":12,"minecraft:rotten_flesh":36,"minecraft:leather_boots":1,"minecraft:arrow":3,"minecraft:beef":3,"minecraft:netherrack":712,"minecraft:enchanted_book":2,"minecraft:iron_ingot":2,"minecraft:wheat_seeds":8,"minecraft:poisonous_potato":2,"minecraft:feather":2,"minecraft:iron_helmet":1,"minecraft:cobblestone":109,"minecraft:granite":37,"minecraft:coal":9,"minecraft:iron_block":1,"minecraft:wooden_axe":3,"minecraft:iron_leggings":3,"minecraft:iron_axe":2,"minecraft:string":2,"minecraft:iron_boots":1,"minecraft:diamond_sword":1,"minecraft:shield":1,"minecraft:diamond_chestplate":1,"minecraft:diamond_pickaxe":3,"minecraft:iron_chestplate":1,"minecraft:andesite":4,"minecraft:oak_sapling":1,"minecraft:spider_eye":1,"minecraft:stone_pickaxe":2,"minecraft:wooden_pickaxe":3},"minecraft:picked_up":{"minecraft:wooden_axe":1,"minecraft:iron_chestplate":3,"minecraft:wheat":42,"minecraft:anvil":1,"minecraft:lead":2,"minecraft:diamond_sword":3,"minecraft:enchanted_book":1,"minecraft:golden_shovel":2,"minecraft:polished_deepslate":2,"minecraft:string":32,"minecraft:raw_copper":58,"minecraft:iron_leggings":5,"minecraft:netherite_ingot":4,"minecraft:black_shulker_box":1,"minecraft:diamond_leggings":3,"minecraft:cobbled_deepslate":1571,"minecraft:gold_nugget":87,"minecraft:smooth_stone":3,"minecraft:spruce_planks":22,"minecraft:trial_key":1,"minecraft:iron_pickaxe":21,"minecraft:furnace":11,"minecraft:iron_boots":5,"minecraft:dark_oak_door":3,"minecraft:tipped_arrow":7,"minecraft:stick":51,"minecraft:oak_fence":6,"minecraft:torch":13,"minecraft:spruce_stairs":4,"minecraft:porkchop":61,"minecraft:cherry_log":58,"minecraft:pointed_dripstone":20,"minecraft:diorite":137,"minecraft:rotten_flesh":182,"minecraft:iron_block":10,"minecraft:white_terracotta":2,"minecraft:obsidian":64,"minecraft:cobblestone":1291,"minecraft:birch_log":7,"minecraft:magma_block":5,"minecraft:feather":2,"minecraft:cooked_beef":6,"minecraft:andesite":188,"minecraft:smoker":3,"minecraft:potato":501,"minecraft:flint":14,"minecraft:tuff":110,"minecraft:dirt":192,"minecraft:lapis_lazuli":578,"minecraft:lantern":1,"minecraft:leather_boots":1,"minecraft:bone":49,"minecraft:acacia_planks":20,"minecraft:stonecutter":1,"minecraft:wheat_seeds":8,"minecraft:raw_gold":223,"minecraft:diamond_helmet":2,"minecraft:oak_planks":134,"minecraft:cooked_porkchop":1,"minecraft:poisonous_potato":3,"minecraft:sand":8,"minecraft:stripped_spruce_log":38,"minecraft:dark_oak_log":3,"minecraft:barrel":4,"minecraft:diamond":576,"minecraft:granite":125,"minecraft:breeze_rod":13,"minecraft:bread":259,"minecraft:emerald":4,"minecraft:oak_sapling":4,"minecraft:netherrack":2887,"minecraft:bricks":6,"minecraft:diamond_pickaxe":6,"minecraft:crafting_table":21,"minecraft:chicken":1,"minecraft:wooden_pickaxe":1,"minecraft:gold_block":1,"minecraft:brick":18,"minecraft:shield":3,"minecraft:wind_charge":3,"minecraft:iron_axe":3,"minecraft:iron_shovel":8,"minecraft:blackstone":117,"minecraft:beef":62,"minecraft:poppy":28,"minecraft:spruce_slab":156,"minecraft:sugar_cane":161,"minecraft:chest":2,"minecraft:birch_sapling":2,"minecraft:phantom_membrane":3,"minecraft:raw_iron":890,"minecraft:stone":128,"minecraft:oak_door":4,"minecraft:carrot":1,"minecraft:redstone":182,"minecraft:arrow":40,"minecraft:diamond_chestplate":4,"minecraft:diamond_boots":2,"minecraft:hay_block":37,"minecraft:cracked_deepslate_bricks":1,"minecraft:tuff_bricks":2,"minecraft:glow_berries":20,"minecraft:mutton":27,"minecraft:white_wool":13,"minecraft:rail":12,"minecraft:salmon":1,"minecraft:leather":45,"minecraft:oak_log":373,"minecraft:waxed_copper_block":1,"minecraft:ancient_debris":102,"minecraft:yellow_bed":3,"minecraft:blue_bed":35,"minecraft:apple":8,"minecraft:iron_ingot":50,"minecraft:stone_pickaxe":1,"minecraft:cooked_chicken":4,"minecraft:stripped_oak_wood":2,"minecraft:iron_sword":8,"minecraft:oak_slab":21,"minecraft:smooth_basalt":2,"minecraft:quartz":59,"minecraft:dandelion":52,"minecraft:dripstone_block":12,"minecraft:gravel":29,"minecraft:blast_furnace":2,"minecraft:amethyst_shard":48,"minecraft:spruce_sapling":100,"minecraft:white_bed":9,"minecraft:spruce_log":528,"minecraft:polished_tuff":1,"minecraft:spruce_door":1,"minecraft:green_carpet":1,"minecraft:spider_eye":3,"minecraft:iron_helmet":7,"minecraft:diamond_axe":1,"minecraft:cherry_sapling":2,"minecraft:gray_wool":1,"minecraft:damaged_anvil":2,"minecraft:baked_potato":40,"minecraft:black_wool":1,"minecraft:coal":1461,"minecraft:sunflower":4},"minecraft:killed_by":{"minecraft:creeper":2,"minecraft:cave_spider":1,"minecraft:zombie":19,"minecraft:husk":1,"minecraft:player":6,"minecraft:skeleton":1},"minecraft:mined":{"minecraft:spruce_planks":11,"minecraft:white_bed":8,"minecraft:cherry_log":59,"minecraft:obsidian":69,"minecraft:granite":120,"minecraft:grass_block":69,"minecraft:tuff_bricks":1,"minecraft:spawner":1,"minecraft:smooth_stone":3,"minecraft:tall_seagrass":1,"minecraft:magma_block":5,"minecraft:fire":55,"minecraft:barrel":4,"minecraft:iron_ore":316,"minecraft:cobbled_deepslate":15,"minecraft:deepslate_lapis_ore":30,"minecraft:anvil":1,"minecraft:pointed_dripstone":3,"minecraft:cave_vines":1,"minecraft:dirt_path":18,"minecraft:green_carpet":1,"minecraft:pink_tulip":1,"minecraft:iron_block":5,"minecraft:spruce_slab":35,"minecraft:tripwire":1,"minecraft:deepslate_redstone_ore":34,"minecraft:blackstone":117,"minecraft:smoker":2,"minecraft:amethyst_cluster":6,"minecraft:blast_furnace":2,"minecraft:nether_quartz_ore":21,"minecraft:cobblestone":19,"minecraft:sugar_cane":1,"minecraft:oak_planks":118,"minecraft:damaged_anvil":2,"minecraft:bricks":6,"minecraft:wall_torch":4,"minecraft:deepslate_copper_ore":1,"minecraft:white_terracotta":2,"minecraft:dark_oak_door":3,"minecraft:birch_log":7,"minecraft:stripped_oak_wood":2,"minecraft:oak_log":104,"minecraft:sand":6,"minecraft:dirt":67,"minecraft:smooth_basalt":2,"minecraft:ancient_debris":105,"minecraft:stonecutter":1,"minecraft:netherrack":3459,"minecraft:oak_leaves":21,"minecraft:deepslate":1425,"minecraft:nether_gold_ore":17,"minecraft:diamond_ore":11,"minecraft:tuff":103,"minecraft:deepslate_diamond_ore":299,"minecraft:dark_oak_log":3,"minecraft:decorated_pot":4,"minecraft:redstone_wire":2,"minecraft:spruce_leaves":31,"minecraft:hay_block":26,"minecraft:furnace":6,"minecraft:spruce_sapling":57,"minecraft:andesite":227,"minecraft:stripped_spruce_log":38,"minecraft:polished_deepslate":2,"minecraft:potatoes":122,"minecraft:deepslate_iron_ore":136,"minecraft:lantern":1,"minecraft:stone":1246,"minecraft:oak_slab":21,"minecraft:dandelion":2,"minecraft:spruce_door":1,"minecraft:oak_fence":6,"minecraft:crafting_table":20,"minecraft:short_grass":45,"minecraft:copper_ore":16,"minecraft:tall_grass":31,"minecraft:deepslate_coal_ore":25,"minecraft:lapis_ore":19,"minecraft:deepslate_gold_ore":40,"minecraft:blue_bed":34,"minecraft:diorite":161,"minecraft:spruce_stairs":4,"minecraft:spruce_log":346,"minecraft:birch_leaves":14,"minecraft:yellow_bed":3,"minecraft:coal_ore":673,"minecraft:cherry_leaves":8,"minecraft:sunflower":4,"minecraft:gravel":41,"minecraft:dripstone_block":13,"minecraft:cobweb":25,"minecraft:gold_ore":34,"minecraft:infested_stone":1},"minecraft:killed":{"minecraft:spider":7,"minecraft:skeleton":16,"minecraft:chicken":1,"minecraft:silverfish":2,"minecraft:piglin":2,"minecraft:pig":19,"minecraft:zombie_villager":1,"minecraft:salmon":1,"minecraft:iron_golem":3,"minecraft:creeper":3,"minecraft:sheep":12,"minecraft:trader_llama":2,"minecraft:zombie":47,"minecraft:stray":14,"minecraft:cow":15,"minecraft:horse":1,"minecraft:drowned":1,"minecraft:husk":8,"minecraft:breeze":8,"minecraft:villager":10},"minecraft:custom":{"minecraft:interact_with_crafting_table":110,"minecraft:open_barrel":22,"minecraft:open_shulker_box":1,"minecraft:eat_cake_slice":1,"minecraft:leave_game":10,"minecraft:time_since_death":2481,"minecraft:damage_resisted":6,"minecraft:sprint_one_cm":1033119,"minecraft:damage_blocked_by_shield":10103,"minecraft:drop":103,"minecraft:talked_to_villager":4,"minecraft:play_time":861803,"minecraft:deaths":32,"minecraft:jump":11510,"minecraft:walk_on_water_one_cm":200032,"minecraft:enchant_item":7,"minecraft:interact_with_furnace":83,"minecraft:sleep_in_bed":21,"minecraft:open_enderchest":18,"minecraft:damage_dealt":32311,"minecraft:player_kills":2,"minecraft:crouch_one_cm":110083,"minecraft:interact_with_smoker":41,"minecraft:use_cauldron":2,"minecraft:inspect_dispenser":1,"minecraft:mob_kills":178,"minecraft:interact_with_anvil":13,"minecraft:damage_dealt_resisted":617,"minecraft:climb_one_cm":17589,"minecraft:walk_one_cm":1953639,"minecraft:sneak_time":39388,"minecraft:walk_under_water_one_cm":124234,"minecraft:boat_one_cm":225869,"minecraft:interact_with_blast_furnace":16,"minecraft:total_world_time":861803,"minecraft:interact_with_stonecutter":1,"minecraft:time_since_rest":2528,"minecraft:damage_taken":20774,"minecraft:swim_one_cm":661981,"minecraft:fly_one_cm":1581790,"minecraft:open_chest":402,"minecraft:fall_one_cm":199326},"minecraft:crafted":{"minecraft:oak_planks":264,"minecraft:barrel":6,"minecraft:stone":208,"minecraft:lever":1,"minecraft:dark_oak_door":3,"minecraft:diamond_helmet":2,"minecraft:diamond_leggings":2,"minecraft:iron_boots":3,"minecraft:chest":7,"minecraft:netherite_upgrade_smithing_template":38,"minecraft:raw_iron_block":59,"minecraft:smoker":1,"minecraft:oak_slab":372,"minecraft:cooked_porkchop":31,"minecraft:diamond_axe":1,"minecraft:crafting_table":9,"minecraft:spruce_planks":652,"minecraft:wooden_pickaxe":2,"minecraft:baked_potato":250,"minecraft:iron_helmet":3,"minecraft:raw_gold_block":10,"minecraft:spruce_door":3,"minecraft:birch_planks":4,"minecraft:tnt":1,"minecraft:iron_chestplate":3,"minecraft:diamond_pickaxe":2,"minecraft:shield":7,"minecraft:stick":76,"minecraft:iron_ingot":89,"minecraft:iron_pickaxe":10,"minecraft:iron_block":3,"minecraft:gold_ingot":16,"minecraft:netherite_ingot":4,"minecraft:shears":1,"minecraft:raw_iron":189,"minecraft:coal":288,"minecraft:furnace":4,"minecraft:bone_meal":45,"minecraft:diamond_block":41,"minecraft:flint_and_steel":1,"minecraft:diamond":279,"minecraft:spruce_stairs":12,"minecraft:iron_axe":4,"minecraft:spruce_slab":576,"minecraft:stone_pickaxe":2,"minecraft:diamond_boots":2,"minecraft:spruce_boat":1,"minecraft:redstone_block":17,"minecraft:netherite_scrap":72,"minecraft:dark_oak_planks":12,"minecraft:wheat":234,"minecraft:cooked_beef":7,"minecraft:coal_block":107,"minecraft:diamond_sword":2,"minecraft:iron_sword":2,"minecraft:bucket":1,"minecraft:stone_axe":3,"minecraft:air":0,"minecraft:bread":78,"minecraft:white_wool":6,"minecraft:raw_gold":90,"minecraft:oak_stairs":8,"minecraft:wooden_axe":2,"minecraft:iron_shovel":2,"minecraft:iron_leggings":2,"minecraft:anvil":1,"minecraft:white_bed":4,"minecraft:torch":64,"minecraft:lapis_lazuli":171,"minecraft:lapis_block":51,"minecraft:diamond_chestplate":2},"minecraft:used":{"minecraft:tuff_bricks":1,"minecraft:iron_shovel":34,"minecraft:polished_deepslate":2,"minecraft:spruce_slab":222,"minecraft:poppy":1,"minecraft:chest":9,"minecraft:shield":124,"minecraft:white_terracotta":1,"minecraft:stone":2,"minecraft:iron_sword":344,"minecraft:rotten_flesh":2,"minecraft:iron_chestplate":2,"minecraft:mutton":16,"minecraft:tuff":3,"minecraft:stripped_spruce_log":38,"minecraft:spruce_boat":1,"minecraft:lava_bucket":1,"minecraft:bricks":6,"minecraft:lantern":1,"minecraft:iron_helmet":4,"minecraft:stone_bricks":32,"minecraft:furnace":10,"minecraft:oak_sapling":1,"minecraft:potato":225,"minecraft:diorite":43,"minecraft:damaged_anvil":1,"minecraft:diamond_boots":1,"minecraft:spruce_door":4,"minecraft:stone_pickaxe":32,"minecraft:oak_planks":36,"minecraft:wooden_pickaxe":29,"minecraft:blue_bed":37,"minecraft:diamond_axe":17,"minecraft:sugar_cane":3,"minecraft:white_wool":1,"minecraft:glow_berries":2,"minecraft:sand":3,"minecraft:blast_furnace":2,"minecraft:dripstone_block":4,"minecraft:bread":44,"minecraft:string":5,"minecraft:gravel":13,"minecraft:diamond_sword":153,"minecraft:andesite":31,"minecraft:bone_meal":45,"minecraft:flint_and_steel":2,"minecraft:redstone":2,"minecraft:spruce_planks":287,"minecraft:netherrack":714,"minecraft:trial_key":1,"minecraft:torch":60,"minecraft:dirt":149,"minecraft:anvil":2,"minecraft:spruce_stairs":12,"minecraft:diamond_helmet":2,"minecraft:golden_shovel":95,"minecraft:granite":41,"minecraft:wooden_axe":45,"minecraft:iron_block":4,"minecraft:iron_axe":734,"minecraft:iron_boots":3,"minecraft:barrel":10,"minecraft:diamond_chestplate":3,"minecraft:beef":15,"minecraft:acacia_planks":1,"minecraft:cooked_beef":6,"minecraft:cobbled_deepslate":325,"minecraft:iron_leggings":3,"minecraft:pointed_dripstone":1,"minecraft:water_bucket":27,"minecraft:baked_potato":107,"minecraft:stonecutter":1,"minecraft:salmon":1,"minecraft:tnt":1,"minecraft:oak_slab":284,"minecraft:crafting_table":26,"minecraft:white_bed":10,"minecraft:smoker":4,"minecraft:cake":1,"minecraft:spruce_log":219,"minecraft:dark_oak_door":4,"minecraft:diamond_pickaxe":6841,"minecraft:apple":2,"minecraft:wind_charge":4,"minecraft:chicken":1,"minecraft:suspicious_stew":3,"minecraft:iron_pickaxe":1977,"minecraft:spruce_sapling":70,"minecraft:stone_axe":210,"minecraft:cobblestone":160,"minecraft:cooked_porkchop":31,"minecraft:bucket":29,"minecraft:yellow_bed":3,"minecraft:dandelion":30,"minecraft:smooth_stone":1,"minecraft:diamond_leggings":2},"minecraft:broken":{"minecraft:stone_axe":1,"minecraft:shield":2,"minecraft:iron_axe":3,"minecraft:iron_pickaxe":4}},"DataVersion":3953}