{"stats":{"minecraft:killed":{"minecraft:spider":5,"minecraft:skeleton":11,"minecraft:chicken":1,"minecraft:piglin":1,"minecraft:pig":19,"minecraft:zombie_villager":1,"minecraft:salmon":1,"minecraft:iron_golem":3,"minecraft:creeper":2,"minecraft:sheep":12,"minecraft:trader_llama":2,"minecraft:zombie":31,"minecraft:stray":14,"minecraft:cow":15,"minecraft:drowned":1,"minecraft:husk":8,"minecraft:breeze":8,"minecraft:villager":10},"minecraft:dropped":{"minecraft:iron_sword":2,"minecraft:cooked_beef":3,"minecraft:oak_log":16,"minecraft:baked_potato":1,"minecraft:cooked_porkchop":1,"minecraft:dirt":2,"minecraft:iron_pickaxe":2,"minecraft:oak_door":1,"minecraft:gravel":13,"minecraft:sugar_cane":30,"minecraft:lever":1,"minecraft:rotten_flesh":30,"minecraft:leather_boots":1,"minecraft:beef":3,"minecraft:iron_ingot":2,"minecraft:wheat_seeds":8,"minecraft:poisonous_potato":2,"minecraft:iron_helmet":1,"minecraft:feather":2,"minecraft:cobblestone":68,"minecraft:granite":11,"minecraft:coal":9,"minecraft:wooden_axe":3,"minecraft:iron_leggings":3,"minecraft:iron_axe":2,"minecraft:iron_boots":1,"minecraft:shield":1,"minecraft:iron_chestplate":1,"minecraft:andesite":4,"minecraft:oak_sapling":1,"minecraft:spider_eye":1,"minecraft:stone_pickaxe":2,"minecraft:wooden_pickaxe":3},"minecraft:mined":{"minecraft:spruce_planks":11,"minecraft:white_bed":6,"minecraft:cherry_log":59,"minecraft:granite":18,"minecraft:grass_block":69,"minecraft:tuff_bricks":1,"minecraft:spawner":1,"minecraft:smooth_stone":2,"minecraft:tall_seagrass":1,"minecraft:cobbled_deepslate":2,"minecraft:barrel":4,"minecraft:iron_ore":170,"minecraft:fire":51,"minecraft:deepslate_lapis_ore":17,"minecraft:pointed_dripstone":3,"minecraft:cave_vines":1,"minecraft:dirt_path":17,"minecraft:pink_tulip":1,"minecraft:iron_block":1,"minecraft:spruce_slab":35,"minecraft:deepslate_redstone_ore":23,"minecraft:smoker":2,"minecraft:amethyst_cluster":2,"minecraft:cobblestone":4,"minecraft:oak_planks":118,"minecraft:sugar_cane":1,"minecraft:bricks":2,"minecraft:wall_torch":3,"minecraft:dark_oak_door":3,"minecraft:birch_log":7,"minecraft:stripped_oak_wood":2,"minecraft:oak_log":95,"minecraft:sand":6,"minecraft:dirt":40,"minecraft:stonecutter":1,"minecraft:netherrack":3,"minecraft:deepslate":453,"minecraft:oak_leaves":21,"minecraft:nether_gold_ore":11,"minecraft:diamond_ore":10,"minecraft:tuff":57,"minecraft:deepslate_diamond_ore":116,"minecraft:dark_oak_log":3,"minecraft:decorated_pot":4,"minecraft:spruce_leaves":31,"minecraft:hay_block":26,"minecraft:furnace":2,"minecraft:spruce_sapling":55,"minecraft:andesite":43,"minecraft:stripped_spruce_log":38,"minecraft:potatoes":122,"minecraft:deepslate_iron_ore":85,"minecraft:stone":821,"minecraft:oak_slab":21,"minecraft:spruce_door":1,"minecraft:oak_fence":6,"minecraft:crafting_table":12,"minecraft:short_grass":44,"minecraft:tall_grass":27,"minecraft:copper_ore":16,"minecraft:deepslate_coal_ore":25,"minecraft:deepslate_gold_ore":21,"minecraft:lapis_ore":1,"minecraft:diorite":29,"minecraft:blue_bed":33,"minecraft:spruce_stairs":4,"minecraft:spruce_log":346,"minecraft:birch_leaves":14,"minecraft:yellow_bed":3,"minecraft:coal_ore":252,"minecraft:cherry_leaves":8,"minecraft:gravel":20,"minecraft:sunflower":4,"minecraft:dripstone_block":9,"minecraft:cobweb":25,"minecraft:gold_ore":28},"minecraft:custom":{"minecraft:interact_with_crafting_table":77,"minecraft:open_barrel":15,"minecraft:eat_cake_slice":1,"minecraft:leave_game":5,"minecraft:time_since_death":27807,"minecraft:damage_resisted":6,"minecraft:sprint_one_cm":724522,"minecraft:damage_blocked_by_shield":8674,"minecraft:drop":56,"minecraft:talked_to_villager":3,"minecraft:play_time":501508,"minecraft:deaths":10,"minecraft:jump":8021,"minecraft:walk_on_water_one_cm":134037,"minecraft:enchant_item":7,"minecraft:interact_with_furnace":74,"minecraft:sleep_in_bed":18,"minecraft:damage_dealt":26737,"minecraft:player_kills":2,"minecraft:crouch_one_cm":86998,"minecraft:interact_with_smoker":29,"minecraft:inspect_dispenser":1,"minecraft:mob_kills":150,"minecraft:interact_with_anvil":2,"minecraft:damage_dealt_resisted":617,"minecraft:climb_one_cm":12071,"minecraft:walk_one_cm":1000871,"minecraft:sneak_time":27275,"minecraft:walk_under_water_one_cm":91431,"minecraft:boat_one_cm":225869,"minecraft:interact_with_blast_furnace":1,"minecraft:total_world_time":501508,"minecraft:interact_with_stonecutter":1,"minecraft:time_since_rest":27879,"minecraft:damage_taken":10904,"minecraft:fly_one_cm":1269066,"minecraft:swim_one_cm":403985,"minecraft:open_chest":273,"minecraft:fall_one_cm":167045},"minecraft:crafted":{"minecraft:oak_planks":112,"minecraft:barrel":6,"minecraft:stone":208,"minecraft:lever":1,"minecraft:dark_oak_door":3,"minecraft:diamond_helmet":1,"minecraft:diamond_leggings":1,"minecraft:iron_boots":3,"minecraft:chest":2,"minecraft:raw_iron_block":10,"minecraft:oak_slab":372,"minecraft:cooked_porkchop":31,"minecraft:diamond_axe":1,"minecraft:crafting_table":7,"minecraft:spruce_planks":652,"minecraft:wooden_pickaxe":2,"minecraft:baked_potato":120,"minecraft:iron_helmet":3,"minecraft:spruce_door":3,"minecraft:birch_planks":4,"minecraft:iron_chestplate":3,"minecraft:diamond_pickaxe":1,"minecraft:shield":5,"minecraft:stick":68,"minecraft:iron_ingot":53,"minecraft:iron_pickaxe":8,"minecraft:iron_block":3,"minecraft:shears":1,"minecraft:furnace":3,"minecraft:bone_meal":45,"minecraft:spruce_stairs":12,"minecraft:iron_axe":4,"minecraft:spruce_slab":576,"minecraft:stone_pickaxe":2,"minecraft:diamond_boots":1,"minecraft:spruce_boat":1,"minecraft:redstone_block":11,"minecraft:dark_oak_planks":12,"minecraft:wheat":234,"minecraft:cooked_beef":7,"minecraft:coal_block":2,"minecraft:diamond_sword":1,"minecraft:iron_sword":2,"minecraft:stone_axe":3,"minecraft:air":0,"minecraft:bread":78,"minecraft:white_wool":6,"minecraft:wooden_axe":2,"minecraft:oak_stairs":8,"minecraft:iron_shovel":2,"minecraft:iron_leggings":2,"minecraft:anvil":1,"minecraft:white_bed":4,"minecraft:torch":48,"minecraft:lapis_block":10,"minecraft:diamond_chestplate":1},"minecraft:killed_by":{"minecraft:creeper":2,"minecraft:cave_spider":1,"minecraft:zombie":1,"minecraft:husk":1,"minecraft:player":2,"minecraft:skeleton":1},"minecraft:used":{"minecraft:tuff_bricks":1,"minecraft:iron_shovel":27,"minecraft:spruce_slab":222,"minecraft:poppy":1,"minecraft:chest":2,"minecraft:shield":111,"minecraft:stone":2,"minecraft:iron_sword":282,"minecraft:rotten_flesh":2,"minecraft:iron_chestplate":1,"minecraft:mutton":16,"minecraft:stripped_spruce_log":38,"minecraft:spruce_boat":1,"minecraft:bricks":2,"minecraft:iron_helmet":2,"minecraft:stone_bricks":32,"minecraft:oak_sapling":1,"minecraft:furnace":5,"minecraft:potato":201,"minecraft:diorite":2,"minecraft:spruce_door":4,"minecraft:stone_pickaxe":32,"minecraft:oak_planks":36,"minecraft:wooden_pickaxe":29,"minecraft:blue_bed":36,"minecraft:diamond_axe":3,"minecraft:sugar_cane":3,"minecraft:white_wool":1,"minecraft:glow_berries":2,"minecraft:dripstone_block":4,"minecraft:bread":35,"minecraft:string":5,"minecraft:gravel":6,"minecraft:diamond_sword":103,"minecraft:bone_meal":45,"minecraft:spruce_planks":286,"minecraft:trial_key":1,"minecraft:torch":55,"minecraft:dirt":134,"minecraft:anvil":1,"minecraft:spruce_stairs":12,"minecraft:golden_shovel":66,"minecraft:granite":7,"minecraft:wooden_axe":45,"minecraft:iron_axe":734,"minecraft:iron_boots":2,"minecraft:barrel":10,"minecraft:beef":15,"minecraft:cobbled_deepslate":155,"minecraft:cooked_beef":6,"minecraft:acacia_planks":1,"minecraft:iron_leggings":2,"minecraft:pointed_dripstone":1,"minecraft:water_bucket":9,"minecraft:baked_potato":58,"minecraft:stonecutter":1,"minecraft:salmon":1,"minecraft:oak_slab":284,"minecraft:crafting_table":19,"minecraft:white_bed":8,"minecraft:spruce_log":219,"minecraft:cake":1,"minecraft:smoker":2,"minecraft:dark_oak_door":4,"minecraft:diamond_pickaxe":1170,"minecraft:apple":1,"minecraft:wind_charge":4,"minecraft:chicken":1,"minecraft:suspicious_stew":3,"minecraft:iron_pickaxe":1040,"minecraft:spruce_sapling":68,"minecraft:stone_axe":210,"minecraft:cobblestone":76,"minecraft:cooked_porkchop":31,"minecraft:bucket":9,"minecraft:yellow_bed":3,"minecraft:dandelion":2},"minecraft:broken":{"minecraft:stone_axe":1,"minecraft:shield":1,"minecraft:iron_axe":3,"minecraft:iron_pickaxe":2},"minecraft:picked_up":{"minecraft:wooden_axe":1,"minecraft:iron_chestplate":2,"minecraft:wheat":42,"minecraft:lead":2,"minecraft:string":29,"minecraft:raw_copper":58,"minecraft:iron_leggings":4,"minecraft:cobbled_deepslate":465,"minecraft:gold_nugget":42,"minecraft:smooth_stone":2,"minecraft:spruce_planks":21,"minecraft:trial_key":1,"minecraft:iron_pickaxe":7,"minecraft:iron_boots":2,"minecraft:furnace":6,"minecraft:dark_oak_door":3,"minecraft:tipped_arrow":7,"minecraft:stick":43,"minecraft:oak_fence":6,"minecraft:torch":12,"minecraft:spruce_stairs":4,"minecraft:porkchop":61,"minecraft:cherry_log":58,"minecraft:pointed_dripstone":20,"minecraft:diorite":5,"minecraft:rotten_flesh":91,"minecraft:iron_block":1,"minecraft:cobblestone":696,"minecraft:birch_log":7,"minecraft:feather":2,"minecraft:cooked_beef":6,"minecraft:andesite":4,"minecraft:smoker":3,"minecraft:potato":486,"minecraft:flint":3,"minecraft:tuff":64,"minecraft:dirt":161,"minecraft:lapis_lazuli":175,"minecraft:leather_boots":1,"minecraft:bone":43,"minecraft:acacia_planks":20,"minecraft:stonecutter":1,"minecraft:wheat_seeds":8,"minecraft:raw_gold":111,"minecraft:oak_planks":118,"minecraft:cooked_porkchop":1,"minecraft:poisonous_potato":3,"minecraft:sand":6,"minecraft:stripped_spruce_log":38,"minecraft:dark_oak_log":3,"minecraft:barrel":4,"minecraft:diamond":160,"minecraft:breeze_rod":13,"minecraft:granite":23,"minecraft:emerald":4,"minecraft:bread":49,"minecraft:oak_sapling":4,"minecraft:netherrack":5,"minecraft:bricks":2,"minecraft:crafting_table":13,"minecraft:chicken":1,"minecraft:wooden_pickaxe":1,"minecraft:shield":3,"minecraft:brick":18,"minecraft:wind_charge":3,"minecraft:iron_axe":3,"minecraft:iron_shovel":2,"minecraft:beef":62,"minecraft:poppy":28,"minecraft:spruce_slab":156,"minecraft:sugar_cane":97,"minecraft:birch_sapling":2,"minecraft:raw_iron":375,"minecraft:stone":128,"minecraft:oak_door":4,"minecraft:carrot":1,"minecraft:redstone":114,"minecraft:arrow":35,"minecraft:hay_block":37,"minecraft:tuff_bricks":2,"minecraft:glow_berries":20,"minecraft:mutton":24,"minecraft:rail":12,"minecraft:white_wool":13,"minecraft:salmon":1,"minecraft:leather":41,"minecraft:oak_log":330,"minecraft:waxed_copper_block":1,"minecraft:yellow_bed":3,"minecraft:blue_bed":34,"minecraft:apple":7,"minecraft:iron_ingot":26,"minecraft:stone_pickaxe":1,"minecraft:cooked_chicken":4,"minecraft:stripped_oak_wood":2,"minecraft:iron_sword":7,"minecraft:oak_slab":21,"minecraft:dandelion":4,"minecraft:dripstone_block":12,"minecraft:gravel":19,"minecraft:amethyst_shard":8,"minecraft:spruce_sapling":98,"minecraft:white_bed":7,"minecraft:spruce_log":528,"minecraft:spider_eye":3,"minecraft:spruce_door":1,"minecraft:polished_tuff":1,"minecraft:iron_helmet":3,"minecraft:cherry_sapling":2,"minecraft:gray_wool":1,"minecraft:baked_potato":11,"minecraft:black_wool":1,"minecraft:coal":458,"minecraft:sunflower":4}},"DataVersion":3953}