{"stats":{"minecraft:killed":{"minecraft:sheep":3,"minecraft:pig":9},"minecraft:crafted":{"minecraft:cobblestone":3,"notreepunching:plant_string":1},"minecraft:killed_by":{"minecraft:creeper":1},"minecraft:picked_up":{"notreepunching:flint_shard":5,"minecraft:porkchop":15,"minecraft:gravel":7,"minecraft:flint":1,"notreepunching:andesite_loose_rock":2,"minecraft:string":1,"minecraft:dirt":3,"notreepunching:flint_knife":1,"minecraft:wheat_seeds":1,"minecraft:iron_ingot":3,"notreepunching:stone_loose_rock":15,"minecraft:bread":10,"notreepunching:plant_fiber":4,"minecraft:oak_sapling":1,"minecraft:mutton":4,"minecraft:iron_sword":1,"minecraft:white_wool":3,"notreepunching:flint_axe":1},"minecraft:mined":{"minecraft:seagrass":1,"minecraft:fire":1,"minecraft:grass":12,"minecraft:grass_block":2,"notreepunching:stone_loose_rock":10,"minecraft:gravel":8,"minecraft:dirt":1,"minecraft:cobweb":1,"minecraft:oak_leaves":31},"minecraft:used":{"minecraft:wheat_seeds":1,"minecraft:bread":2,"minecraft:gravel":6,"notreepunching:flint_knife":13,"minecraft:golden_sword":10,"minecraft:wooden_sword":8,"minecraft:dirt":2,"minecraft:porkchop":3,"tombstone:gift":2},"minecraft:custom":{"minecraft:time_since_rest":8685,"minecraft:waystone_activated":1,"minecraft:sprint_one_cm":92580,"minecraft:damage_taken":680,"minecraft:walk_one_cm":46788,"minecraft:mob_kills":12,"minecraft:damage_dealt":1149,"minecraft:swim_one_cm":1905,"minecraft:interact_with_crafting_table":2,"minecraft:fly_one_cm":110406,"minecraft:open_barrel":5,"minecraft:open_chest":2,"minecraft:crouch_one_cm":278,"minecraft:play_time":23317,"minecraft:deaths":1,"minecraft:sneak_time":76,"minecraft:walk_under_water_one_cm":3920,"minecraft:damage_dealt_resisted":3,"minecraft:jump":494,"minecraft:leave_game":1,"minecraft:walk_on_water_one_cm":1648,"minecraft:time_since_death":9287,"minecraft:climb_one_cm":935,"minecraft:total_world_time":23317,"minecraft:fall_one_cm":13447}},"DataVersion":3465}