{
  "wd:root": {
    "criteria": {
      "instant": "2024-10-23 15:02:13 +0000"
    },
    "done": true
  },
  "lobby:unlocked/root": {
    "criteria": {
      "skeleton": "2024-10-23 15:02:13 +0000",
      "creeper": "2024-10-23 15:02:13 +0000",
      "golden_ghost": "2024-10-23 15:02:13 +0000",
      "ghost": "2024-10-23 15:02:13 +0000",
      "blaze": "2024-10-23 15:02:13 +0000",
      "zombie": "2024-10-23 15:02:13 +0000",
      "ghast": "2024-10-23 15:02:13 +0000",
      "jack_o_lantern": "2024-10-23 15:02:13 +0000"
    },
    "done": false
  },
  "tot:root": {
    "criteria": {
      "instant": "2024-10-23 15:02:13 +0000"
    },
    "done": true
  },
  "bc:weird_recipes": {
    "criteria": {
      "apple": "2024-10-23 17:05:09 +0000",
      "spider_eye": "2024-10-23 17:06:32 +0000",
      "frog_leg": "2024-10-23 17:07:31 +0000",
      "gold_nugget": "2024-10-23 17:15:10 +0000",
      "pumpkin_seeds": "2024-10-23 17:07:57 +0000",
      "slime_ball": "2024-10-23 17:14:20 +0000",
      "nether_wart": "2024-10-23 17:06:05 +0000",
      "gunpowder": "2024-10-23 17:07:31 +0000",
      "mucus": "2024-10-23 17:05:39 +0000"
    },
    "done": false
  },
  "lobby:unlocked/villager_plains_farmer": {
    "criteria": {
      "requirement": "2024-10-23 15:04:42 +0000"
    },
    "done": true
  },
  "gm:a_new_zombie": {
    "criteria": {
      "impossible": "2024-10-23 15:12:20 +0000"
    },
    "done": true
  },
  "lobby:root": {
    "criteria": {
      "instant": "2024-10-23 15:02:13 +0000"
    },
    "done": true
  },
  "lobby:unlocked/skeleton": {
    "criteria": {
      "requirement": "2024-10-23 15:02:13 +0000"
    },
    "done": true
  },
  "gm:root": {
    "criteria": {
      "instant": "2024-10-23 15:02:13 +0000"
    },
    "done": true
  },
  "lobby:move/horse_brown": {
    "criteria": {
      "impossible": "2024-10-23 15:08:39 +0000"
    },
    "done": true
  },
  "lobby:unlocked/ghast": {
    "criteria": {
      "requirement": "2024-10-23 15:02:13 +0000"
    },
    "done": true
  },
  "pc:small_mistakes": {
    "criteria": {
      "place_filler": "2024-10-23 15:08:17 +0000"
    },
    "done": true
  },
  "lobby:unlocked/jack_o_lantern": {
    "criteria": {
      "requirement": "2024-10-23 15:02:13 +0000"
    },
    "done": true
  },
  "lobby:unlocked/witch": {
    "criteria": {
      "requirement": "2024-10-23 17:05:01 +0000"
    },
    "done": true
  },
  "sr:root": {
    "criteria": {
      "instant": "2024-10-23 15:02:13 +0000"
    },
    "done": true
  },
  "lobby:unlocked/white_pumpkin": {
    "criteria": {
      "requirement": "2024-10-23 15:07:59 +0000"
    },
    "done": true
  },
  "lobby:costume/phantom": {
    "criteria": {
      "impossible2": "2024-10-23 17:04:05 +0000",
      "impossible1": "2024-10-23 15:12:13 +0000",
      "impossible3": "2024-10-23 17:14:05 +0000"
    },
    "done": false
  },
  "lobby:move/horse_white": {
    "criteria": {
      "impossible": "2024-10-23 17:00:09 +0000"
    },
    "done": true
  },
  "lobby:unlocked/horse_brown": {
    "criteria": {
      "requirement": "2024-10-23 15:08:39 +0000"
    },
    "done": true
  },
  "pc:minigame_play": {
    "criteria": {
      "impossible": "2024-10-23 15:07:37 +0000"
    },
    "done": true
  },
  "sg:minigame_play": {
    "criteria": {
      "impossible": "2024-10-23 17:01:51 +0000"
    },
    "done": true
  },
  "lobby:unlocked/creeper": {
    "criteria": {
      "requirement": "2024-10-23 15:02:13 +0000"
    },
    "done": true
  },
  "lobby:creators": {
    "criteria": {
      "requirement": "2024-10-23 15:03:36 +0000"
    },
    "done": true
  },
  "sg:bad_luck_kitty": {
    "criteria": {
      "impossible": "2024-10-23 17:03:31 +0000"
    },
    "done": true
  },
  "lobby:costumes": {
    "criteria": {
      "requirement": "2024-10-23 15:04:42 +0000"
    },
    "done": true
  },
  "lobby:unlocked/blaze": {
    "criteria": {
      "requirement": "2024-10-23 15:02:13 +0000"
    },
    "done": true
  },
  "lobby:unlocked/zombie": {
    "criteria": {
      "requirement": "2024-10-23 15:02:13 +0000"
    },
    "done": true
  },
  "gm:minigame_play": {
    "criteria": {
      "impossible": "2024-10-23 15:12:01 +0000"
    },
    "done": true
  },
  "lobby:unlocked/root_root": {
    "criteria": {
      "tick": "2024-10-23 15:02:13 +0000"
    },
    "done": true
  },
  "lobby:unlocked/horse_white": {
    "criteria": {
      "requirement": "2024-10-23 17:00:09 +0000"
    },
    "done": true
  },
  "bc:root": {
    "criteria": {
      "instant": "2024-10-23 15:02:13 +0000"
    },
    "done": true
  },
  "pc:root": {
    "criteria": {
      "instant": "2024-10-23 15:02:13 +0000"
    },
    "done": true
  },
  "sg:root": {
    "criteria": {
      "instant": "2024-10-23 15:02:13 +0000"
    },
    "done": true
  },
  "lobby:unlocked/ghost": {
    "criteria": {
      "requirement": "2024-10-23 15:02:13 +0000"
    },
    "done": true
  },
  "pc:big_mistakes": {
    "criteria": {
      "impossible": "2024-10-23 15:07:59 +0000"
    },
    "done": true
  },
  "bc:minigame_play": {
    "criteria": {
      "impossible": "2024-10-23 17:05:01 +0000"
    },
    "done": true
  },
  "DataVersion": 3120
}