{
  "wd:root": {
    "criteria": {
      "instant": "2024-10-23 14:04:40 +0000"
    },
    "done": true
  },
  "lobby:unlocked/root": {
    "criteria": {
      "skeleton": "2024-10-23 14:04:40 +0000",
      "creeper": "2024-10-23 14:04:40 +0000",
      "golden_ghost": "2024-10-23 14:04:40 +0000",
      "ghost": "2024-10-23 14:04:40 +0000",
      "blaze": "2024-10-23 14:04:40 +0000",
      "zombie": "2024-10-23 14:04:40 +0000",
      "ghast": "2024-10-23 14:04:40 +0000",
      "jack_o_lantern": "2024-10-23 14:04:40 +0000"
    },
    "done": false
  },
  "tot:root": {
    "criteria": {
      "instant": "2024-10-23 14:04:40 +0000"
    },
    "done": true
  },
  "lobby:unlocked/villager_plains_farmer": {
    "criteria": {
      "requirement": "2024-10-23 14:54:37 +0000"
    },
    "done": true
  },
  "lobby:root": {
    "criteria": {
      "instant": "2024-10-23 14:04:40 +0000"
    },
    "done": true
  },
  "lobby:unlocked/skeleton": {
    "criteria": {
      "requirement": "2024-10-23 14:04:40 +0000"
    },
    "done": true
  },
  "lobby:move/horse_brown": {
    "criteria": {
      "impossible": "2024-10-23 14:49:16 +0000"
    },
    "done": true
  },
  "gm:root": {
    "criteria": {
      "instant": "2024-10-23 14:04:40 +0000"
    },
    "done": true
  },
  "lobby:unlocked/ghast": {
    "criteria": {
      "requirement": "2024-10-23 14:04:40 +0000"
    },
    "done": true
  },
  "pc:small_mistakes": {
    "criteria": {
      "place_filler": "2024-10-23 14:27:56 +0000"
    },
    "done": true
  },
  "lobby:unlocked/jack_o_lantern": {
    "criteria": {
      "requirement": "2024-10-23 14:04:40 +0000"
    },
    "done": true
  },
  "lobby:magic_cabinets": {
    "criteria": {
      "door3": "2024-10-23 14:58:38 +0000",
      "door5": "2024-10-23 14:51:26 +0000"
    },
    "done": false
  },
  "sr:root": {
    "criteria": {
      "instant": "2024-10-23 14:04:40 +0000"
    },
    "done": true
  },
  "lobby:unlocked/vex": {
    "criteria": {
      "requirement": "2024-10-23 14:54:52 +0000"
    },
    "done": true
  },
  "lobby:unlocked/white_pumpkin": {
    "criteria": {
      "requirement": "2024-10-23 14:42:35 +0000"
    },
    "done": true
  },
  "lobby:costume/phantom": {
    "criteria": {
      "impossible5": "2024-10-23 14:54:36 +0000",
      "impossible2": "2024-10-23 14:24:39 +0000",
      "impossible1": "2024-10-23 14:14:39 +0000",
      "impossible4": "2024-10-23 14:44:40 +0000",
      "impossible3": "2024-10-23 14:34:40 +0000"
    },
    "done": true
  },
  "lobby:move/horse_white": {
    "criteria": {
      "impossible": "2024-10-23 15:02:02 +0000"
    },
    "done": true
  },
  "lobby:unlocked/horse_brown": {
    "criteria": {
      "requirement": "2024-10-23 14:49:16 +0000"
    },
    "done": true
  },
  "lobby:lab": {
    "criteria": {
      "requirement": "2024-10-23 14:54:52 +0000"
    },
    "done": true
  },
  "pc:minigame_play": {
    "criteria": {
      "impossible": "2024-10-23 14:27:55 +0000"
    },
    "done": true
  },
  "sg:minigame_play": {
    "criteria": {
      "impossible": "2024-10-23 14:23:23 +0000"
    },
    "done": true
  },
  "lobby:unlocked/creeper": {
    "criteria": {
      "requirement": "2024-10-23 14:04:40 +0000"
    },
    "done": true
  },
  "lobby:creators": {
    "criteria": {
      "requirement": "2024-10-23 14:51:10 +0000"
    },
    "done": true
  },
  "lobby:costumes": {
    "criteria": {
      "requirement": "2024-10-23 14:54:37 +0000"
    },
    "done": true
  },
  "lobby:unlocked/blaze": {
    "criteria": {
      "requirement": "2024-10-23 14:04:40 +0000"
    },
    "done": true
  },
  "lobby:unlocked/zombie": {
    "criteria": {
      "requirement": "2024-10-23 14:04:40 +0000"
    },
    "done": true
  },
  "lobby:unlocked/phantom": {
    "criteria": {
      "requirement": "2024-10-23 14:54:36 +0000"
    },
    "done": true
  },
  "lobby:unlocked/root_root": {
    "criteria": {
      "tick": "2024-10-23 14:04:40 +0000"
    },
    "done": true
  },
  "lobby:unlocked/headless_horseman": {
    "criteria": {
      "requirement": "2024-10-23 14:31:54 +0000"
    },
    "done": true
  },
  "lobby:unlocked/horse_white": {
    "criteria": {
      "requirement": "2024-10-23 15:02:02 +0000"
    },
    "done": true
  },
  "pc:minigame_win": {
    "criteria": {
      "impossible": "2024-10-23 14:31:54 +0000"
    },
    "done": true
  },
  "bc:root": {
    "criteria": {
      "instant": "2024-10-23 14:04:40 +0000"
    },
    "done": true
  },
  "pc:root": {
    "criteria": {
      "instant": "2024-10-23 14:04:40 +0000"
    },
    "done": true
  },
  "sg:root": {
    "criteria": {
      "instant": "2024-10-23 14:04:40 +0000"
    },
    "done": true
  },
  "lobby:costume/once_per_second": {
    "criteria": {
      "impossible": "2024-10-23 14:54:36 +0000"
    },
    "done": true
  },
  "pc:big_mistakes": {
    "criteria": {
      "impossible": "2024-10-23 14:42:35 +0000"
    },
    "done": true
  },
  "lobby:unlocked/ghost": {
    "criteria": {
      "requirement": "2024-10-23 14:04:40 +0000"
    },
    "done": true
  },
  "DataVersion": 3120
}