{
  "lobby:move/horse_black": {
    "criteria": {
      "impossible": "2024-10-23 17:52:33 +0000"
    },
    "done": true
  },
  "wd:root": {
    "criteria": {
      "instant": "2024-10-23 14:04:40 +0000"
    },
    "done": true
  },
  "lobby:unlocked/root": {
    "criteria": {
      "skeleton": "2024-10-23 14:04:40 +0000",
      "creeper": "2024-10-23 14:04:40 +0000",
      "golden_ghost": "2024-10-23 14:04:40 +0000",
      "ghost": "2024-10-23 14:04:40 +0000",
      "blaze": "2024-10-23 14:04:40 +0000",
      "zombie": "2024-10-23 14:04:40 +0000",
      "ghast": "2024-10-23 14:04:40 +0000",
      "jack_o_lantern": "2024-10-23 14:04:40 +0000"
    },
    "done": false
  },
  "lobby:unlocked/villager_plains_farmer": {
    "criteria": {
      "requirement": "2024-10-23 14:54:37 +0000"
    },
    "done": true
  },
  "lobby:root": {
    "criteria": {
      "instant": "2024-10-23 14:04:40 +0000"
    },
    "done": true
  },
  "lobby:unlocked/skeleton": {
    "criteria": {
      "requirement": "2024-10-23 14:04:40 +0000"
    },
    "done": true
  },
  "lobby:unlocked/stray": {
    "criteria": {
      "requirement": "2024-10-23 17:55:36 +0000"
    },
    "done": true
  },
  "wd:minigame_play": {
    "criteria": {
      "impossible": "2024-10-23 17:56:21 +0000"
    },
    "done": true
  },
  "gm:root": {
    "criteria": {
      "instant": "2024-10-23 14:04:40 +0000"
    },
    "done": true
  },
  "bc:recipe_meltdown": {
    "criteria": {
      "impossible": "2024-10-23 17:14:07 +0000"
    },
    "done": true
  },
  "lobby:unlocked/ghast": {
    "criteria": {
      "requirement": "2024-10-23 14:04:40 +0000"
    },
    "done": true
  },
  "bc:master_brewer": {
    "criteria": {
      "p1": "2024-10-23 17:09:35 +0000",
      "p2": "2024-10-23 17:06:06 +0000",
      "p4": "2024-10-23 17:08:34 +0000",
      "p5": "2024-10-23 17:06:59 +0000",
      "p6": "2024-10-23 17:12:23 +0000",
      "p8": "2024-10-23 17:11:38 +0000"
    },
    "done": false
  },
  "wd:too_noisy": {
    "criteria": {
      "impossible": "2024-10-23 17:57:33 +0000"
    },
    "done": true
  },
  "lobby:unlocked/witch": {
    "criteria": {
      "requirement": "2024-10-23 17:05:01 +0000"
    },
    "done": true
  },
  "lobby:unlocked/horse_black": {
    "criteria": {
      "requirement": "2024-10-23 17:52:33 +0000"
    },
    "done": true
  },
  "lobby:magic_cabinets": {
    "criteria": {
      "door3": "2024-10-23 14:58:38 +0000",
      "door2": "2024-10-23 17:21:01 +0000",
      "door5": "2024-10-23 14:51:26 +0000",
      "door4": "2024-10-23 15:21:14 +0000"
    },
    "done": false
  },
  "lobby:unlocked/vex": {
    "criteria": {
      "requirement": "2024-10-23 14:54:52 +0000"
    },
    "done": true
  },
  "lobby:costume/phantom": {
    "criteria": {
      "impossible5": "2024-10-23 14:54:36 +0000",
      "impossible2": "2024-10-23 14:24:39 +0000",
      "impossible1": "2024-10-23 14:14:39 +0000",
      "impossible4": "2024-10-23 14:44:40 +0000",
      "impossible3": "2024-10-23 14:34:40 +0000"
    },
    "done": true
  },
  "lobby:move/horse_white": {
    "criteria": {
      "impossible": "2024-10-23 15:02:02 +0000"
    },
    "done": true
  },
  "sg:golden_ghost": {
    "criteria": {
      "impossible": "2024-10-23 17:03:16 +0000"
    },
    "done": true
  },
  "wd:minigame_win": {
    "criteria": {
      "impossible": "2024-10-23 17:57:35 +0000"
    },
    "done": true
  },
  "lobby:unlocked/drowned": {
    "criteria": {
      "requirement": "2024-10-23 15:12:56 +0000"
    },
    "done": true
  },
  "lobby:unlocked/bat": {
    "criteria": {
      "requirement": "2024-10-23 17:57:33 +0000"
    },
    "done": true
  },
  "sg:minigame_play": {
    "criteria": {
      "impossible": "2024-10-23 14:23:23 +0000"
    },
    "done": true
  },
  "lobby:unlocked/creeper": {
    "criteria": {
      "requirement": "2024-10-23 14:04:40 +0000"
    },
    "done": true
  },
  "lobby:creators": {
    "criteria": {
      "requirement": "2024-10-23 14:51:10 +0000"
    },
    "done": true
  },
  "lobby:costumes": {
    "criteria": {
      "requirement": "2024-10-23 14:54:37 +0000"
    },
    "done": true
  },
  "lobby:unlocked/phantom": {
    "criteria": {
      "requirement": "2024-10-23 14:54:36 +0000"
    },
    "done": true
  },
  "sg:wilhelm_tell": {
    "criteria": {
      "impossible": "2024-10-23 17:55:36 +0000"
    },
    "done": true
  },
  "sg:minigame_win": {
    "criteria": {
      "impossible": "2024-10-23 17:03:51 +0000"
    },
    "done": true
  },
  "sg:root": {
    "criteria": {
      "instant": "2024-10-23 14:04:40 +0000"
    },
    "done": true
  },
  "lobby:unlocked/horse_gray": {
    "criteria": {
      "requirement": "2024-10-23 16:57:08 +0000"
    },
    "done": true
  },
  "lobby:unlocked/illusioner": {
    "criteria": {
      "requirement": "2024-10-23 17:03:16 +0000"
    },
    "done": true
  },
  "tot:root": {
    "criteria": {
      "instant": "2024-10-23 14:04:40 +0000"
    },
    "done": true
  },
  "bc:weird_recipes": {
    "criteria": {
      "apple": "2024-10-23 17:05:14 +0000",
      "spider_eye": "2024-10-23 17:09:28 +0000",
      "frog_leg": "2024-10-23 17:05:40 +0000",
      "gold_nugget": "2024-10-23 17:05:57 +0000",
      "pumpkin_seeds": "2024-10-23 17:06:34 +0000",
      "slime_ball": "2024-10-23 17:06:55 +0000",
      "nether_wart": "2024-10-23 17:07:36 +0000",
      "gunpowder": "2024-10-23 17:05:41 +0000",
      "pumpkin": "2024-10-23 17:08:49 +0000",
      "mucus": "2024-10-23 17:05:16 +0000"
    },
    "done": true
  },
  "gm:a_new_zombie": {
    "criteria": {
      "impossible": "2024-10-23 15:12:56 +0000"
    },
    "done": true
  },
  "lobby:move/horse_brown": {
    "criteria": {
      "impossible": "2024-10-23 14:49:16 +0000"
    },
    "done": true
  },
  "pc:small_mistakes": {
    "criteria": {
      "place_filler": "2024-10-23 14:27:56 +0000"
    },
    "done": true
  },
  "gm:saved_by_the_sun": {
    "criteria": {
      "impossible": "2024-10-23 17:47:04 +0000"
    },
    "done": true
  },
  "lobby:unlocked/jack_o_lantern": {
    "criteria": {
      "requirement": "2024-10-23 14:04:40 +0000"
    },
    "done": true
  },
  "sr:root": {
    "criteria": {
      "instant": "2024-10-23 14:04:40 +0000"
    },
    "done": true
  },
  "lobby:unlocked/white_pumpkin": {
    "criteria": {
      "requirement": "2024-10-23 14:42:35 +0000"
    },
    "done": true
  },
  "tot:minigame_play": {
    "criteria": {
      "impossible": "2024-10-23 18:02:21 +0000"
    },
    "done": true
  },
  "lobby:unlocked/horse_brown": {
    "criteria": {
      "requirement": "2024-10-23 14:49:16 +0000"
    },
    "done": true
  },
  "pc:minigame_play": {
    "criteria": {
      "impossible": "2024-10-23 14:27:55 +0000"
    },
    "done": true
  },
  "lobby:lab": {
    "criteria": {
      "requirement": "2024-10-23 14:54:52 +0000"
    },
    "done": true
  },
  "bc:minigame_win": {
    "criteria": {
      "impossible": "2024-10-23 17:10:01 +0000"
    },
    "done": true
  },
  "gm:minigame_win": {
    "criteria": {
      "impossible": "2024-10-23 15:12:56 +0000"
    },
    "done": true
  },
  "sg:bad_luck_kitty": {
    "criteria": {
      "impossible": "2024-10-23 17:03:02 +0000"
    },
    "done": true
  },
  "lobby:unlocked/wither": {
    "criteria": {
      "requirement": "2024-10-23 17:21:29 +0000"
    },
    "done": true
  },
  "lobby:unlocked/blaze": {
    "criteria": {
      "requirement": "2024-10-23 14:04:40 +0000"
    },
    "done": true
  },
  "lobby:unlocked/zombie": {
    "criteria": {
      "requirement": "2024-10-23 14:04:40 +0000"
    },
    "done": true
  },
  "lobby:move/horse_gray": {
    "criteria": {
      "impossible": "2024-10-23 16:57:08 +0000"
    },
    "done": true
  },
  "gm:minigame_play": {
    "criteria": {
      "impossible": "2024-10-23 15:12:01 +0000"
    },
    "done": true
  },
  "lobby:unlocked/root_root": {
    "criteria": {
      "tick": "2024-10-23 14:04:40 +0000"
    },
    "done": true
  },
  "lobby:unlocked/headless_horseman": {
    "criteria": {
      "requirement": "2024-10-23 14:31:54 +0000"
    },
    "done": true
  },
  "lobby:unlocked/horse_white": {
    "criteria": {
      "requirement": "2024-10-23 15:02:02 +0000"
    },
    "done": true
  },
  "bc:root": {
    "criteria": {
      "instant": "2024-10-23 14:04:40 +0000"
    },
    "done": true
  },
  "pc:minigame_win": {
    "criteria": {
      "impossible": "2024-10-23 14:31:54 +0000"
    },
    "done": true
  },
  "pc:root": {
    "criteria": {
      "instant": "2024-10-23 14:04:40 +0000"
    },
    "done": true
  },
  "lobby:costume/once_per_second": {
    "criteria": {
      "impossible": "2024-10-23 14:54:36 +0000"
    },
    "done": true
  },
  "tot:tricked": {
    "criteria": {
      "impossible": "2024-10-23 18:02:58 +0000"
    },
    "done": true
  },
  "lobby:unlocked/ghost": {
    "criteria": {
      "requirement": "2024-10-23 14:04:40 +0000"
    },
    "done": true
  },
  "pc:big_mistakes": {
    "criteria": {
      "impossible": "2024-10-23 14:42:35 +0000"
    },
    "done": true
  },
  "bc:minigame_play": {
    "criteria": {
      "impossible": "2024-10-23 17:05:01 +0000"
    },
    "done": true
  },
  "DataVersion": 3120
}