{
  "wd:root": {
    "criteria": {
      "instant": "2024-10-23 15:08:29 +0000"
    },
    "done": true
  },
  "lobby:unlocked/root": {
    "criteria": {
      "skeleton": "2024-10-23 15:08:29 +0000",
      "creeper": "2024-10-23 15:08:29 +0000",
      "golden_ghost": "2024-10-23 15:08:29 +0000",
      "ghost": "2024-10-23 15:08:29 +0000",
      "blaze": "2024-10-23 15:08:29 +0000",
      "zombie": "2024-10-23 15:08:29 +0000",
      "ghast": "2024-10-23 15:08:29 +0000",
      "jack_o_lantern": "2024-10-23 15:08:29 +0000"
    },
    "done": false
  },
  "tot:root": {
    "criteria": {
      "instant": "2024-10-23 15:08:29 +0000"
    },
    "done": true
  },
  "lobby:unlocked/villager_plains_farmer": {
    "criteria": {
      "requirement": "2024-10-23 15:09:47 +0000"
    },
    "done": true
  },
  "gm:a_new_zombie": {
    "criteria": {
      "impossible": "2024-10-23 15:12:56 +0000"
    },
    "done": true
  },
  "lobby:root": {
    "criteria": {
      "instant": "2024-10-23 15:08:29 +0000"
    },
    "done": true
  },
  "lobby:unlocked/skeleton": {
    "criteria": {
      "requirement": "2024-10-23 15:08:29 +0000"
    },
    "done": true
  },
  "gm:root": {
    "criteria": {
      "instant": "2024-10-23 15:08:29 +0000"
    },
    "done": true
  },
  "lobby:move/horse_brown": {
    "criteria": {
      "impossible": "2024-10-23 15:14:23 +0000"
    },
    "done": true
  },
  "lobby:unlocked/ghast": {
    "criteria": {
      "requirement": "2024-10-23 15:08:29 +0000"
    },
    "done": true
  },
  "lobby:unlocked/jack_o_lantern": {
    "criteria": {
      "requirement": "2024-10-23 15:08:29 +0000"
    },
    "done": true
  },
  "sr:root": {
    "criteria": {
      "instant": "2024-10-23 15:08:29 +0000"
    },
    "done": true
  },
  "lobby:costume/phantom": {
    "criteria": {
      "impossible1": "2024-10-23 15:18:30 +0000"
    },
    "done": false
  },
  "lobby:unlocked/drowned": {
    "criteria": {
      "requirement": "2024-10-23 15:12:56 +0000"
    },
    "done": true
  },
  "lobby:unlocked/horse_brown": {
    "criteria": {
      "requirement": "2024-10-23 15:14:23 +0000"
    },
    "done": true
  },
  "lobby:unlocked/creeper": {
    "criteria": {
      "requirement": "2024-10-23 15:08:29 +0000"
    },
    "done": true
  },
  "gm:minigame_win": {
    "criteria": {
      "impossible": "2024-10-23 15:12:56 +0000"
    },
    "done": true
  },
  "lobby:creators": {
    "criteria": {
      "requirement": "2024-10-23 15:11:57 +0000"
    },
    "done": true
  },
  "lobby:costumes": {
    "criteria": {
      "requirement": "2024-10-23 15:09:47 +0000"
    },
    "done": true
  },
  "lobby:unlocked/blaze": {
    "criteria": {
      "requirement": "2024-10-23 15:08:29 +0000"
    },
    "done": true
  },
  "lobby:unlocked/zombie": {
    "criteria": {
      "requirement": "2024-10-23 15:08:29 +0000"
    },
    "done": true
  },
  "gm:minigame_play": {
    "criteria": {
      "impossible": "2024-10-23 15:12:01 +0000"
    },
    "done": true
  },
  "lobby:unlocked/root_root": {
    "criteria": {
      "tick": "2024-10-23 15:08:29 +0000"
    },
    "done": true
  },
  "bc:root": {
    "criteria": {
      "instant": "2024-10-23 15:08:29 +0000"
    },
    "done": true
  },
  "pc:root": {
    "criteria": {
      "instant": "2024-10-23 15:08:29 +0000"
    },
    "done": true
  },
  "sg:root": {
    "criteria": {
      "instant": "2024-10-23 15:08:29 +0000"
    },
    "done": true
  },
  "lobby:unlocked/ghost": {
    "criteria": {
      "requirement": "2024-10-23 15:08:29 +0000"
    },
    "done": true
  },
  "DataVersion": 3120
}