{
  "wd:root": {
    "criteria": {
      "instant": "2024-10-23 15:08:29 +0000"
    },
    "done": true
  },
  "lobby:unlocked/root": {
    "criteria": {
      "skeleton": "2024-10-23 15:08:29 +0000",
      "creeper": "2024-10-23 15:08:29 +0000",
      "golden_ghost": "2024-10-23 15:08:29 +0000",
      "ghost": "2024-10-23 15:08:29 +0000",
      "blaze": "2024-10-23 15:08:29 +0000",
      "zombie": "2024-10-23 15:08:29 +0000",
      "ghast": "2024-10-23 15:08:29 +0000",
      "jack_o_lantern": "2024-10-23 15:08:29 +0000"
    },
    "done": false
  },
  "tot:root": {
    "criteria": {
      "instant": "2024-10-23 15:08:29 +0000"
    },
    "done": true
  },
  "bc:weird_recipes": {
    "criteria": {
      "apple": "2024-10-23 17:07:37 +0000",
      "spider_eye": "2024-10-23 17:07:11 +0000",
      "frog_leg": "2024-10-23 17:06:42 +0000",
      "gold_nugget": "2024-10-23 17:06:27 +0000",
      "pumpkin_seeds": "2024-10-23 17:09:32 +0000",
      "slime_ball": "2024-10-23 17:06:57 +0000",
      "gunpowder": "2024-10-23 17:06:42 +0000",
      "pumpkin": "2024-10-23 17:13:34 +0000",
      "mucus": "2024-10-23 17:07:39 +0000"
    },
    "done": false
  },
  "lobby:unlocked/villager_plains_farmer": {
    "criteria": {
      "requirement": "2024-10-23 15:09:47 +0000"
    },
    "done": true
  },
  "gm:a_new_zombie": {
    "criteria": {
      "impossible": "2024-10-23 15:12:56 +0000"
    },
    "done": true
  },
  "lobby:root": {
    "criteria": {
      "instant": "2024-10-23 15:08:29 +0000"
    },
    "done": true
  },
  "lobby:unlocked/skeleton": {
    "criteria": {
      "requirement": "2024-10-23 15:08:29 +0000"
    },
    "done": true
  },
  "gm:root": {
    "criteria": {
      "instant": "2024-10-23 15:08:29 +0000"
    },
    "done": true
  },
  "lobby:move/horse_brown": {
    "criteria": {
      "impossible": "2024-10-23 15:14:23 +0000"
    },
    "done": true
  },
  "lobby:unlocked/ghast": {
    "criteria": {
      "requirement": "2024-10-23 15:08:29 +0000"
    },
    "done": true
  },
  "bc:master_brewer": {
    "criteria": {
      "p2": "2024-10-23 17:09:21 +0000"
    },
    "done": false
  },
  "lobby:unlocked/jack_o_lantern": {
    "criteria": {
      "requirement": "2024-10-23 15:08:29 +0000"
    },
    "done": true
  },
  "lobby:unlocked/witch": {
    "criteria": {
      "requirement": "2024-10-23 17:05:01 +0000"
    },
    "done": true
  },
  "sr:root": {
    "criteria": {
      "instant": "2024-10-23 15:08:29 +0000"
    },
    "done": true
  },
  "lobby:magic_cabinets": {
    "criteria": {
      "door3": "2024-10-23 17:01:12 +0000",
      "door5": "2024-10-23 16:57:08 +0000",
      "door4": "2024-10-23 16:57:17 +0000",
      "door1": "2024-10-23 16:57:30 +0000"
    },
    "done": false
  },
  "lobby:costume/phantom": {
    "criteria": {
      "impossible2": "2024-10-23 16:56:54 +0000",
      "impossible1": "2024-10-23 15:18:30 +0000",
      "impossible3": "2024-10-23 17:06:54 +0000"
    },
    "done": false
  },
  "lobby:move/horse_white": {
    "criteria": {
      "impossible": "2024-10-23 17:00:49 +0000"
    },
    "done": true
  },
  "lobby:unlocked/drowned": {
    "criteria": {
      "requirement": "2024-10-23 15:12:56 +0000"
    },
    "done": true
  },
  "lobby:unlocked/horse_brown": {
    "criteria": {
      "requirement": "2024-10-23 15:14:23 +0000"
    },
    "done": true
  },
  "sg:minigame_play": {
    "criteria": {
      "impossible": "2024-10-23 17:01:51 +0000"
    },
    "done": true
  },
  "lobby:unlocked/creeper": {
    "criteria": {
      "requirement": "2024-10-23 15:08:29 +0000"
    },
    "done": true
  },
  "gm:minigame_win": {
    "criteria": {
      "impossible": "2024-10-23 15:12:56 +0000"
    },
    "done": true
  },
  "lobby:creators": {
    "criteria": {
      "requirement": "2024-10-23 15:11:57 +0000"
    },
    "done": true
  },
  "sg:bad_luck_kitty": {
    "criteria": {
      "impossible": "2024-10-23 17:02:33 +0000"
    },
    "done": true
  },
  "lobby:costumes": {
    "criteria": {
      "requirement": "2024-10-23 15:09:47 +0000"
    },
    "done": true
  },
  "lobby:unlocked/blaze": {
    "criteria": {
      "requirement": "2024-10-23 15:08:29 +0000"
    },
    "done": true
  },
  "lobby:unlocked/zombie": {
    "criteria": {
      "requirement": "2024-10-23 15:08:29 +0000"
    },
    "done": true
  },
  "gm:minigame_play": {
    "criteria": {
      "impossible": "2024-10-23 15:12:01 +0000"
    },
    "done": true
  },
  "lobby:unlocked/root_root": {
    "criteria": {
      "tick": "2024-10-23 15:08:29 +0000"
    },
    "done": true
  },
  "lobby:unlocked/horse_white": {
    "criteria": {
      "requirement": "2024-10-23 17:00:49 +0000"
    },
    "done": true
  },
  "bc:root": {
    "criteria": {
      "instant": "2024-10-23 15:08:29 +0000"
    },
    "done": true
  },
  "pc:root": {
    "criteria": {
      "instant": "2024-10-23 15:08:29 +0000"
    },
    "done": true
  },
  "sg:root": {
    "criteria": {
      "instant": "2024-10-23 15:08:29 +0000"
    },
    "done": true
  },
  "lobby:unlocked/ghost": {
    "criteria": {
      "requirement": "2024-10-23 15:08:29 +0000"
    },
    "done": true
  },
  "bc:minigame_play": {
    "criteria": {
      "impossible": "2024-10-23 17:05:01 +0000"
    },
    "done": true
  },
  "DataVersion": 3120
}