{
  "minecraft:recipes/decorations/crafting_table": {
    "criteria": {
      "unlock_right_away": "2024-09-03 01:55:08 +0000"
    },
    "done": true
  },
  "minecraft:adventure/root": {
    "criteria": {
      "killed_by_something": "2024-09-03 01:56:43 +0000"
    },
    "done": true
  },
  "minecraft:adventure/adventuring_time": {
    "criteria": {
      "minecraft:stony_shore": "2024-09-03 01:56:58 +0000",
      "minecraft:savanna": "2024-09-03 01:55:09 +0000",
      "minecraft:plains": "2024-09-03 01:55:41 +0000"
    },
    "done": false
  },
  "DataVersion": 3953
}