{
  "wd:root": {
    "criteria": {
      "instant": "2024-10-23 14:12:53 +0000"
    },
    "done": true
  },
  "lobby:unlocked/root": {
    "criteria": {
      "skeleton": "2024-10-23 14:12:53 +0000",
      "creeper": "2024-10-23 14:12:53 +0000",
      "golden_ghost": "2024-10-23 14:12:53 +0000",
      "ghost": "2024-10-23 14:12:53 +0000",
      "blaze": "2024-10-23 14:12:53 +0000",
      "zombie": "2024-10-23 14:12:53 +0000",
      "ghast": "2024-10-23 14:12:53 +0000",
      "jack_o_lantern": "2024-10-23 14:12:53 +0000"
    },
    "done": false
  },
  "tot:root": {
    "criteria": {
      "instant": "2024-10-23 14:12:53 +0000"
    },
    "done": true
  },
  "bc:weird_recipes": {
    "criteria": {
      "apple": "2024-10-23 17:06:26 +0000",
      "spider_eye": "2024-10-23 17:08:48 +0000",
      "frog_leg": "2024-10-23 17:07:22 +0000",
      "gold_nugget": "2024-10-23 17:07:53 +0000",
      "pumpkin_seeds": "2024-10-23 17:07:27 +0000",
      "slime_ball": "2024-10-23 17:08:52 +0000",
      "nether_wart": "2024-10-23 17:11:03 +0000",
      "gunpowder": "2024-10-23 17:07:24 +0000",
      "pumpkin": "2024-10-23 17:11:59 +0000",
      "mucus": "2024-10-23 17:07:16 +0000"
    },
    "done": true
  },
  "lobby:unlocked/villager_plains_farmer": {
    "criteria": {
      "requirement": "2024-10-23 14:55:52 +0000"
    },
    "done": true
  },
  "gm:a_new_zombie": {
    "criteria": {
      "impossible": "2024-10-23 15:12:56 +0000"
    },
    "done": true
  },
  "lobby:root": {
    "criteria": {
      "instant": "2024-10-23 14:12:53 +0000"
    },
    "done": true
  },
  "lobby:unlocked/skeleton": {
    "criteria": {
      "requirement": "2024-10-23 14:12:53 +0000"
    },
    "done": true
  },
  "gm:root": {
    "criteria": {
      "instant": "2024-10-23 14:12:53 +0000"
    },
    "done": true
  },
  "lobby:move/horse_brown": {
    "criteria": {
      "impossible": "2024-10-23 14:46:18 +0000"
    },
    "done": true
  },
  "lobby:unlocked/ghast": {
    "criteria": {
      "requirement": "2024-10-23 14:12:53 +0000"
    },
    "done": true
  },
  "bc:master_brewer": {
    "criteria": {
      "p1": "2024-10-23 17:15:05 +0000",
      "p2": "2024-10-23 17:08:09 +0000",
      "p5": "2024-10-23 17:09:33 +0000",
      "p6": "2024-10-23 17:12:24 +0000",
      "p8": "2024-10-23 17:11:42 +0000"
    },
    "done": false
  },
  "pc:small_mistakes": {
    "criteria": {
      "place_filler": "2024-10-23 14:42:28 +0000"
    },
    "done": true
  },
  "lobby:unlocked/jack_o_lantern": {
    "criteria": {
      "requirement": "2024-10-23 14:12:53 +0000"
    },
    "done": true
  },
  "lobby:unlocked/witch": {
    "criteria": {
      "requirement": "2024-10-23 17:05:01 +0000"
    },
    "done": true
  },
  "sr:root": {
    "criteria": {
      "instant": "2024-10-23 14:12:53 +0000"
    },
    "done": true
  },
  "lobby:magic_cabinets": {
    "criteria": {
      "door3": "2024-10-23 14:56:09 +0000"
    },
    "done": false
  },
  "lobby:costume/phantom": {
    "criteria": {
      "impossible2": "2024-10-23 15:00:26 +0000",
      "impossible1": "2024-10-23 14:43:34 +0000",
      "impossible4": "2024-10-23 17:08:09 +0000",
      "impossible3": "2024-10-23 15:10:26 +0000"
    },
    "done": false
  },
  "lobby:move/horse_white": {
    "criteria": {
      "impossible": "2024-10-23 14:59:53 +0000"
    },
    "done": true
  },
  "lobby:unlocked/horse_brown": {
    "criteria": {
      "requirement": "2024-10-23 14:46:18 +0000"
    },
    "done": true
  },
  "lobby:unlocked/drowned": {
    "criteria": {
      "requirement": "2024-10-23 15:12:56 +0000"
    },
    "done": true
  },
  "pc:minigame_play": {
    "criteria": {
      "impossible": "2024-10-23 14:42:18 +0000"
    },
    "done": true
  },
  "sg:minigame_play": {
    "criteria": {
      "impossible": "2024-10-23 14:23:23 +0000"
    },
    "done": true
  },
  "lobby:unlocked/creeper": {
    "criteria": {
      "requirement": "2024-10-23 14:12:53 +0000"
    },
    "done": true
  },
  "gm:minigame_win": {
    "criteria": {
      "impossible": "2024-10-23 15:12:56 +0000"
    },
    "done": true
  },
  "lobby:creators": {
    "criteria": {
      "requirement": "2024-10-23 14:56:32 +0000"
    },
    "done": true
  },
  "lobby:costumes": {
    "criteria": {
      "requirement": "2024-10-23 14:55:52 +0000"
    },
    "done": true
  },
  "lobby:unlocked/blaze": {
    "criteria": {
      "requirement": "2024-10-23 14:12:53 +0000"
    },
    "done": true
  },
  "lobby:unlocked/zombie": {
    "criteria": {
      "requirement": "2024-10-23 14:12:53 +0000"
    },
    "done": true
  },
  "lobby:move/horse_gray": {
    "criteria": {
      "impossible": "2024-10-23 17:06:40 +0000"
    },
    "done": true
  },
  "gm:minigame_play": {
    "criteria": {
      "impossible": "2024-10-23 15:12:01 +0000"
    },
    "done": true
  },
  "lobby:unlocked/root_root": {
    "criteria": {
      "tick": "2024-10-23 14:12:53 +0000"
    },
    "done": true
  },
  "lobby:unlocked/headless_horseman": {
    "criteria": {
      "requirement": "2024-10-23 14:46:18 +0000"
    },
    "done": true
  },
  "lobby:unlocked/horse_white": {
    "criteria": {
      "requirement": "2024-10-23 14:59:53 +0000"
    },
    "done": true
  },
  "sg:minigame_win": {
    "criteria": {
      "impossible": "2024-10-23 14:25:22 +0000"
    },
    "done": true
  },
  "bc:root": {
    "criteria": {
      "instant": "2024-10-23 14:12:53 +0000"
    },
    "done": true
  },
  "pc:minigame_win": {
    "criteria": {
      "impossible": "2024-10-23 14:46:18 +0000"
    },
    "done": true
  },
  "pc:root": {
    "criteria": {
      "instant": "2024-10-23 14:12:53 +0000"
    },
    "done": true
  },
  "sg:root": {
    "criteria": {
      "instant": "2024-10-23 14:12:53 +0000"
    },
    "done": true
  },
  "sg:different_game": {
    "criteria": {
      "impossible": "2024-10-23 17:03:51 +0000"
    },
    "done": true
  },
  "lobby:unlocked/horse_gray": {
    "criteria": {
      "requirement": "2024-10-23 17:06:40 +0000"
    },
    "done": true
  },
  "lobby:unlocked/ghost": {
    "criteria": {
      "requirement": "2024-10-23 14:12:53 +0000"
    },
    "done": true
  },
  "bc:minigame_play": {
    "criteria": {
      "impossible": "2024-10-23 17:05:01 +0000"
    },
    "done": true
  },
  "DataVersion": 3120
}