{
  "majruszsdifficulty:game_stage_normal": {
    "criteria": {
      "is_triggered": "2024-10-11 01:59:05 +0000"
    },
    "done": true
  },
  "minecraft:recipes/decorations/crafting_table": {
    "criteria": {
      "unlock_right_away": "2024-10-11 01:59:05 +0000"
    },
    "done": true
  },
  "betterdungeons:root": {
    "criteria": {
      "always": "2024-10-11 01:59:05 +0000"
    },
    "done": true
  },
  "minecraft:adventure/adventuring_time": {
    "criteria": {
      "minecraft:forest": "2024-10-11 02:04:47 +0000",
      "minecraft:plains": "2024-10-11 01:59:06 +0000"
    },
    "done": false
  },
  "farmersdelight:main/root": {
    "criteria": {
      "seeds": "2024-10-11 02:01:16 +0000"
    },
    "done": true
  },
  "farmersdelight:recipes/cooking/dog_food": {
    "criteria": {
      "has_any_ingredient": "2024-10-11 02:10:35 +0000"
    },
    "done": true
  },
  "minecraft:recipes/transportation/cherry_boat": {
    "criteria": {
      "in_water": "2024-10-11 02:05:46 +0000"
    },
    "done": true
  },
  "minecraft:recipes/transportation/bamboo_raft": {
    "criteria": {
      "in_water": "2024-10-11 02:05:46 +0000"
    },
    "done": true
  },
  "minecraft:recipes/transportation/spruce_boat": {
    "criteria": {
      "in_water": "2024-10-11 02:05:46 +0000"
    },
    "done": true
  },
  "minecraft:husbandry/root": {
    "criteria": {
      "consumed_item": "2024-10-11 02:11:35 +0000"
    },
    "done": true
  },
  "minecraft:recipes/transportation/birch_boat": {
    "criteria": {
      "in_water": "2024-10-11 02:05:46 +0000"
    },
    "done": true
  },
  "minecraft:recipes/transportation/oak_boat": {
    "criteria": {
      "in_water": "2024-10-11 02:05:46 +0000"
    },
    "done": true
  },
  "minecraft:recipes/transportation/mangrove_boat": {
    "criteria": {
      "in_water": "2024-10-11 02:05:46 +0000"
    },
    "done": true
  },
  "majruszsdifficulty:bleeding": {
    "criteria": {
      "bleeding_applied": "2024-10-11 02:03:50 +0000"
    },
    "done": true
  },
  "minecraft:recipes/transportation/acacia_boat": {
    "criteria": {
      "in_water": "2024-10-11 02:05:46 +0000"
    },
    "done": true
  },
  "minecraft:adventure/root": {
    "criteria": {
      "killed_by_something": "2024-10-11 02:04:20 +0000"
    },
    "done": true
  },
  "farmersdelight:recipes/building_blocks/organic_compost_from_rotten_flesh": {
    "criteria": {
      "has_rotten_flesh": "2024-10-11 02:10:35 +0000"
    },
    "done": true
  },
  "minecraft:adventure/kill_a_mob": {
    "criteria": {
      "minecraft:blaze": "2024-10-11 02:08:22 +0000",
      "minecraft:pillager": "2024-10-11 02:08:22 +0000",
      "minecraft:skeleton": "2024-10-11 02:08:22 +0000",
      "minecraft:elder_guardian": "2024-10-11 02:08:22 +0000",
      "minecraft:zoglin": "2024-10-11 02:08:22 +0000",
      "minecraft:ravager": "2024-10-11 02:08:22 +0000",
      "minecraft:ghast": "2024-10-11 02:08:22 +0000",
      "minecraft:hoglin": "2024-10-11 02:08:22 +0000",
      "minecraft:guardian": "2024-10-11 02:08:22 +0000",
      "minecraft:vindicator": "2024-10-11 02:08:22 +0000",
      "minecraft:magma_cube": "2024-10-11 02:08:22 +0000",
      "minecraft:piglin_brute": "2024-10-11 02:08:22 +0000",
      "minecraft:spider": "2024-10-11 02:08:22 +0000",
      "minecraft:creeper": "2024-10-11 02:08:22 +0000",
      "minecraft:wither": "2024-10-11 02:08:22 +0000",
      "minecraft:evoker": "2024-10-11 02:08:22 +0000",
      "minecraft:slime": "2024-10-11 02:08:22 +0000",
      "minecraft:phantom": "2024-10-11 02:08:22 +0000",
      "minecraft:zombified_piglin": "2024-10-11 02:08:22 +0000",
      "minecraft:witch": "2024-10-11 02:08:22 +0000",
      "minecraft:wither_skeleton": "2024-10-11 02:08:22 +0000",
      "minecraft:husk": "2024-10-11 02:08:22 +0000",
      "minecraft:ender_dragon": "2024-10-11 02:08:22 +0000",
      "minecraft:shulker": "2024-10-11 02:08:22 +0000",
      "minecraft:cave_spider": "2024-10-11 02:08:22 +0000",
      "minecraft:piglin": "2024-10-11 02:08:22 +0000",
      "minecraft:enderman": "2024-10-11 02:08:22 +0000",
      "minecraft:silverfish": "2024-10-11 02:08:22 +0000",
      "minecraft:stray": "2024-10-11 02:08:22 +0000",
      "minecraft:endermite": "2024-10-11 02:08:22 +0000",
      "minecraft:vex": "2024-10-11 02:08:22 +0000",
      "minecraft:zombie": "2024-10-11 02:08:22 +0000",
      "minecraft:drowned": "2024-10-11 02:08:22 +0000",
      "minecraft:zombie_villager": "2024-10-11 02:08:22 +0000"
    },
    "done": true
  },
  "minecraft:husbandry/balanced_diet": {
    "criteria": {
      "rotten_flesh": "2024-10-11 02:11:35 +0000"
    },
    "done": false
  },
  "minecraft:recipes/transportation/jungle_boat": {
    "criteria": {
      "in_water": "2024-10-11 02:05:46 +0000"
    },
    "done": true
  },
  "minecraft:recipes/transportation/dark_oak_boat": {
    "criteria": {
      "in_water": "2024-10-11 02:05:46 +0000"
    },
    "done": true
  },
  "DataVersion": 3465
}