{
  "wd:root": {
    "criteria": {
      "instant": "2024-10-23 14:42:59 +0000"
    },
    "done": true
  },
  "lobby:unlocked/root": {
    "criteria": {
      "skeleton": "2024-10-23 14:42:59 +0000",
      "creeper": "2024-10-23 14:42:59 +0000",
      "golden_ghost": "2024-10-23 14:42:59 +0000",
      "ghost": "2024-10-23 14:42:59 +0000",
      "blaze": "2024-10-23 14:42:59 +0000",
      "zombie": "2024-10-23 14:42:59 +0000",
      "ghast": "2024-10-23 14:42:59 +0000",
      "jack_o_lantern": "2024-10-23 14:42:59 +0000"
    },
    "done": false
  },
  "tot:root": {
    "criteria": {
      "instant": "2024-10-23 14:42:59 +0000"
    },
    "done": true
  },
  "lobby:unlocked/villager_plains_farmer": {
    "criteria": {
      "requirement": "2024-10-23 15:06:03 +0000"
    },
    "done": true
  },
  "gm:a_new_zombie": {
    "criteria": {
      "impossible": "2024-10-23 15:12:42 +0000"
    },
    "done": true
  },
  "lobby:root": {
    "criteria": {
      "instant": "2024-10-23 14:42:59 +0000"
    },
    "done": true
  },
  "lobby:unlocked/skeleton": {
    "criteria": {
      "requirement": "2024-10-23 14:42:59 +0000"
    },
    "done": true
  },
  "lobby:move/horse_brown": {
    "criteria": {
      "impossible": "2024-10-23 15:05:25 +0000"
    },
    "done": true
  },
  "gm:root": {
    "criteria": {
      "instant": "2024-10-23 14:42:59 +0000"
    },
    "done": true
  },
  "lobby:unlocked/ghast": {
    "criteria": {
      "requirement": "2024-10-23 14:42:59 +0000"
    },
    "done": true
  },
  "pc:small_mistakes": {
    "criteria": {
      "place_filler": "2024-10-23 15:01:17 +0000"
    },
    "done": true
  },
  "lobby:unlocked/jack_o_lantern": {
    "criteria": {
      "requirement": "2024-10-23 14:42:59 +0000"
    },
    "done": true
  },
  "lobby:magic_cabinets": {
    "criteria": {
      "door5": "2024-10-23 15:00:13 +0000",
      "door4": "2024-10-23 15:05:23 +0000"
    },
    "done": false
  },
  "sr:root": {
    "criteria": {
      "instant": "2024-10-23 14:42:59 +0000"
    },
    "done": true
  },
  "lobby:unlocked/white_pumpkin": {
    "criteria": {
      "requirement": "2024-10-23 15:08:20 +0000"
    },
    "done": true
  },
  "lobby:costume/phantom": {
    "criteria": {
      "impossible2": "2024-10-23 15:02:59 +0000",
      "impossible1": "2024-10-23 14:52:59 +0000",
      "impossible3": "2024-10-23 15:12:59 +0000"
    },
    "done": false
  },
  "lobby:move/horse_white": {
    "criteria": {
      "impossible": "2024-10-23 15:11:50 +0000"
    },
    "done": true
  },
  "lobby:unlocked/horse_brown": {
    "criteria": {
      "requirement": "2024-10-23 15:05:25 +0000"
    },
    "done": true
  },
  "pc:minigame_play": {
    "criteria": {
      "impossible": "2024-10-23 15:00:59 +0000"
    },
    "done": true
  },
  "lobby:unlocked/creeper": {
    "criteria": {
      "requirement": "2024-10-23 14:42:59 +0000"
    },
    "done": true
  },
  "lobby:creators": {
    "criteria": {
      "requirement": "2024-10-23 14:56:37 +0000"
    },
    "done": true
  },
  "lobby:costumes": {
    "criteria": {
      "requirement": "2024-10-23 15:06:03 +0000"
    },
    "done": true
  },
  "lobby:unlocked/blaze": {
    "criteria": {
      "requirement": "2024-10-23 14:42:59 +0000"
    },
    "done": true
  },
  "lobby:unlocked/zombie": {
    "criteria": {
      "requirement": "2024-10-23 14:42:59 +0000"
    },
    "done": true
  },
  "gm:minigame_play": {
    "criteria": {
      "impossible": "2024-10-23 15:12:01 +0000"
    },
    "done": true
  },
  "lobby:unlocked/root_root": {
    "criteria": {
      "tick": "2024-10-23 14:42:59 +0000"
    },
    "done": true
  },
  "lobby:unlocked/horse_white": {
    "criteria": {
      "requirement": "2024-10-23 15:11:50 +0000"
    },
    "done": true
  },
  "bc:root": {
    "criteria": {
      "instant": "2024-10-23 14:42:59 +0000"
    },
    "done": true
  },
  "pc:root": {
    "criteria": {
      "instant": "2024-10-23 14:42:59 +0000"
    },
    "done": true
  },
  "sg:root": {
    "criteria": {
      "instant": "2024-10-23 14:42:59 +0000"
    },
    "done": true
  },
  "pc:big_mistakes": {
    "criteria": {
      "impossible": "2024-10-23 15:08:20 +0000"
    },
    "done": true
  },
  "lobby:unlocked/ghost": {
    "criteria": {
      "requirement": "2024-10-23 14:42:59 +0000"
    },
    "done": true
  },
  "DataVersion": 3120
}