{
  "bc:weird_recipes": {
    "criteria": {
      "apple": "2024-10-23 17:06:28 +0000",
      "spider_eye": "2024-10-23 17:05:30 +0000",
      "frog_leg": "2024-10-23 17:07:23 +0000",
      "gold_nugget": "2024-10-23 17:06:59 +0000",
      "pumpkin_seeds": "2024-10-23 17:06:43 +0000",
      "slime_ball": "2024-10-23 17:05:27 +0000",
      "nether_wart": "2024-10-23 17:07:09 +0000",
      "gunpowder": "2024-10-23 17:07:22 +0000",
      "mucus": "2024-10-23 17:07:44 +0000"
    },
    "done": false
  },
  "wd:root": {
    "criteria": {
      "instant": "2024-10-23 17:00:26 +0000"
    },
    "done": true
  },
  "lobby:unlocked/root": {
    "criteria": {
      "skeleton": "2024-10-23 17:00:26 +0000",
      "creeper": "2024-10-23 17:00:26 +0000",
      "golden_ghost": "2024-10-23 17:00:26 +0000",
      "ghost": "2024-10-23 17:00:26 +0000",
      "blaze": "2024-10-23 17:00:26 +0000",
      "zombie": "2024-10-23 17:00:26 +0000",
      "ghast": "2024-10-23 17:00:26 +0000",
      "jack_o_lantern": "2024-10-23 17:00:26 +0000"
    },
    "done": false
  },
  "tot:root": {
    "criteria": {
      "instant": "2024-10-23 17:00:26 +0000"
    },
    "done": true
  },
  "lobby:root": {
    "criteria": {
      "instant": "2024-10-23 17:00:26 +0000"
    },
    "done": true
  },
  "lobby:unlocked/skeleton": {
    "criteria": {
      "requirement": "2024-10-23 17:00:26 +0000"
    },
    "done": true
  },
  "lobby:move/horse_brown": {
    "criteria": {
      "impossible": "2024-10-23 17:08:58 +0000"
    },
    "done": true
  },
  "gm:root": {
    "criteria": {
      "instant": "2024-10-23 17:00:26 +0000"
    },
    "done": true
  },
  "bc:master_brewer": {
    "criteria": {
      "p2": "2024-10-23 17:08:11 +0000"
    },
    "done": false
  },
  "lobby:unlocked/ghast": {
    "criteria": {
      "requirement": "2024-10-23 17:00:26 +0000"
    },
    "done": true
  },
  "lobby:unlocked/jack_o_lantern": {
    "criteria": {
      "requirement": "2024-10-23 17:00:26 +0000"
    },
    "done": true
  },
  "lobby:unlocked/witch": {
    "criteria": {
      "requirement": "2024-10-23 17:05:01 +0000"
    },
    "done": true
  },
  "sr:root": {
    "criteria": {
      "instant": "2024-10-23 17:00:26 +0000"
    },
    "done": true
  },
  "lobby:costume/phantom": {
    "criteria": {
      "impossible1": "2024-10-23 17:10:26 +0000"
    },
    "done": false
  },
  "lobby:unlocked/horse_brown": {
    "criteria": {
      "requirement": "2024-10-23 17:08:58 +0000"
    },
    "done": true
  },
  "sg:minigame_play": {
    "criteria": {
      "impossible": "2024-10-23 17:01:51 +0000"
    },
    "done": true
  },
  "lobby:unlocked/creeper": {
    "criteria": {
      "requirement": "2024-10-23 17:00:26 +0000"
    },
    "done": true
  },
  "lobby:creators": {
    "criteria": {
      "requirement": "2024-10-23 17:01:01 +0000"
    },
    "done": true
  },
  "lobby:unlocked/blaze": {
    "criteria": {
      "requirement": "2024-10-23 17:00:26 +0000"
    },
    "done": true
  },
  "lobby:unlocked/zombie": {
    "criteria": {
      "requirement": "2024-10-23 17:00:26 +0000"
    },
    "done": true
  },
  "lobby:unlocked/root_root": {
    "criteria": {
      "tick": "2024-10-23 17:00:26 +0000"
    },
    "done": true
  },
  "bc:root": {
    "criteria": {
      "instant": "2024-10-23 17:00:26 +0000"
    },
    "done": true
  },
  "pc:root": {
    "criteria": {
      "instant": "2024-10-23 17:00:26 +0000"
    },
    "done": true
  },
  "sg:root": {
    "criteria": {
      "instant": "2024-10-23 17:00:26 +0000"
    },
    "done": true
  },
  "bc:minigame_play": {
    "criteria": {
      "impossible": "2024-10-23 17:05:01 +0000"
    },
    "done": true
  },
  "lobby:unlocked/ghost": {
    "criteria": {
      "requirement": "2024-10-23 17:00:26 +0000"
    },
    "done": true
  },
  "DataVersion": 3120
}